Region Code,Provider Code,Provider Name,Total number of incomplete pathways,Average (median) waiting time (in weeks),Month
Y56,R1H,BARTS HEALTH NHS TRUST,122329,15.5893845089903,April-2024
Y56,R1K,LONDON NORTH WEST UNIVERSITY HEALTHCARE NHS TRUST,103030,18.6511500547645,April-2024
Y56,RAL,ROYAL FREE LONDON NHS FOUNDATION TRUST,105194,14.1097514340344,April-2024
Y56,RAN,ROYAL NATIONAL ORTHOPAEDIC HOSPITAL NHS TRUST,8267,11.1839285714286,April-2024
Y56,RAP,NORTH MIDDLESEX UNIVERSITY HOSPITAL NHS TRUST,24222,10.4871495327103,April-2024
Y56,RAS,THE HILLINGDON HOSPITALS NHS FOUNDATION TRUST,29070,16.314696485623,April-2024
Y56,RAX,KINGSTON HOSPITAL NHS FOUNDATION TRUST,39294,13.1851265822785,April-2024
Y56,RF4,"BARKING, HAVERING AND REDBRIDGE UNIVERSITY HOSPITALS NHS TRUST",66352,12.8612745098039,April-2024
Y56,RJ1,GUY'S AND ST THOMAS' NHS FOUNDATION TRUST,140683,14.9248409331919,April-2024
Y56,RJ2,LEWISHAM AND GREENWICH NHS TRUST,69580,14.4157660521297,April-2024
Y56,RJ6,CROYDON HEALTH SERVICES NHS TRUST,33894,9.83052276559865,April-2024
Y56,RJ7,ST GEORGE'S UNIVERSITY HOSPITALS NHS FOUNDATION TRUST,63151,11.492384578772,April-2024
Y56,RJZ,KING'S COLLEGE HOSPITAL NHS FOUNDATION TRUST,103311,14.4458477508651,April-2024
Y56,RKE,WHITTINGTON HEALTH NHS TRUST,19812,10.7792207792208,April-2024
Y56,RKL,WEST LONDON NHS TRUST,2124,5.78145695364238,April-2024
Y56,RP4,GREAT ORMOND STREET HOSPITAL FOR CHILDREN NHS FOUNDATION TRUST,8003,11.0923344947735,April-2024
Y56,RP6,MOORFIELDS EYE HOSPITAL NHS FOUNDATION TRUST,35674,7.47004830917874,April-2024
Y56,RPG,OXLEAS NHS FOUNDATION TRUST,2205,12.3979591836735,April-2024
Y56,RPY,THE ROYAL MARSDEN NHS FOUNDATION TRUST,1887,4.05,April-2024
Y56,RQM,CHELSEA AND WESTMINSTER HOSPITAL NHS FOUNDATION TRUST,60781,12.6744125326371,April-2024
Y56,RQX,HOMERTON HEALTHCARE NHS FOUNDATION TRUST,32834,10.1159817351598,April-2024
Y56,RRV,UNIVERSITY COLLEGE LONDON HOSPITALS NHS FOUNDATION TRUST,72281,13.6410665451231,April-2024
Y56,RV3,CENTRAL AND NORTH WEST LONDON NHS FOUNDATION TRUST,1616,12.6888888888889,April-2024
Y56,RVR,EPSOM AND ST HELIER UNIVERSITY HOSPITALS NHS TRUST,50067,11.3659315147998,April-2024
Y56,RYJ,IMPERIAL COLLEGE HEALTHCARE NHS TRUST,99803,14.5275721687639,April-2024
Y58,R0D,UNIVERSITY HOSPITALS DORSET NHS FOUNDATION TRUST,69988,12.8756756756757,April-2024
Y58,RA7,UNIVERSITY HOSPITALS BRISTOL AND WESTON NHS FOUNDATION TRUST,60569,13.5687250996016,April-2024
Y58,RA9,TORBAY AND SOUTH DEVON NHS FOUNDATION TRUST,33560,12.3165644171779,April-2024
Y58,RBD,DORSET COUNTY HOSPITAL NHS FOUNDATION TRUST,21837,16.578125,April-2024
Y58,RD1,ROYAL UNITED HOSPITALS BATH NHS FOUNDATION TRUST,34894,11.6075174825175,April-2024
Y58,REF,ROYAL CORNWALL HOSPITALS NHS TRUST,43266,11.0334928229665,April-2024
Y58,RH5,SOMERSET NHS FOUNDATION TRUST,54598,11.2827455919395,April-2024
Y58,RH8,ROYAL DEVON UNIVERSITY HEALTHCARE NHS FOUNDATION TRUST,74789,14.7816657027183,April-2024
Y58,RJ8,CORNWALL PARTNERSHIP NHS FOUNDATION TRUST,905,8.775,April-2024
Y58,RK9,UNIVERSITY HOSPITALS PLYMOUTH NHS TRUST,47535,13.7678861788618,April-2024
Y58,RN3,GREAT WESTERN HOSPITALS NHS FOUNDATION TRUST,39644,15.8670157068063,April-2024
Y58,RNZ,SALISBURY NHS FOUNDATION TRUST,28034,15.6675392670157,April-2024
Y58,RTE,GLOUCESTERSHIRE HOSPITALS NHS FOUNDATION TRUST,73938,11.5282805429864,April-2024
Y58,RVJ,NORTH BRISTOL NHS TRUST,46441,12.8436772692009,April-2024
Y59,R1C,SOLENT NHS TRUST,215,2.70833333333333,April-2024
Y59,R1F,ISLE OF WIGHT NHS TRUST,15538,15.6181818181818,April-2024
Y59,RA2,ROYAL SURREY COUNTY HOSPITAL NHS FOUNDATION TRUST,41031,15.2319630872483,April-2024
Y59,RDR,SUSSEX COMMUNITY NHS FOUNDATION TRUST,5546,10.8721804511278,April-2024
Y59,RDU,FRIMLEY HEALTH NHS FOUNDATION TRUST,83708,19.3869193154034,April-2024
Y59,RHM,UNIVERSITY HOSPITAL SOUTHAMPTON NHS FOUNDATION TRUST,59481,12.2645331767469,April-2024
Y59,RHU,PORTSMOUTH HOSPITALS UNIVERSITY NATIONAL HEALTH SERVICE TRUST,61087,15.2675438596491,April-2024
Y59,RHW,ROYAL BERKSHIRE NHS FOUNDATION TRUST,32624,8.62718446601942,April-2024
Y59,RN5,HAMPSHIRE HOSPITALS NHS FOUNDATION TRUST,52553,14.4574704142012,April-2024
Y59,RN7,DARTFORD AND GRAVESHAM NHS TRUST,29099,10.6303441084463,April-2024
Y59,RPA,MEDWAY NHS FOUNDATION TRUST,44120,16.803707742639,April-2024
Y59,RPC,QUEEN VICTORIA HOSPITAL NHS FOUNDATION TRUST,17953,13.4275,April-2024
Y59,RTH,OXFORD UNIVERSITY HOSPITALS NHS FOUNDATION TRUST,83198,14.1177254553532,April-2024
Y59,RTK,ASHFORD AND ST PETER'S HOSPITALS NHS FOUNDATION TRUST,56854,14.1146844660194,April-2024
Y59,RTP,SURREY AND SUSSEX HEALTHCARE NHS TRUST,47443,14.2093321917808,April-2024
Y59,RVV,EAST KENT HOSPITALS UNIVERSITY NHS FOUNDATION TRUST,86880,16.7339077546883,April-2024
Y59,RW1,SOUTHERN HEALTH NHS FOUNDATION TRUST,3838,5.91186440677966,April-2024
Y59,RWF,MAIDSTONE AND TUNBRIDGE WELLS NHS TRUST,43369,9.6295590636908,April-2024
Y59,RWX,BERKSHIRE HEALTHCARE NHS FOUNDATION TRUST,254,6.34782608695652,April-2024
Y59,RXC,EAST SUSSEX HEALTHCARE NHS TRUST,53634,14.8211497515969,April-2024
Y59,RXQ,BUCKINGHAMSHIRE HEALTHCARE NHS TRUST,52051,15.9820473644003,April-2024
Y59,RYR,UNIVERSITY HOSPITALS SUSSEX NHS FOUNDATION TRUST,142907,21.9165164082221,April-2024
Y59,RYY,KENT COMMUNITY HEALTH NHS FOUNDATION TRUST,3384,6.00431034482759,April-2024
Y60,R1A,HEREFORDSHIRE AND WORCESTERSHIRE HEALTH AND CARE NHS TRUST,53,3.375,April-2024
Y60,R1D,SHROPSHIRE COMMUNITY HEALTH NHS TRUST,12549,17.9004854368932,April-2024
Y60,RBK,WALSALL HEALTHCARE NHS TRUST,30280,11.9723502304147,April-2024
Y60,RFS,CHESTERFIELD ROYAL HOSPITAL NHS FOUNDATION TRUST,28450,15.6852713178295,April-2024
Y60,RJC,SOUTH WARWICKSHIRE UNIVERSITY NHS FOUNDATION TRUST,33530,13.167714884696,April-2024
Y60,RJE,UNIVERSITY HOSPITALS OF NORTH MIDLANDS NHS TRUST,78984,16.1163251817581,April-2024
Y60,RK5,SHERWOOD FOREST HOSPITALS NHS FOUNDATION TRUST,36579,13.5575726141079,April-2024
Y60,RKB,UNIVERSITY HOSPITALS COVENTRY AND WARWICKSHIRE NHS TRUST,68129,16.548225308642,April-2024
Y60,RL1,THE ROBERT JONES AND AGNES HUNT ORTHOPAEDIC HOSPITAL NHS FOUNDATION TRUST,15574,19.3771929824561,April-2024
Y60,RL4,THE ROYAL WOLVERHAMPTON NHS TRUST,90661,16.6183808553971,April-2024
Y60,RLQ,WYE VALLEY NHS TRUST,23790,15.3517495395948,April-2024
Y60,RLT,GEORGE ELIOT HOSPITAL NHS TRUST,16310,13.8131868131868,April-2024
Y60,RNA,THE DUDLEY GROUP NHS FOUNDATION TRUST,49153,14.1704453441296,April-2024
Y60,RNQ,KETTERING GENERAL HOSPITAL NHS FOUNDATION TRUST,27630,12.9442970822281,April-2024
Y60,RNS,NORTHAMPTON GENERAL HOSPITAL NHS TRUST,42349,11.9735429447853,April-2024
Y60,RP7,LINCOLNSHIRE PARTNERSHIP NHS FOUNDATION TRUST,150,9.6,April-2024
Y60,RQ3,BIRMINGHAM WOMEN'S AND CHILDREN'S NHS FOUNDATION TRUST,26664,12.9607843137255,April-2024
Y60,RRE,MIDLANDS PARTNERSHIP NHS FOUNDATION TRUST,7059,2.94416498993964,April-2024
Y60,RRJ,THE ROYAL ORTHOPAEDIC HOSPITAL NHS FOUNDATION TRUST,15750,18.5395683453237,April-2024
Y60,RRK,UNIVERSITY HOSPITALS BIRMINGHAM NHS FOUNDATION TRUST,127856,18.5638082376772,April-2024
Y60,RTG,UNIVERSITY HOSPITALS OF DERBY AND BURTON NHS FOUNDATION TRUST,107129,15.9399836132732,April-2024
Y60,RWD,UNITED LINCOLNSHIRE HOSPITALS NHS TRUST,70343,17.3881118881119,April-2024
Y60,RWE,UNIVERSITY HOSPITALS OF LEICESTER NHS TRUST,111482,14.1828358208955,April-2024
Y60,RWP,WORCESTERSHIRE ACUTE HOSPITALS NHS TRUST,61617,15.2055214723926,April-2024
Y60,RX1,NOTTINGHAM UNIVERSITY HOSPITALS NHS TRUST,85991,14.9486137667304,April-2024
Y60,RXK,SANDWELL AND WEST BIRMINGHAM HOSPITALS NHS TRUST,75367,16.9256075874333,April-2024
Y60,RXW,THE SHREWSBURY AND TELFORD HOSPITAL NHS TRUST,41406,17.5053272450533,April-2024
Y60,RYW,BIRMINGHAM COMMUNITY HEALTHCARE NHS FOUNDATION TRUST,16194,12.5245901639344,April-2024
Y61,R1L,ESSEX PARTNERSHIP UNIVERSITY NHS FOUNDATION TRUST,1051,9.37234042553191,April-2024
Y61,RAJ,MID AND SOUTH ESSEX NHS FOUNDATION TRUST,164302,16.5311111111111,April-2024
Y61,RC9,BEDFORDSHIRE HOSPITALS NHS FOUNDATION TRUST,100556,16.4440135724673,April-2024
Y61,RCX,"THE QUEEN ELIZABETH HOSPITAL, KING'S LYNN, NHS FOUNDATION TRUST",26372,13.8078381795196,April-2024
Y61,RD8,MILTON KEYNES UNIVERSITY HOSPITAL NHS FOUNDATION TRUST,36933,24.4960317460317,April-2024
Y61,RDE,EAST SUFFOLK AND NORTH ESSEX NHS FOUNDATION TRUST,85830,14.3190075321223,April-2024
Y61,RGM,ROYAL PAPWORTH HOSPITAL NHS FOUNDATION TRUST,6932,12.1086142322097,April-2024
Y61,RGN,NORTH WEST ANGLIA NHS FOUNDATION TRUST,82735,17.4253424657534,April-2024
Y61,RGP,JAMES PAGET UNIVERSITY HOSPITALS NHS FOUNDATION TRUST,31668,20.4136690647482,April-2024
Y61,RGR,WEST SUFFOLK NHS FOUNDATION TRUST,34787,14.5222646310433,April-2024
Y61,RGT,CAMBRIDGE UNIVERSITY HOSPITALS NHS FOUNDATION TRUST,63044,13.6221419975933,April-2024
Y61,RM1,NORFOLK AND NORWICH UNIVERSITY HOSPITALS NHS FOUNDATION TRUST,85262,16.7116486314449,April-2024
Y61,RQW,THE PRINCESS ALEXANDRA HOSPITAL NHS TRUST,27687,17.0640326975477,April-2024
Y61,RT1,CAMBRIDGESHIRE AND PETERBOROUGH NHS FOUNDATION TRUST,352,19.4615384615385,April-2024
Y61,RWG,WEST HERTFORDSHIRE TEACHING HOSPITALS NHS TRUST,57466,16.1104651162791,April-2024
Y61,RWH,EAST AND NORTH HERTFORDSHIRE NHS TRUST,57060,13.5501955671447,April-2024
Y62,R0A,MANCHESTER UNIVERSITY NHS FOUNDATION TRUST,188827,19.2112162162162,April-2024
Y62,RBL,WIRRAL UNIVERSITY TEACHING HOSPITAL NHS FOUNDATION TRUST,44384,13.3476430976431,April-2024
Y62,RBN,MERSEY AND WEST LANCASHIRE TEACHING HOSPITALS NHS TRUST,80569,12.555487053021,April-2024
Y62,RBQ,LIVERPOOL HEART AND CHEST HOSPITAL NHS FOUNDATION TRUST,5123,9.45384615384615,April-2024
Y62,RBS,ALDER HEY CHILDREN'S NHS FOUNDATION TRUST,23481,15.5067365269461,April-2024
Y62,RBT,MID CHESHIRE HOSPITALS NHS FOUNDATION TRUST,38521,14.8158783783784,April-2024
Y62,RBV,THE CHRISTIE NHS FOUNDATION TRUST,2393,3.76086956521739,April-2024
Y62,REM,LIVERPOOL UNIVERSITY HOSPITALS NHS FOUNDATION TRUST,75808,15.946021146355,April-2024
Y62,REN,THE CLATTERBRIDGE CANCER CENTRE NHS FOUNDATION TRUST,1214,5.7984496124031,April-2024
Y62,REP,LIVERPOOL WOMEN'S NHS FOUNDATION TRUST,18007,20.7395543175487,April-2024
Y62,RET,THE WALTON CENTRE NHS FOUNDATION TRUST,16766,14.6875,April-2024
Y62,RJN,EAST CHESHIRE NHS TRUST,12672,13.3783783783784,April-2024
Y62,RJR,COUNTESS OF CHESTER HOSPITAL NHS FOUNDATION TRUST,30353,16.7818352059925,April-2024
Y62,RM3,NORTHERN CARE ALLIANCE NHS FOUNDATION TRUST,145455,16.1950639853748,April-2024
Y62,RMC,BOLTON NHS FOUNDATION TRUST,44307,18.2795275590551,April-2024
Y62,RMP,TAMESIDE AND GLOSSOP INTEGRATED CARE NHS FOUNDATION TRUST,21192,12.946117274168,April-2024
Y62,RRF,"WRIGHTINGTON, WIGAN AND LEIGH NHS FOUNDATION TRUST",54550,14.5773857257418,April-2024
Y62,RTX,UNIVERSITY HOSPITALS OF MORECAMBE BAY NHS FOUNDATION TRUST,32403,9.89319248826291,April-2024
Y62,RW4,MERSEY CARE NHS FOUNDATION TRUST,43,1.35714285714286,April-2024
Y62,RW5,LANCASHIRE & SOUTH CUMBRIA NHS FOUNDATION TRUST,1166,3.07692307692308,April-2024
Y62,RWJ,STOCKPORT NHS FOUNDATION TRUST,38536,17.2254196642686,April-2024
Y62,RWW,WARRINGTON AND HALTON TEACHING HOSPITALS NHS FOUNDATION TRUST,36222,13.9565656565657,April-2024
Y62,RXL,BLACKPOOL TEACHING HOSPITALS NHS FOUNDATION TRUST,34120,14.8311057108141,April-2024
Y62,RXN,LANCASHIRE TEACHING HOSPITALS NHS FOUNDATION TRUST,59024,15.4225534672715,April-2024
Y62,RXR,EAST LANCASHIRE HOSPITALS NHS TRUST,72840,16.8955007256894,April-2024
Y63,R0B,SOUTH TYNESIDE AND SUNDERLAND NHS FOUNDATION TRUST,60976,9.896309314587,April-2024
Y63,RAE,BRADFORD TEACHING HOSPITALS NHS FOUNDATION TRUST,35476,12.1543560606061,April-2024
Y63,RCB,YORK AND SCARBOROUGH TEACHING HOSPITALS NHS FOUNDATION TRUST,45556,16.1362559241706,April-2024
Y63,RCD,HARROGATE AND DISTRICT NHS FOUNDATION TRUST,22758,11.1656804733728,April-2024
Y63,RCF,AIREDALE NHS FOUNDATION TRUST,15118,12.1147186147186,April-2024
Y63,RCU,SHEFFIELD CHILDREN'S NHS FOUNDATION TRUST,13558,11.9238845144357,April-2024
Y63,RFF,BARNSLEY HOSPITAL NHS FOUNDATION TRUST,22137,10.0982849604222,April-2024
Y63,RFR,THE ROTHERHAM NHS FOUNDATION TRUST,31172,13.512082853855,April-2024
Y63,RHQ,SHEFFIELD TEACHING HOSPITALS NHS FOUNDATION TRUST,93935,12.4665017129806,April-2024
Y63,RJL,NORTHERN LINCOLNSHIRE AND GOOLE NHS FOUNDATION TRUST,46541,13.4523110785033,April-2024
Y63,RNN,NORTH CUMBRIA INTEGRATED CARE NHS FOUNDATION TRUST,40156,14.1884200196271,April-2024
Y63,RP5,DONCASTER AND BASSETLAW TEACHING HOSPITALS NHS FOUNDATION TRUST,55372,13.1526418786693,April-2024
Y63,RR7,GATESHEAD HEALTH NHS FOUNDATION TRUST,11788,10.2248803827751,April-2024
Y63,RR8,LEEDS TEACHING HOSPITALS NHS TRUST,91016,11.7878086419753,April-2024
Y63,RTD,THE NEWCASTLE UPON TYNE HOSPITALS NHS FOUNDATION TRUST,99972,10.9301246738185,April-2024
Y63,RTF,NORTHUMBRIA HEALTHCARE NHS FOUNDATION TRUST,34378,10.0971579643093,April-2024
Y63,RTR,SOUTH TEES HOSPITALS NHS FOUNDATION TRUST,54896,12.794298490777,April-2024
Y63,RVW,NORTH TEES AND HARTLEPOOL NHS FOUNDATION TRUST,20695,9.75991792065664,April-2024
Y63,RWA,HULL UNIVERSITY TEACHING HOSPITALS NHS TRUST,74980,13.4025316455696,April-2024
Y63,RWY,CALDERDALE AND HUDDERSFIELD NHS FOUNDATION TRUST,35271,9.83475479744136,April-2024
Y63,RX4,"CUMBRIA, NORTHUMBERLAND, TYNE AND WEAR NHS FOUNDATION TRUST",210,5.56,April-2024
Y63,RXF,MID YORKSHIRE TEACHING NHS TRUST,54485,13.505081300813,April-2024
Y63,RXG,SOUTH WEST YORKSHIRE PARTNERSHIP NHS FOUNDATION TRUST,2752,3.05913978494624,April-2024
Y63,RXP,COUNTY DURHAM AND DARLINGTON NHS FOUNDATION TRUST,42401,11.6554347826087,April-2024
Y63,RY6,LEEDS COMMUNITY HEALTHCARE NHS TRUST,112,41.6363636363636,April-2024
Y63,TAD,BRADFORD DISTRICT CARE NHS FOUNDATION TRUST,433,14.25,April-2024
Y56,R1H,BARTS HEALTH NHS TRUST,122701,15.9798464491363,May-2024
Y56,R1K,LONDON NORTH WEST UNIVERSITY HEALTHCARE NHS TRUST,103955,18.4148587801883,May-2024
Y56,RAL,ROYAL FREE LONDON NHS FOUNDATION TRUST,107332,14.5366287339972,May-2024
Y56,RAN,ROYAL NATIONAL ORTHOPAEDIC HOSPITAL NHS TRUST,8054,11.6555555555556,May-2024
Y56,RAP,NORTH MIDDLESEX UNIVERSITY HOSPITAL NHS TRUST,24616,10.849938499385,May-2024
Y56,RAS,THE HILLINGDON HOSPITALS NHS FOUNDATION TRUST,29502,16.609080841639,May-2024
Y56,RAX,KINGSTON HOSPITAL NHS FOUNDATION TRUST,40525,13.2927461139896,May-2024
Y56,RF4,"BARKING, HAVERING AND REDBRIDGE UNIVERSITY HOSPITALS NHS TRUST",66261,13.1900100401606,May-2024
Y56,RJ1,GUY'S AND ST THOMAS' NHS FOUNDATION TRUST,138379,15.3228818283166,May-2024
Y56,RJ2,LEWISHAM AND GREENWICH NHS TRUST,68341,15.0983870967742,May-2024
Y56,RJ6,CROYDON HEALTH SERVICES NHS TRUST,34952,10.4690026954178,May-2024
Y56,RJ7,ST GEORGE'S UNIVERSITY HOSPITALS NHS FOUNDATION TRUST,64078,11.7808219178082,May-2024
Y56,RJZ,KING'S COLLEGE HOSPITAL NHS FOUNDATION TRUST,100039,14.6427323549965,May-2024
Y56,RKE,WHITTINGTON HEALTH NHS TRUST,19065,10.9763458401305,May-2024
Y56,RKL,WEST LONDON NHS TRUST,2056,5.28484848484849,May-2024
Y56,RP4,GREAT ORMOND STREET HOSPITAL FOR CHILDREN NHS FOUNDATION TRUST,8219,11.2474747474747,May-2024
Y56,RP6,MOORFIELDS EYE HOSPITAL NHS FOUNDATION TRUST,35682,7.64821917808219,May-2024
Y56,RPG,OXLEAS NHS FOUNDATION TRUST,2182,13.3606557377049,May-2024
Y56,RPY,THE ROYAL MARSDEN NHS FOUNDATION TRUST,1970,4.44615384615385,May-2024
Y56,RQM,CHELSEA AND WESTMINSTER HOSPITAL NHS FOUNDATION TRUST,61540,12.8522044088176,May-2024
Y56,RQX,HOMERTON HEALTHCARE NHS FOUNDATION TRUST,33866,10.3736434108527,May-2024
Y56,RRV,UNIVERSITY COLLEGE LONDON HOSPITALS NHS FOUNDATION TRUST,73486,13.9567669172932,May-2024
Y56,RV3,CENTRAL AND NORTH WEST LONDON NHS FOUNDATION TRUST,1756,13.3636363636364,May-2024
Y56,RVR,EPSOM AND ST HELIER UNIVERSITY HOSPITALS NHS TRUST,49728,11.7925,May-2024
Y56,RYJ,IMPERIAL COLLEGE HEALTHCARE NHS TRUST,98359,14.7937452033768,May-2024
Y58,R0D,UNIVERSITY HOSPITALS DORSET NHS FOUNDATION TRUST,68317,13.5321978534764,May-2024
Y58,RA7,UNIVERSITY HOSPITALS BRISTOL AND WESTON NHS FOUNDATION TRUST,59321,14.1330338631652,May-2024
Y58,RA9,TORBAY AND SOUTH DEVON NHS FOUNDATION TRUST,34263,12.609102244389,May-2024
Y58,RBD,DORSET COUNTY HOSPITAL NHS FOUNDATION TRUST,22180,16.9311740890688,May-2024
Y58,RD1,ROYAL UNITED HOSPITALS BATH NHS FOUNDATION TRUST,36176,11.5547675334909,May-2024
Y58,REF,ROYAL CORNWALL HOSPITALS NHS TRUST,43563,11.0575896262395,May-2024
Y58,RH5,SOMERSET NHS FOUNDATION TRUST,54987,11.4965457685665,May-2024
Y58,RH8,ROYAL DEVON UNIVERSITY HEALTHCARE NHS FOUNDATION TRUST,75145,15.1131674757282,May-2024
Y58,RJ8,CORNWALL PARTNERSHIP NHS FOUNDATION TRUST,955,10.40625,May-2024
Y58,RK9,UNIVERSITY HOSPITALS PLYMOUTH NHS TRUST,48016,13.7551202137133,May-2024
Y58,RN3,GREAT WESTERN HOSPITALS NHS FOUNDATION TRUST,40756,16.3342036553525,May-2024
Y58,RNZ,SALISBURY NHS FOUNDATION TRUST,27410,16.1395631067961,May-2024
Y58,RTE,GLOUCESTERSHIRE HOSPITALS NHS FOUNDATION TRUST,69802,12.0389705882353,May-2024
Y58,RVJ,NORTH BRISTOL NHS TRUST,46740,13.2260334212841,May-2024
Y59,R1C,SOLENT NHS TRUST,197,3.20833333333333,May-2024
Y59,R1F,ISLE OF WIGHT NHS TRUST,13496,17.0540540540541,May-2024
Y59,RA2,ROYAL SURREY COUNTY HOSPITAL NHS FOUNDATION TRUST,39980,15.3443579766537,May-2024
Y59,RDR,SUSSEX COMMUNITY NHS FOUNDATION TRUST,5547,11.0230263157895,May-2024
Y59,RDU,FRIMLEY HEALTH NHS FOUNDATION TRUST,85306,18.3881856540084,May-2024
Y59,RHM,UNIVERSITY HOSPITAL SOUTHAMPTON NHS FOUNDATION TRUST,59805,12.4175560298826,May-2024
Y59,RHU,PORTSMOUTH HOSPITALS UNIVERSITY NATIONAL HEALTH SERVICE TRUST,62545,15.6489273927393,May-2024
Y59,RHW,ROYAL BERKSHIRE NHS FOUNDATION TRUST,32790,9.29325014180374,May-2024
Y59,RN5,HAMPSHIRE HOSPITALS NHS FOUNDATION TRUST,52793,14.6585850556439,May-2024
Y59,RN7,DARTFORD AND GRAVESHAM NHS TRUST,29769,11.2103340292276,May-2024
Y59,RPA,MEDWAY NHS FOUNDATION TRUST,43831,17.0627682403433,May-2024
Y59,RPC,QUEEN VICTORIA HOSPITAL NHS FOUNDATION TRUST,18496,13.5378548895899,May-2024
Y59,RTH,OXFORD UNIVERSITY HOSPITALS NHS FOUNDATION TRUST,82986,14.619375573921,May-2024
Y59,RTK,ASHFORD AND ST PETER'S HOSPITALS NHS FOUNDATION TRUST,56544,14.1686429512516,May-2024
Y59,RTP,SURREY AND SUSSEX HEALTHCARE NHS TRUST,47801,14.2880200860832,May-2024
Y59,RVV,EAST KENT HOSPITALS UNIVERSITY NHS FOUNDATION TRUST,87486,17.1120331950207,May-2024
Y59,RW1,SOUTHERN HEALTH NHS FOUNDATION TRUST,3921,6.08039215686274,May-2024
Y59,RWF,MAIDSTONE AND TUNBRIDGE WELLS NHS TRUST,44168,9.97435897435897,May-2024
Y59,RWX,BERKSHIRE HEALTHCARE NHS FOUNDATION TRUST,299,5.26,May-2024
Y59,RXC,EAST SUSSEX HEALTHCARE NHS TRUST,53921,15.0950272479564,May-2024
Y59,RXQ,BUCKINGHAMSHIRE HEALTHCARE NHS TRUST,51631,16.2545787545788,May-2024
Y59,RYR,UNIVERSITY HOSPITALS SUSSEX NHS FOUNDATION TRUST,141506,20.799463190184,May-2024
Y59,RYY,KENT COMMUNITY HEALTH NHS FOUNDATION TRUST,3232,4.97590361445783,May-2024
Y60,R1A,HEREFORDSHIRE AND WORCESTERSHIRE HEALTH AND CARE NHS TRUST,65,5.09375,May-2024
Y60,R1D,SHROPSHIRE COMMUNITY HEALTH NHS TRUST,13238,16.3888888888889,May-2024
Y60,RBK,WALSALL HEALTHCARE NHS TRUST,30418,12.1485714285714,May-2024
Y60,RFS,CHESTERFIELD ROYAL HOSPITAL NHS FOUNDATION TRUST,28706,16.3408450704225,May-2024
Y60,RJC,SOUTH WARWICKSHIRE UNIVERSITY NHS FOUNDATION TRUST,33931,13.3194716242661,May-2024
Y60,RJE,UNIVERSITY HOSPITALS OF NORTH MIDLANDS NHS TRUST,79342,16.2579210672596,May-2024
Y60,RK5,SHERWOOD FOREST HOSPITALS NHS FOUNDATION TRUST,35856,13.5660749506903,May-2024
Y60,RKB,UNIVERSITY HOSPITALS COVENTRY AND WARWICKSHIRE NHS TRUST,69431,16.2692080378251,May-2024
Y60,RL1,THE ROBERT JONES AND AGNES HUNT ORTHOPAEDIC HOSPITAL NHS FOUNDATION TRUST,15810,18.5412844036697,May-2024
Y60,RL4,THE ROYAL WOLVERHAMPTON NHS TRUST,92357,16.8268608414239,May-2024
Y60,RLQ,WYE VALLEY NHS TRUST,24176,15.2829076620825,May-2024
Y60,RLT,GEORGE ELIOT HOSPITAL NHS TRUST,15994,14.3607594936709,May-2024
Y60,RNA,THE DUDLEY GROUP NHS FOUNDATION TRUST,48375,14.2931330472103,May-2024
Y60,RNQ,KETTERING GENERAL HOSPITAL NHS FOUNDATION TRUST,27804,13.0260115606936,May-2024
Y60,RNS,NORTHAMPTON GENERAL HOSPITAL NHS TRUST,42856,11.9662205226259,May-2024
Y60,RP7,LINCOLNSHIRE PARTNERSHIP NHS FOUNDATION TRUST,134,10.625,May-2024
Y60,RQ3,BIRMINGHAM WOMEN'S AND CHILDREN'S NHS FOUNDATION TRUST,26872,13.4110429447853,May-2024
Y60,RRE,MIDLANDS PARTNERSHIP NHS FOUNDATION TRUST,6155,3.26733780760626,May-2024
Y60,RRJ,THE ROYAL ORTHOPAEDIC HOSPITAL NHS FOUNDATION TRUST,15731,17.6277472527473,May-2024
Y60,RRK,UNIVERSITY HOSPITALS BIRMINGHAM NHS FOUNDATION TRUST,129574,17.9491111885674,May-2024
Y60,RTG,UNIVERSITY HOSPITALS OF DERBY AND BURTON NHS FOUNDATION TRUST,106758,16.0907680372382,May-2024
Y60,RWD,UNITED LINCOLNSHIRE HOSPITALS NHS TRUST,71078,17.1102464332036,May-2024
Y60,RWE,UNIVERSITY HOSPITALS OF LEICESTER NHS TRUST,111037,14.5449810606061,May-2024
Y60,RWP,WORCESTERSHIRE ACUTE HOSPITALS NHS TRUST,61984,15.6016949152542,May-2024
Y60,RX1,NOTTINGHAM UNIVERSITY HOSPITALS NHS TRUST,87026,15.3279022403259,May-2024
Y60,RXK,SANDWELL AND WEST BIRMINGHAM HOSPITALS NHS TRUST,76242,16.7846770155233,May-2024
Y60,RXW,THE SHREWSBURY AND TELFORD HOSPITAL NHS TRUST,44042,17.1661807580175,May-2024
Y60,RYW,BIRMINGHAM COMMUNITY HEALTHCARE NHS FOUNDATION TRUST,16200,12.771186440678,May-2024
Y61,R1L,ESSEX PARTNERSHIP UNIVERSITY NHS FOUNDATION TRUST,1089,10.1120689655172,May-2024
Y61,RAJ,MID AND SOUTH ESSEX NHS FOUNDATION TRUST,165660,16.4377682403433,May-2024
Y61,RC9,BEDFORDSHIRE HOSPITALS NHS FOUNDATION TRUST,100825,16.4216562986003,May-2024
Y61,RCX,"THE QUEEN ELIZABETH HOSPITAL, KING'S LYNN, NHS FOUNDATION TRUST",26454,14.4636233951498,May-2024
Y61,RD8,MILTON KEYNES UNIVERSITY HOSPITAL NHS FOUNDATION TRUST,36990,24.531684698609,May-2024
Y61,RDE,EAST SUFFOLK AND NORTH ESSEX NHS FOUNDATION TRUST,87892,14.7459138187221,May-2024
Y61,RGM,ROYAL PAPWORTH HOSPITAL NHS FOUNDATION TRUST,7023,12.4077490774908,May-2024
Y61,RGN,NORTH WEST ANGLIA NHS FOUNDATION TRUST,82126,18.6905210295041,May-2024
Y61,RGP,JAMES PAGET UNIVERSITY HOSPITALS NHS FOUNDATION TRUST,30798,18.5867924528302,May-2024
Y61,RGR,WEST SUFFOLK NHS FOUNDATION TRUST,35138,14.7035755478662,May-2024
Y61,RGT,CAMBRIDGE UNIVERSITY HOSPITALS NHS FOUNDATION TRUST,63659,13.9977168949772,May-2024
Y61,RM1,NORFOLK AND NORWICH UNIVERSITY HOSPITALS NHS FOUNDATION TRUST,85946,17.0998363338789,May-2024
Y61,RQW,THE PRINCESS ALEXANDRA HOSPITAL NHS TRUST,29389,17.9735042735043,May-2024
Y61,RT1,CAMBRIDGESHIRE AND PETERBOROUGH NHS FOUNDATION TRUST,321,21.0555555555556,May-2024
Y61,RWG,WEST HERTFORDSHIRE TEACHING HOSPITALS NHS TRUST,55666,16.2881679389313,May-2024
Y61,RWH,EAST AND NORTH HERTFORDSHIRE NHS TRUST,58061,13.8275159976731,May-2024
Y62,R0A,MANCHESTER UNIVERSITY NHS FOUNDATION TRUST,188986,18.6881412550704,May-2024
Y62,RBL,WIRRAL UNIVERSITY TEACHING HOSPITAL NHS FOUNDATION TRUST,44379,13.910970464135,May-2024
Y62,RBN,MERSEY AND WEST LANCASHIRE TEACHING HOSPITALS NHS TRUST,80977,13.215045960329,May-2024
Y62,RBQ,LIVERPOOL HEART AND CHEST HOSPITAL NHS FOUNDATION TRUST,5555,9.2710843373494,May-2024
Y62,RBS,ALDER HEY CHILDREN'S NHS FOUNDATION TRUST,23978,15.7092819614711,May-2024
Y62,RBT,MID CHESHIRE HOSPITALS NHS FOUNDATION TRUST,38483,15.2761627906977,May-2024
Y62,RBV,THE CHRISTIE NHS FOUNDATION TRUST,2347,4.46803652968037,May-2024
Y62,REM,LIVERPOOL UNIVERSITY HOSPITALS NHS FOUNDATION TRUST,75900,16.2876480541455,May-2024
Y62,REN,THE CLATTERBRIDGE CANCER CENTRE NHS FOUNDATION TRUST,1236,5.9,May-2024
Y62,REP,LIVERPOOL WOMEN'S NHS FOUNDATION TRUST,18221,19.4493865030675,May-2024
Y62,RET,THE WALTON CENTRE NHS FOUNDATION TRUST,17216,15.3705882352941,May-2024
Y62,RJN,EAST CHESHIRE NHS TRUST,12475,13.6747572815534,May-2024
Y62,RJR,COUNTESS OF CHESTER HOSPITAL NHS FOUNDATION TRUST,30649,17.2322314049587,May-2024
Y62,RM3,NORTHERN CARE ALLIANCE NHS FOUNDATION TRUST,145174,16.3406193078324,May-2024
Y62,RMC,BOLTON NHS FOUNDATION TRUST,44435,17.4573529411765,May-2024
Y62,RMP,TAMESIDE AND GLOSSOP INTEGRATED CARE NHS FOUNDATION TRUST,21400,13.125,May-2024
Y62,RRF,"WRIGHTINGTON, WIGAN AND LEIGH NHS FOUNDATION TRUST",55222,14.5874074074074,May-2024
Y62,RTX,UNIVERSITY HOSPITALS OF MORECAMBE BAY NHS FOUNDATION TRUST,31792,10.5592625109745,May-2024
Y62,RW4,MERSEY CARE NHS FOUNDATION TRUST,58,2.15384615384615,May-2024
Y62,RW5,LANCASHIRE & SOUTH CUMBRIA NHS FOUNDATION TRUST,1371,2.51587301587302,May-2024
Y62,RWJ,STOCKPORT NHS FOUNDATION TRUST,38353,16.8701979045402,May-2024
Y62,RWW,WARRINGTON AND HALTON TEACHING HOSPITALS NHS FOUNDATION TRUST,36447,14.2225305216426,May-2024
Y62,RXL,BLACKPOOL TEACHING HOSPITALS NHS FOUNDATION TRUST,34229,15.0220700152207,May-2024
Y62,RXN,LANCASHIRE TEACHING HOSPITALS NHS FOUNDATION TRUST,58790,15.6254653760238,May-2024
Y62,RXR,EAST LANCASHIRE HOSPITALS NHS TRUST,72275,16.7862756952842,May-2024
Y63,R0B,SOUTH TYNESIDE AND SUNDERLAND NHS FOUNDATION TRUST,61701,10.0382211538462,May-2024
Y63,RAE,BRADFORD TEACHING HOSPITALS NHS FOUNDATION TRUST,35733,12.6349277978339,May-2024
Y63,RCB,YORK AND SCARBOROUGH TEACHING HOSPITALS NHS FOUNDATION TRUST,45643,16.2277070063694,May-2024
Y63,RCD,HARROGATE AND DISTRICT NHS FOUNDATION TRUST,22982,11.8769430051813,May-2024
Y63,RCF,AIREDALE NHS FOUNDATION TRUST,14647,12.7468827930175,May-2024
Y63,RCU,SHEFFIELD CHILDREN'S NHS FOUNDATION TRUST,13529,12.3946700507614,May-2024
Y63,RFF,BARNSLEY HOSPITAL NHS FOUNDATION TRUST,22009,10.4325775656325,May-2024
Y63,RFR,THE ROTHERHAM NHS FOUNDATION TRUST,30901,13.7476133651551,May-2024
Y63,RHQ,SHEFFIELD TEACHING HOSPITALS NHS FOUNDATION TRUST,95021,12.9113545816733,May-2024
Y63,RJL,NORTHERN LINCOLNSHIRE AND GOOLE NHS FOUNDATION TRUST,46391,14.077967416602,May-2024
Y63,RNN,NORTH CUMBRIA INTEGRATED CARE NHS FOUNDATION TRUST,40995,14.7808823529412,May-2024
Y63,RP5,DONCASTER AND BASSETLAW TEACHING HOSPITALS NHS FOUNDATION TRUST,55892,13.577791718946,May-2024
Y63,RR7,GATESHEAD HEALTH NHS FOUNDATION TRUST,11913,10.2806004618938,May-2024
Y63,RR8,LEEDS TEACHING HOSPITALS NHS TRUST,91228,11.5587091757387,May-2024
Y63,RTD,THE NEWCASTLE UPON TYNE HOSPITALS NHS FOUNDATION TRUST,100892,11.1726964386659,May-2024
Y63,RTF,NORTHUMBRIA HEALTHCARE NHS FOUNDATION TRUST,35186,10.0787401574803,May-2024
Y63,RTR,SOUTH TEES HOSPITALS NHS FOUNDATION TRUST,56248,13.6398980242192,May-2024
Y63,RVW,NORTH TEES AND HARTLEPOOL NHS FOUNDATION TRUST,20745,10.3222087378641,May-2024
Y63,RWA,HULL UNIVERSITY TEACHING HOSPITALS NHS TRUST,76421,13.9817955112219,May-2024
Y63,RWY,CALDERDALE AND HUDDERSFIELD NHS FOUNDATION TRUST,35523,10.2123857024106,May-2024
Y63,RX4,"CUMBRIA, NORTHUMBERLAND, TYNE AND WEAR NHS FOUNDATION TRUST",195,6.20833333333333,May-2024
Y63,RXF,MID YORKSHIRE TEACHING NHS TRUST,55824,13.9307359307359,May-2024
Y63,RXG,SOUTH WEST YORKSHIRE PARTNERSHIP NHS FOUNDATION TRUST,3130,3.57593123209169,May-2024
Y63,RXP,COUNTY DURHAM AND DARLINGTON NHS FOUNDATION TRUST,42188,11.9664478482859,May-2024
Y63,RY6,LEEDS COMMUNITY HEALTHCARE NHS TRUST,229,38.025,May-2024
Y63,TAD,BRADFORD DISTRICT CARE NHS FOUNDATION TRUST,452,15.2307692307692,May-2024
Y56,R1H,BARTS HEALTH NHS TRUST,125673,15.6015801354402,June-2024
Y56,R1K,LONDON NORTH WEST UNIVERSITY HEALTHCARE NHS TRUST,107847,18.673385348938,June-2024
Y56,RAL,ROYAL FREE LONDON NHS FOUNDATION TRUST,109319,15.0389588295339,June-2024
Y56,RAN,ROYAL NATIONAL ORTHOPAEDIC HOSPITAL NHS TRUST,7918,11.2862903225806,June-2024
Y56,RAP,NORTH MIDDLESEX UNIVERSITY HOSPITAL NHS TRUST,24805,10.6493728620296,June-2024
Y56,RAS,THE HILLINGDON HOSPITALS NHS FOUNDATION TRUST,29736,16.0151898734177,June-2024
Y56,RAX,KINGSTON HOSPITAL NHS FOUNDATION TRUST,39818,13.5034146341463,June-2024
Y56,RF4,"BARKING, HAVERING AND REDBRIDGE UNIVERSITY HOSPITALS NHS TRUST",65809,13.3807769591427,June-2024
Y56,RJ1,GUY'S AND ST THOMAS' NHS FOUNDATION TRUST,142070,15.5050105485232,June-2024
Y56,RJ2,LEWISHAM AND GREENWICH NHS TRUST,69620,15.3210332103321,June-2024
Y56,RJ6,CROYDON HEALTH SERVICES NHS TRUST,35608,10.7612156295224,June-2024
Y56,RJ7,ST GEORGE'S UNIVERSITY HOSPITALS NHS FOUNDATION TRUST,64640,11.7607843137255,June-2024
Y56,RJZ,KING'S COLLEGE HOSPITAL NHS FOUNDATION TRUST,99747,14.5555750350631,June-2024
Y56,RKE,WHITTINGTON HEALTH NHS TRUST,19190,10.5401146131805,June-2024
Y56,RP4,GREAT ORMOND STREET HOSPITAL FOR CHILDREN NHS FOUNDATION TRUST,8122,10.6146179401993,June-2024
Y56,RP6,MOORFIELDS EYE HOSPITAL NHS FOUNDATION TRUST,34201,7.96307588075881,June-2024
Y56,RPG,OXLEAS NHS FOUNDATION TRUST,2187,13.3615384615385,June-2024
Y56,RPY,THE ROYAL MARSDEN NHS FOUNDATION TRUST,1897,4.31018518518519,June-2024
Y56,RQM,CHELSEA AND WESTMINSTER HOSPITAL NHS FOUNDATION TRUST,62413,12.7238392238392,June-2024
Y56,RQX,HOMERTON HEALTHCARE NHS FOUNDATION TRUST,33765,10.4267872523686,June-2024
Y56,RRV,UNIVERSITY COLLEGE LONDON HOSPITALS NHS FOUNDATION TRUST,74958,13.9245826137018,June-2024
Y56,RV3,CENTRAL AND NORTH WEST LONDON NHS FOUNDATION TRUST,1843,14.9375,June-2024
Y56,RVR,EPSOM AND ST HELIER UNIVERSITY HOSPITALS NHS TRUST,50232,11.3943383805135,June-2024
Y56,RYJ,IMPERIAL COLLEGE HEALTHCARE NHS TRUST,98096,14.9745351657235,June-2024
Y58,R0D,UNIVERSITY HOSPITALS DORSET NHS FOUNDATION TRUST,67955,14.0400530503979,June-2024
Y58,RA7,UNIVERSITY HOSPITALS BRISTOL AND WESTON NHS FOUNDATION TRUST,59679,13.5481452249408,June-2024
Y58,RA9,TORBAY AND SOUTH DEVON NHS FOUNDATION TRUST,34172,12.7029096477795,June-2024
Y58,RBD,DORSET COUNTY HOSPITAL NHS FOUNDATION TRUST,22616,17.3418803418803,June-2024
Y58,RD1,ROYAL UNITED HOSPITALS BATH NHS FOUNDATION TRUST,36595,11.2104183757178,June-2024
Y58,REF,ROYAL CORNWALL HOSPITALS NHS TRUST,43085,10.6953290870488,June-2024
Y58,RH5,SOMERSET NHS FOUNDATION TRUST,56574,11.7200208550574,June-2024
Y58,RH8,ROYAL DEVON UNIVERSITY HEALTHCARE NHS FOUNDATION TRUST,75184,15.2789743589744,June-2024
Y58,RJ8,CORNWALL PARTNERSHIP NHS FOUNDATION TRUST,946,13.8974358974359,June-2024
Y58,RK9,UNIVERSITY HOSPITALS PLYMOUTH NHS TRUST,48674,13.8717948717949,June-2024
Y58,RN3,GREAT WESTERN HOSPITALS NHS FOUNDATION TRUST,41818,16.9673913043478,June-2024
Y58,RNZ,SALISBURY NHS FOUNDATION TRUST,27298,16.1523687580026,June-2024
Y58,RTE,GLOUCESTERSHIRE HOSPITALS NHS FOUNDATION TRUST,72699,11.0603168155971,June-2024
Y58,RVJ,NORTH BRISTOL NHS TRUST,46252,12.8359375,June-2024
Y59,R1C,SOLENT NHS TRUST,221,2.98717948717949,June-2024
Y59,R1F,ISLE OF WIGHT NHS TRUST,13898,17.1828254847645,June-2024
Y59,RA2,ROYAL SURREY COUNTY HOSPITAL NHS FOUNDATION TRUST,39301,15.7073283858998,June-2024
Y59,RDR,SUSSEX COMMUNITY NHS FOUNDATION TRUST,5667,10.5777027027027,June-2024
Y59,RDU,FRIMLEY HEALTH NHS FOUNDATION TRUST,87270,17.7690631808279,June-2024
Y59,RHM,UNIVERSITY HOSPITAL SOUTHAMPTON NHS FOUNDATION TRUST,60571,12.2434554973822,June-2024
Y59,RHU,PORTSMOUTH HOSPITALS UNIVERSITY NATIONAL HEALTH SERVICE TRUST,63553,15.7171189979123,June-2024
Y59,RHW,ROYAL BERKSHIRE NHS FOUNDATION TRUST,33633,9.19285324604474,June-2024
Y59,RN5,HAMPSHIRE HOSPITALS NHS FOUNDATION TRUST,52375,14.9060520760028,June-2024
Y59,RN7,DARTFORD AND GRAVESHAM NHS TRUST,30608,11.3625,June-2024
Y59,RPA,MEDWAY NHS FOUNDATION TRUST,43820,17.2636022514071,June-2024
Y59,RPC,QUEEN VICTORIA HOSPITAL NHS FOUNDATION TRUST,18915,13.8495327102804,June-2024
Y59,RTH,OXFORD UNIVERSITY HOSPITALS NHS FOUNDATION TRUST,84287,14.8075044404973,June-2024
Y59,RTK,ASHFORD AND ST PETER'S HOSPITALS NHS FOUNDATION TRUST,56146,14.1219512195122,June-2024
Y59,RTP,SURREY AND SUSSEX HEALTHCARE NHS TRUST,47638,14.523538961039,June-2024
Y59,RVV,EAST KENT HOSPITALS UNIVERSITY NHS FOUNDATION TRUST,85778,17.55899318301,June-2024
Y59,RW1,SOUTHERN HEALTH NHS FOUNDATION TRUST,3927,6.3655737704918,June-2024
Y59,RWF,MAIDSTONE AND TUNBRIDGE WELLS NHS TRUST,44761,10.0173745173745,June-2024
Y59,RWX,BERKSHIRE HEALTHCARE NHS FOUNDATION TRUST,171,7.02941176470588,June-2024
Y59,RXC,EAST SUSSEX HEALTHCARE NHS TRUST,54385,15.1257234726688,June-2024
Y59,RXQ,BUCKINGHAMSHIRE HEALTHCARE NHS TRUST,50088,16.1518054532056,June-2024
Y59,RYR,UNIVERSITY HOSPITALS SUSSEX NHS FOUNDATION TRUST,136394,21.0642663569493,June-2024
Y59,RYY,KENT COMMUNITY HEALTH NHS FOUNDATION TRUST,2770,4.78571428571429,June-2024
Y60,R1A,HEREFORDSHIRE AND WORCESTERSHIRE HEALTH AND CARE NHS TRUST,62,5.75,June-2024
Y60,R1D,SHROPSHIRE COMMUNITY HEALTH NHS TRUST,12604,17.1533333333333,June-2024
Y60,RBK,WALSALL HEALTHCARE NHS TRUST,29856,11.6400462962963,June-2024
Y60,RFS,CHESTERFIELD ROYAL HOSPITAL NHS FOUNDATION TRUST,29172,16.4002976190476,June-2024
Y60,RJC,SOUTH WARWICKSHIRE UNIVERSITY NHS FOUNDATION TRUST,33436,12.6044083526682,June-2024
Y60,RJE,UNIVERSITY HOSPITALS OF NORTH MIDLANDS NHS TRUST,77738,15.9426565242832,June-2024
Y60,RK5,SHERWOOD FOREST HOSPITALS NHS FOUNDATION TRUST,35717,13.5417209908735,June-2024
Y60,RKB,UNIVERSITY HOSPITALS COVENTRY AND WARWICKSHIRE NHS TRUST,74770,16.0723234624146,June-2024
Y60,RL1,THE ROBERT JONES AND AGNES HUNT ORTHOPAEDIC HOSPITAL NHS FOUNDATION TRUST,15708,18.5363881401617,June-2024
Y60,RL4,THE ROYAL WOLVERHAMPTON NHS TRUST,90771,16.4553614750121,June-2024
Y60,RLQ,WYE VALLEY NHS TRUST,24761,15.4906779661017,June-2024
Y60,RLT,GEORGE ELIOT HOSPITAL NHS TRUST,16958,13.8746736292428,June-2024
Y60,RNA,THE DUDLEY GROUP NHS FOUNDATION TRUST,48687,14.3380217785844,June-2024
Y60,RNQ,KETTERING GENERAL HOSPITAL NHS FOUNDATION TRUST,27090,12.3541247484909,June-2024
Y60,RNS,NORTHAMPTON GENERAL HOSPITAL NHS TRUST,42201,11.8982300884956,June-2024
Y60,RP7,LINCOLNSHIRE PARTNERSHIP NHS FOUNDATION TRUST,114,8.71428571428571,June-2024
Y60,RQ3,BIRMINGHAM WOMEN'S AND CHILDREN'S NHS FOUNDATION TRUST,27272,13.801724137931,June-2024
Y60,RRE,MIDLANDS PARTNERSHIP NHS FOUNDATION TRUST,5795,3.16579861111111,June-2024
Y60,RRJ,THE ROYAL ORTHOPAEDIC HOSPITAL NHS FOUNDATION TRUST,15473,17.6188118811881,June-2024
Y60,RRK,UNIVERSITY HOSPITALS BIRMINGHAM NHS FOUNDATION TRUST,125315,17.7023283821758,June-2024
Y60,RTG,UNIVERSITY HOSPITALS OF DERBY AND BURTON NHS FOUNDATION TRUST,107470,16.236641221374,June-2024
Y60,RWD,UNITED LINCOLNSHIRE HOSPITALS NHS TRUST,71372,17.0551378446115,June-2024
Y60,RWE,UNIVERSITY HOSPITALS OF LEICESTER NHS TRUST,112638,14.6050625190607,June-2024
Y60,RWP,WORCESTERSHIRE ACUTE HOSPITALS NHS TRUST,62018,15.6551928783383,June-2024
Y60,RX1,NOTTINGHAM UNIVERSITY HOSPITALS NHS TRUST,86661,15.3641330166271,June-2024
Y60,RXK,SANDWELL AND WEST BIRMINGHAM HOSPITALS NHS TRUST,76281,16.71608040201,June-2024
Y60,RXW,THE SHREWSBURY AND TELFORD HOSPITAL NHS TRUST,47563,18.384375,June-2024
Y60,RYW,BIRMINGHAM COMMUNITY HEALTHCARE NHS FOUNDATION TRUST,16118,12.4945652173913,June-2024
Y61,R1L,ESSEX PARTNERSHIP UNIVERSITY NHS FOUNDATION TRUST,1210,10.3333333333333,June-2024
Y61,RAJ,MID AND SOUTH ESSEX NHS FOUNDATION TRUST,168040,16.7506974384986,June-2024
Y61,RC9,BEDFORDSHIRE HOSPITALS NHS FOUNDATION TRUST,101182,16.4628482972136,June-2024
Y61,RCX,"THE QUEEN ELIZABETH HOSPITAL, KING'S LYNN, NHS FOUNDATION TRUST",26762,14.7067238912732,June-2024
Y61,RD8,MILTON KEYNES UNIVERSITY HOSPITAL NHS FOUNDATION TRUST,36085,24.3432721712538,June-2024
Y61,RDE,EAST SUFFOLK AND NORTH ESSEX NHS FOUNDATION TRUST,88986,14.7779187817259,June-2024
Y61,RGM,ROYAL PAPWORTH HOSPITAL NHS FOUNDATION TRUST,7048,12.1290322580645,June-2024
Y61,RGN,NORTH WEST ANGLIA NHS FOUNDATION TRUST,80267,17.4487852921865,June-2024
Y61,RGP,JAMES PAGET UNIVERSITY HOSPITALS NHS FOUNDATION TRUST,30340,17.8374558303887,June-2024
Y61,RGR,WEST SUFFOLK NHS FOUNDATION TRUST,35202,14.958904109589,June-2024
Y61,RGT,CAMBRIDGE UNIVERSITY HOSPITALS NHS FOUNDATION TRUST,64117,14.1636191677175,June-2024
Y61,RM1,NORFOLK AND NORWICH UNIVERSITY HOSPITALS NHS FOUNDATION TRUST,86813,17.3401785714286,June-2024
Y61,RQW,THE PRINCESS ALEXANDRA HOSPITAL NHS TRUST,31928,17.7365356622999,June-2024
Y61,RT1,CAMBRIDGESHIRE AND PETERBOROUGH NHS FOUNDATION TRUST,325,22.9615384615385,June-2024
Y61,RWG,WEST HERTFORDSHIRE TEACHING HOSPITALS NHS TRUST,53404,16.0663338088445,June-2024
Y61,RWH,EAST AND NORTH HERTFORDSHIRE NHS TRUST,59011,14.1839043309632,June-2024
Y62,R0A,MANCHESTER UNIVERSITY NHS FOUNDATION TRUST,188281,18.7598027423623,June-2024
Y62,RBL,WIRRAL UNIVERSITY TEACHING HOSPITAL NHS FOUNDATION TRUST,44224,14.1595744680851,June-2024
Y62,RBN,MERSEY AND WEST LANCASHIRE TEACHING HOSPITALS NHS TRUST,81913,13.2184947491249,June-2024
Y62,RBQ,LIVERPOOL HEART AND CHEST HOSPITAL NHS FOUNDATION TRUST,5387,9.52570093457944,June-2024
Y62,RBS,ALDER HEY CHILDREN'S NHS FOUNDATION TRUST,23994,15.8938953488372,June-2024
Y62,RBT,MID CHESHIRE HOSPITALS NHS FOUNDATION TRUST,37812,15.8342989571263,June-2024
Y62,RBV,THE CHRISTIE NHS FOUNDATION TRUST,2289,4.23770491803279,June-2024
Y62,REM,LIVERPOOL UNIVERSITY HOSPITALS NHS FOUNDATION TRUST,75961,16.2510324483776,June-2024
Y62,REN,THE CLATTERBRIDGE CANCER CENTRE NHS FOUNDATION TRUST,1122,5.76842105263158,June-2024
Y62,REP,LIVERPOOL WOMEN'S NHS FOUNDATION TRUST,17623,19.2784256559767,June-2024
Y62,RET,THE WALTON CENTRE NHS FOUNDATION TRUST,17036,15.3239074550129,June-2024
Y62,RJN,EAST CHESHIRE NHS TRUST,12509,13.7702205882353,June-2024
Y62,RJR,COUNTESS OF CHESTER HOSPITAL NHS FOUNDATION TRUST,31612,17.0681063122924,June-2024
Y62,RM3,NORTHERN CARE ALLIANCE NHS FOUNDATION TRUST,143464,16.803730017762,June-2024
Y62,RMC,BOLTON NHS FOUNDATION TRUST,45133,17.8430420711974,June-2024
Y62,RMP,TAMESIDE AND GLOSSOP INTEGRATED CARE NHS FOUNDATION TRUST,21348,13.1461377870564,June-2024
Y62,RRF,"WRIGHTINGTON, WIGAN AND LEIGH NHS FOUNDATION TRUST",56716,14.85140562249,June-2024
Y62,RTX,UNIVERSITY HOSPITALS OF MORECAMBE BAY NHS FOUNDATION TRUST,31306,10.4425339366516,June-2024
Y62,RW4,MERSEY CARE NHS FOUNDATION TRUST,50,1.41666666666667,June-2024
Y62,RW5,LANCASHIRE & SOUTH CUMBRIA NHS FOUNDATION TRUST,1544,2.07514450867052,June-2024
Y62,RWJ,STOCKPORT NHS FOUNDATION TRUST,37887,16.8502762430939,June-2024
Y62,RWW,WARRINGTON AND HALTON TEACHING HOSPITALS NHS FOUNDATION TRUST,36121,14.2896253602305,June-2024
Y62,RXL,BLACKPOOL TEACHING HOSPITALS NHS FOUNDATION TRUST,34017,15.4121462264151,June-2024
Y62,RXN,LANCASHIRE TEACHING HOSPITALS NHS FOUNDATION TRUST,58299,15.8193069306931,June-2024
Y62,RXR,EAST LANCASHIRE HOSPITALS NHS TRUST,71474,16.900182592818,June-2024
Y63,R0B,SOUTH TYNESIDE AND SUNDERLAND NHS FOUNDATION TRUST,61762,9.82947976878613,June-2024
Y63,RAE,BRADFORD TEACHING HOSPITALS NHS FOUNDATION TRUST,35371,12.5158520475561,June-2024
Y63,RCB,YORK AND SCARBOROUGH TEACHING HOSPITALS NHS FOUNDATION TRUST,45568,15.5227483751161,June-2024
Y63,RCD,HARROGATE AND DISTRICT NHS FOUNDATION TRUST,22916,11.8705882352941,June-2024
Y63,RCF,AIREDALE NHS FOUNDATION TRUST,14637,12.3798955613577,June-2024
Y63,RCU,SHEFFIELD CHILDREN'S NHS FOUNDATION TRUST,13556,11.9128205128205,June-2024
Y63,RFF,BARNSLEY HOSPITAL NHS FOUNDATION TRUST,22088,10.2708333333333,June-2024
Y63,RFR,THE ROTHERHAM NHS FOUNDATION TRUST,31703,13.1019151846785,June-2024
Y63,RHQ,SHEFFIELD TEACHING HOSPITALS NHS FOUNDATION TRUST,94014,13.1144718473709,June-2024
Y63,RJL,NORTHERN LINCOLNSHIRE AND GOOLE NHS FOUNDATION TRUST,46724,14.4905956112853,June-2024
Y63,RNN,NORTH CUMBRIA INTEGRATED CARE NHS FOUNDATION TRUST,39872,14.5692599620493,June-2024
Y63,RP5,DONCASTER AND BASSETLAW TEACHING HOSPITALS NHS FOUNDATION TRUST,55996,13.7837837837838,June-2024
Y63,RR7,GATESHEAD HEALTH NHS FOUNDATION TRUST,11772,9.95943204868154,June-2024
Y63,RR8,LEEDS TEACHING HOSPITALS NHS TRUST,90898,11.3425523508495,June-2024
Y63,RTD,THE NEWCASTLE UPON TYNE HOSPITALS NHS FOUNDATION TRUST,101774,10.8077759651985,June-2024
Y63,RTF,NORTHUMBRIA HEALTHCARE NHS FOUNDATION TRUST,34987,9.71835839598998,June-2024
Y63,RTR,SOUTH TEES HOSPITALS NHS FOUNDATION TRUST,56294,13.7181612660136,June-2024
Y63,RVW,NORTH TEES AND HARTLEPOOL NHS FOUNDATION TRUST,21055,9.89127764127764,June-2024
Y63,RWA,HULL UNIVERSITY TEACHING HOSPITALS NHS TRUST,77205,14.2135278514589,June-2024
Y63,RWY,CALDERDALE AND HUDDERSFIELD NHS FOUNDATION TRUST,35870,10.017179670723,June-2024
Y63,RX4,"CUMBRIA, NORTHUMBERLAND, TYNE AND WEAR NHS FOUNDATION TRUST",188,5.18181818181818,June-2024
Y63,RXF,MID YORKSHIRE TEACHING NHS TRUST,55693,14.1446056210335,June-2024
Y63,RXG,SOUTH WEST YORKSHIRE PARTNERSHIP NHS FOUNDATION TRUST,3268,3.82233502538071,June-2024
Y63,RXP,COUNTY DURHAM AND DARLINGTON NHS FOUNDATION TRUST,41168,11.4280031821798,June-2024
Y63,RY6,LEEDS COMMUNITY HEALTHCARE NHS TRUST,316,35.6111111111111,June-2024
Y63,TAD,BRADFORD DISTRICT CARE NHS FOUNDATION TRUST,450,14.9,June-2024
Y56,R1H,BARTS HEALTH NHS TRUST,126201,14.8449307304786,July-2024
Y56,R1K,LONDON NORTH WEST UNIVERSITY HEALTHCARE NHS TRUST,107517,19.4438886472379,July-2024
Y56,RAL,ROYAL FREE LONDON NHS FOUNDATION TRUST,108031,14.4340170940171,July-2024
Y56,RAN,ROYAL NATIONAL ORTHOPAEDIC HOSPITAL NHS TRUST,8322,10.8525641025641,July-2024
Y56,RAP,NORTH MIDDLESEX UNIVERSITY HOSPITAL NHS TRUST,24361,11.1861179361179,July-2024
Y56,RAS,THE HILLINGDON HOSPITALS NHS FOUNDATION TRUST,30417,14.9600225225225,July-2024
Y56,RAX,KINGSTON HOSPITAL NHS FOUNDATION TRUST,38977,13.5300963081862,July-2024
Y56,RF4,"BARKING, HAVERING AND REDBRIDGE UNIVERSITY HOSPITALS NHS TRUST",65817,12.826934264107,July-2024
Y56,RJ1,GUY'S AND ST THOMAS' NHS FOUNDATION TRUST,138875,15.316253361219,July-2024
Y56,RJ2,LEWISHAM AND GREENWICH NHS TRUST,69919,14.9916087962963,July-2024
Y56,RJ6,CROYDON HEALTH SERVICES NHS TRUST,36114,11.1374900079936,July-2024
Y56,RJ7,ST GEORGE'S UNIVERSITY HOSPITALS NHS FOUNDATION TRUST,64775,11.9008830022075,July-2024
Y56,RJZ,KING'S COLLEGE HOSPITAL NHS FOUNDATION TRUST,99480,14.6068376068376,July-2024
Y56,RKE,WHITTINGTON HEALTH NHS TRUST,19105,11.9973544973545,July-2024
Y56,RP4,GREAT ORMOND STREET HOSPITAL FOR CHILDREN NHS FOUNDATION TRUST,8149,10.4866863905325,July-2024
Y56,RP6,MOORFIELDS EYE HOSPITAL NHS FOUNDATION TRUST,33017,8.00635593220339,July-2024
Y56,RPG,OXLEAS NHS FOUNDATION TRUST,2161,11.8066666666667,July-2024
Y56,RPY,THE ROYAL MARSDEN NHS FOUNDATION TRUST,1935,4.40909090909091,July-2024
Y56,RQM,CHELSEA AND WESTMINSTER HOSPITAL NHS FOUNDATION TRUST,61238,12.781935483871,July-2024
Y56,RQX,HOMERTON HEALTHCARE NHS FOUNDATION TRUST,34299,10.5091911764706,July-2024
Y56,RRV,UNIVERSITY COLLEGE LONDON HOSPITALS NHS FOUNDATION TRUST,75055,13.5710336027222,July-2024
Y56,RV3,CENTRAL AND NORTH WEST LONDON NHS FOUNDATION TRUST,1882,18.3030303030303,July-2024
Y56,RVR,EPSOM AND ST HELIER UNIVERSITY HOSPITALS NHS TRUST,50341,12.0048725637181,July-2024
Y56,RYJ,IMPERIAL COLLEGE HEALTHCARE NHS TRUST,96311,14.0586973478939,July-2024
Y58,R0D,UNIVERSITY HOSPITALS DORSET NHS FOUNDATION TRUST,68794,13.5389194139194,July-2024
Y58,RA7,UNIVERSITY HOSPITALS BRISTOL AND WESTON NHS FOUNDATION TRUST,58637,13.2937979539642,July-2024
Y58,RA9,TORBAY AND SOUTH DEVON NHS FOUNDATION TRUST,34397,12.5949848024316,July-2024
Y58,RBD,DORSET COUNTY HOSPITAL NHS FOUNDATION TRUST,22855,16.4096774193548,July-2024
Y58,RD1,ROYAL UNITED HOSPITALS BATH NHS FOUNDATION TRUST,36300,11.9668174962293,July-2024
Y58,REF,ROYAL CORNWALL HOSPITALS NHS TRUST,42688,10.716621253406,July-2024
Y58,RH5,SOMERSET NHS FOUNDATION TRUST,57423,12.1395118733509,July-2024
Y58,RH8,ROYAL DEVON UNIVERSITY HEALTHCARE NHS FOUNDATION TRUST,74183,14.7512425447316,July-2024
Y58,RJ8,CORNWALL PARTNERSHIP NHS FOUNDATION TRUST,972,9.92307692307692,July-2024
Y58,RK9,UNIVERSITY HOSPITALS PLYMOUTH NHS TRUST,49261,13.4557522123894,July-2024
Y58,RN3,GREAT WESTERN HOSPITALS NHS FOUNDATION TRUST,43436,16.5444964871194,July-2024
Y58,RNZ,SALISBURY NHS FOUNDATION TRUST,28076,14.581956797967,July-2024
Y58,RTE,GLOUCESTERSHIRE HOSPITALS NHS FOUNDATION TRUST,72695,11.116591146741,July-2024
Y58,RVJ,NORTH BRISTOL NHS TRUST,45732,12.1408966148216,July-2024
Y59,R1C,SOLENT NHS TRUST,220,3.33333333333333,July-2024
Y59,R1F,ISLE OF WIGHT NHS TRUST,14450,15.9016949152542,July-2024
Y59,RA2,ROYAL SURREY COUNTY HOSPITAL NHS FOUNDATION TRUST,38316,15.533,July-2024
Y59,RDR,SUSSEX COMMUNITY NHS FOUNDATION TRUST,5346,11.4878048780488,July-2024
Y59,RDU,FRIMLEY HEALTH NHS FOUNDATION TRUST,88048,17.870188003581,July-2024
Y59,RHM,UNIVERSITY HOSPITAL SOUTHAMPTON NHS FOUNDATION TRUST,60455,11.9522156967432,July-2024
Y59,RHU,PORTSMOUTH HOSPITALS UNIVERSITY NATIONAL HEALTH SERVICE TRUST,62696,15.832674571805,July-2024
Y59,RHW,ROYAL BERKSHIRE NHS FOUNDATION TRUST,32583,9.3962573867367,July-2024
Y59,RN5,HAMPSHIRE HOSPITALS NHS FOUNDATION TRUST,52059,14.3429090909091,July-2024
Y59,RN7,DARTFORD AND GRAVESHAM NHS TRUST,31072,11.5169578622816,July-2024
Y59,RPA,MEDWAY NHS FOUNDATION TRUST,43722,17.516228748068,July-2024
Y59,RPC,QUEEN VICTORIA HOSPITAL NHS FOUNDATION TRUST,18976,14.0032894736842,July-2024
Y59,RTH,OXFORD UNIVERSITY HOSPITALS NHS FOUNDATION TRUST,85804,15.004662004662,July-2024
Y59,RTK,ASHFORD AND ST PETER'S HOSPITALS NHS FOUNDATION TRUST,57874,13.7773872290568,July-2024
Y59,RTP,SURREY AND SUSSEX HEALTHCARE NHS TRUST,47889,14.1767600302801,July-2024
Y59,RVV,EAST KENT HOSPITALS UNIVERSITY NHS FOUNDATION TRUST,85604,17.7979876160991,July-2024
Y59,RW1,SOUTHERN HEALTH NHS FOUNDATION TRUST,3704,6.25101214574899,July-2024
Y59,RWF,MAIDSTONE AND TUNBRIDGE WELLS NHS TRUST,45074,10.3649025069638,July-2024
Y59,RWX,BERKSHIRE HEALTHCARE NHS FOUNDATION TRUST,168,6.92857142857143,July-2024
Y59,RXC,EAST SUSSEX HEALTHCARE NHS TRUST,54957,15.0883636363636,July-2024
Y59,RXQ,BUCKINGHAMSHIRE HEALTHCARE NHS TRUST,48682,15.6724279835391,July-2024
Y59,RYR,UNIVERSITY HOSPITALS SUSSEX NHS FOUNDATION TRUST,133716,21.0719836400818,July-2024
Y59,RYY,KENT COMMUNITY HEALTH NHS FOUNDATION TRUST,2516,4.03191489361702,July-2024
Y60,R1A,HEREFORDSHIRE AND WORCESTERSHIRE HEALTH AND CARE NHS TRUST,58,7.2,July-2024
Y60,R1D,SHROPSHIRE COMMUNITY HEALTH NHS TRUST,13528,16.9494680851064,July-2024
Y60,RBK,WALSALL HEALTHCARE NHS TRUST,29865,11.5246516613076,July-2024
Y60,RFS,CHESTERFIELD ROYAL HOSPITAL NHS FOUNDATION TRUST,30676,15.7835365853659,July-2024
Y60,RJC,SOUTH WARWICKSHIRE UNIVERSITY NHS FOUNDATION TRUST,33285,12.3916967509025,July-2024
Y60,RJE,UNIVERSITY HOSPITALS OF NORTH MIDLANDS NHS TRUST,76332,15.0298342541436,July-2024
Y60,RK5,SHERWOOD FOREST HOSPITALS NHS FOUNDATION TRUST,35248,13.1940441882805,July-2024
Y60,RKB,UNIVERSITY HOSPITALS COVENTRY AND WARWICKSHIRE NHS TRUST,78659,15.0581941544885,July-2024
Y60,RL1,THE ROBERT JONES AND AGNES HUNT ORTHOPAEDIC HOSPITAL NHS FOUNDATION TRUST,16057,18.3983050847458,July-2024
Y60,RL4,THE ROYAL WOLVERHAMPTON NHS TRUST,89431,15.6017719218537,July-2024
Y60,RLQ,WYE VALLEY NHS TRUST,24536,15.0542495479204,July-2024
Y60,RLT,GEORGE ELIOT HOSPITAL NHS TRUST,17233,13.6129310344828,July-2024
Y60,RNA,THE DUDLEY GROUP NHS FOUNDATION TRUST,48718,14.0963855421687,July-2024
Y60,RNQ,KETTERING GENERAL HOSPITAL NHS FOUNDATION TRUST,26980,11.7387173396675,July-2024
Y60,RNS,NORTHAMPTON GENERAL HOSPITAL NHS TRUST,41320,12.5062439961575,July-2024
Y60,RP7,LINCOLNSHIRE PARTNERSHIP NHS FOUNDATION TRUST,92,6.0,July-2024
Y60,RQ3,BIRMINGHAM WOMEN'S AND CHILDREN'S NHS FOUNDATION TRUST,26347,14.2344594594595,July-2024
Y60,RRE,MIDLANDS PARTNERSHIP NHS FOUNDATION TRUST,5060,2.3780487804878,July-2024
Y60,RRJ,THE ROYAL ORTHOPAEDIC HOSPITAL NHS FOUNDATION TRUST,15486,16.3018292682927,July-2024
Y60,RRK,UNIVERSITY HOSPITALS BIRMINGHAM NHS FOUNDATION TRUST,123355,17.2774798927614,July-2024
Y60,RTG,UNIVERSITY HOSPITALS OF DERBY AND BURTON NHS FOUNDATION TRUST,107494,15.7326546003017,July-2024
Y60,RWD,UNITED LINCOLNSHIRE HOSPITALS NHS TRUST,71776,16.4060248853962,July-2024
Y60,RWE,UNIVERSITY HOSPITALS OF LEICESTER NHS TRUST,113500,14.4403053435115,July-2024
Y60,RWP,WORCESTERSHIRE ACUTE HOSPITALS NHS TRUST,61227,15.1755653266332,July-2024
Y60,RX1,NOTTINGHAM UNIVERSITY HOSPITALS NHS TRUST,89380,14.6451323463437,July-2024
Y60,RXK,SANDWELL AND WEST BIRMINGHAM HOSPITALS NHS TRUST,77190,15.7827980402831,July-2024
Y60,RXW,THE SHREWSBURY AND TELFORD HOSPITAL NHS TRUST,49625,18.2311643835616,July-2024
Y60,RYW,BIRMINGHAM COMMUNITY HEALTHCARE NHS FOUNDATION TRUST,15733,12.4265957446809,July-2024
Y61,R1L,ESSEX PARTNERSHIP UNIVERSITY NHS FOUNDATION TRUST,1129,9.19230769230769,July-2024
Y61,RAJ,MID AND SOUTH ESSEX NHS FOUNDATION TRUST,163071,16.023137254902,July-2024
Y61,RC9,BEDFORDSHIRE HOSPITALS NHS FOUNDATION TRUST,101923,16.4104737070839,July-2024
Y61,RCX,"THE QUEEN ELIZABETH HOSPITAL, KING'S LYNN, NHS FOUNDATION TRUST",26475,14.400406504065,July-2024
Y61,RD8,MILTON KEYNES UNIVERSITY HOSPITAL NHS FOUNDATION TRUST,36034,24.3217821782178,July-2024
Y61,RDE,EAST SUFFOLK AND NORTH ESSEX NHS FOUNDATION TRUST,89463,14.745320855615,July-2024
Y61,RGM,ROYAL PAPWORTH HOSPITAL NHS FOUNDATION TRUST,7277,12.2788944723618,July-2024
Y61,RGN,NORTH WEST ANGLIA NHS FOUNDATION TRUST,79326,17.0057636887608,July-2024
Y61,RGP,JAMES PAGET UNIVERSITY HOSPITALS NHS FOUNDATION TRUST,30562,17.2695417789757,July-2024
Y61,RGR,WEST SUFFOLK NHS FOUNDATION TRUST,34700,14.3824485373781,July-2024
Y61,RGT,CAMBRIDGE UNIVERSITY HOSPITALS NHS FOUNDATION TRUST,64777,13.7003395585739,July-2024
Y61,RM1,NORFOLK AND NORWICH UNIVERSITY HOSPITALS NHS FOUNDATION TRUST,87052,16.7684605757197,July-2024
Y61,RQW,THE PRINCESS ALEXANDRA HOSPITAL NHS TRUST,36850,17.5059829059829,July-2024
Y61,RT1,CAMBRIDGESHIRE AND PETERBOROUGH NHS FOUNDATION TRUST,319,26.5,July-2024
Y61,RWG,WEST HERTFORDSHIRE TEACHING HOSPITALS NHS TRUST,51474,15.1104838709677,July-2024
Y61,RWH,EAST AND NORTH HERTFORDSHIRE NHS TRUST,57740,14.1313775510204,July-2024
Y62,R0A,MANCHESTER UNIVERSITY NHS FOUNDATION TRUST,191122,18.7558981546368,July-2024
Y62,RBL,WIRRAL UNIVERSITY TEACHING HOSPITAL NHS FOUNDATION TRUST,45909,14.1568219633943,July-2024
Y62,RBN,MERSEY AND WEST LANCASHIRE TEACHING HOSPITALS NHS TRUST,82229,13.5369881109643,July-2024
Y62,RBQ,LIVERPOOL HEART AND CHEST HOSPITAL NHS FOUNDATION TRUST,5509,9.91116751269035,July-2024
Y62,RBS,ALDER HEY CHILDREN'S NHS FOUNDATION TRUST,23653,15.5232371794872,July-2024
Y62,RBT,MID CHESHIRE HOSPITALS NHS FOUNDATION TRUST,38155,15.3061104582844,July-2024
Y62,RBV,THE CHRISTIE NHS FOUNDATION TRUST,2334,3.91860465116279,July-2024
Y62,REM,LIVERPOOL UNIVERSITY HOSPITALS NHS FOUNDATION TRUST,75123,15.816074653823,July-2024
Y62,REN,THE CLATTERBRIDGE CANCER CENTRE NHS FOUNDATION TRUST,1171,5.33050847457627,July-2024
Y62,REP,LIVERPOOL WOMEN'S NHS FOUNDATION TRUST,16675,18.4148936170213,July-2024
Y62,RET,THE WALTON CENTRE NHS FOUNDATION TRUST,16489,14.8609813084112,July-2024
Y62,RJN,EAST CHESHIRE NHS TRUST,12455,13.6198224852071,July-2024
Y62,RJR,COUNTESS OF CHESTER HOSPITAL NHS FOUNDATION TRUST,32168,16.8171641791045,July-2024
Y62,RM3,NORTHERN CARE ALLIANCE NHS FOUNDATION TRUST,144857,16.5389105058366,July-2024
Y62,RMC,BOLTON NHS FOUNDATION TRUST,44590,17.7414075286416,July-2024
Y62,RMP,TAMESIDE AND GLOSSOP INTEGRATED CARE NHS FOUNDATION TRUST,20994,13.1460674157303,July-2024
Y62,RRF,"WRIGHTINGTON, WIGAN AND LEIGH NHS FOUNDATION TRUST",57522,14.8977556109726,July-2024
Y62,RTX,UNIVERSITY HOSPITALS OF MORECAMBE BAY NHS FOUNDATION TRUST,31220,10.6193236714976,July-2024
Y62,RW4,MERSEY CARE NHS FOUNDATION TRUST,64,2.16666666666667,July-2024
Y62,RW5,LANCASHIRE & SOUTH CUMBRIA NHS FOUNDATION TRUST,1559,3.26176470588235,July-2024
Y62,RWJ,STOCKPORT NHS FOUNDATION TRUST,37379,16.6197571743929,July-2024
Y62,RWW,WARRINGTON AND HALTON TEACHING HOSPITALS NHS FOUNDATION TRUST,36377,14.1442577030812,July-2024
Y62,RXL,BLACKPOOL TEACHING HOSPITALS NHS FOUNDATION TRUST,34003,14.4689873417722,July-2024
Y62,RXN,LANCASHIRE TEACHING HOSPITALS NHS FOUNDATION TRUST,58361,14.7007697241822,July-2024
Y62,RXR,EAST LANCASHIRE HOSPITALS NHS TRUST,72330,16.3509458577952,July-2024
Y63,R0B,SOUTH TYNESIDE AND SUNDERLAND NHS FOUNDATION TRUST,61527,9.75502990755846,July-2024
Y63,RAE,BRADFORD TEACHING HOSPITALS NHS FOUNDATION TRUST,35398,12.2099056603774,July-2024
Y63,RCB,YORK AND SCARBOROUGH TEACHING HOSPITALS NHS FOUNDATION TRUST,45196,15.2455985915493,July-2024
Y63,RCD,HARROGATE AND DISTRICT NHS FOUNDATION TRUST,22687,11.6757322175732,July-2024
Y63,RCF,AIREDALE NHS FOUNDATION TRUST,14779,11.9581218274112,July-2024
Y63,RCU,SHEFFIELD CHILDREN'S NHS FOUNDATION TRUST,13540,11.7732997481108,July-2024
Y63,RFF,BARNSLEY HOSPITAL NHS FOUNDATION TRUST,21608,10.125304136253,July-2024
Y63,RFR,THE ROTHERHAM NHS FOUNDATION TRUST,32601,12.7819693094629,July-2024
Y63,RHQ,SHEFFIELD TEACHING HOSPITALS NHS FOUNDATION TRUST,93557,12.8930776014109,July-2024
Y63,RJL,NORTHERN LINCOLNSHIRE AND GOOLE NHS FOUNDATION TRUST,46079,14.8253323485968,July-2024
Y63,RNN,NORTH CUMBRIA INTEGRATED CARE NHS FOUNDATION TRUST,38903,13.8034749034749,July-2024
Y63,RP5,DONCASTER AND BASSETLAW TEACHING HOSPITALS NHS FOUNDATION TRUST,57476,13.5580684596577,July-2024
Y63,RR7,GATESHEAD HEALTH NHS FOUNDATION TRUST,11471,10.4927685950413,July-2024
Y63,RR8,LEEDS TEACHING HOSPITALS NHS TRUST,86576,12.0913776944705,July-2024
Y63,RTD,THE NEWCASTLE UPON TYNE HOSPITALS NHS FOUNDATION TRUST,102762,10.8255390646878,July-2024
Y63,RTF,NORTHUMBRIA HEALTHCARE NHS FOUNDATION TRUST,34789,10.0014836795252,July-2024
Y63,RTR,SOUTH TEES HOSPITALS NHS FOUNDATION TRUST,57239,13.6782682512733,July-2024
Y63,RVW,NORTH TEES AND HARTLEPOOL NHS FOUNDATION TRUST,20792,9.54719764011799,July-2024
Y63,RWA,HULL UNIVERSITY TEACHING HOSPITALS NHS TRUST,77622,13.9737704918033,July-2024
Y63,RWY,CALDERDALE AND HUDDERSFIELD NHS FOUNDATION TRUST,35336,10.2087410306588,July-2024
Y63,RX4,"CUMBRIA, NORTHUMBERLAND, TYNE AND WEAR NHS FOUNDATION TRUST",210,5.42105263157895,July-2024
Y63,RXF,MID YORKSHIRE TEACHING NHS TRUST,55940,13.7506510416667,July-2024
Y63,RXG,SOUTH WEST YORKSHIRE PARTNERSHIP NHS FOUNDATION TRUST,3363,3.7179802955665,July-2024
Y63,RXP,COUNTY DURHAM AND DARLINGTON NHS FOUNDATION TRUST,40893,11.6230665770007,July-2024
Y63,RY6,LEEDS COMMUNITY HEALTHCARE NHS TRUST,269,38.7916666666667,July-2024
Y63,TAD,BRADFORD DISTRICT CARE NHS FOUNDATION TRUST,395,17.6875,July-2024
Y56,R1H,BARTS HEALTH NHS TRUST,127656,15.5277691591685,August-2024
Y56,R1K,LONDON NORTH WEST UNIVERSITY HEALTHCARE NHS TRUST,106377,19.9346364018495,August-2024
Y56,RAL,ROYAL FREE LONDON NHS FOUNDATION TRUST,109184,15.065008291874,August-2024
Y56,RAN,ROYAL NATIONAL ORTHOPAEDIC HOSPITAL NHS TRUST,8257,11.743137254902,August-2024
Y56,RAP,NORTH MIDDLESEX UNIVERSITY HOSPITAL NHS TRUST,24749,12.0363984674329,August-2024
Y56,RAS,THE HILLINGDON HOSPITALS NHS FOUNDATION TRUST,30051,15.9064785788924,August-2024
Y56,RAX,KINGSTON HOSPITAL NHS FOUNDATION TRUST,38923,14.0699823943662,August-2024
Y56,RF4,"BARKING, HAVERING AND REDBRIDGE UNIVERSITY HOSPITALS NHS TRUST",64990,12.9495926680244,August-2024
Y56,RJ1,GUY'S AND ST THOMAS' NHS FOUNDATION TRUST,139989,15.8612739872068,August-2024
Y56,RJ2,LEWISHAM AND GREENWICH NHS TRUST,70366,15.6551351351351,August-2024
Y56,RJ6,CROYDON HEALTH SERVICES NHS TRUST,35597,11.2665441176471,August-2024
Y56,RJ7,ST GEORGE'S UNIVERSITY HOSPITALS NHS FOUNDATION TRUST,66595,12.6569620253165,August-2024
Y56,RJZ,KING'S COLLEGE HOSPITAL NHS FOUNDATION TRUST,98887,15.0782769024472,August-2024
Y56,RKE,WHITTINGTON HEALTH NHS TRUST,20742,12.7554076539101,August-2024
Y56,RP4,GREAT ORMOND STREET HOSPITAL FOR CHILDREN NHS FOUNDATION TRUST,8326,10.9664429530201,August-2024
Y56,RP6,MOORFIELDS EYE HOSPITAL NHS FOUNDATION TRUST,34357,8.48874695863747,August-2024
Y56,RPG,OXLEAS NHS FOUNDATION TRUST,2066,13.3636363636364,August-2024
Y56,RPY,THE ROYAL MARSDEN NHS FOUNDATION TRUST,1896,4.93918918918919,August-2024
Y56,RQM,CHELSEA AND WESTMINSTER HOSPITAL NHS FOUNDATION TRUST,62117,13.2986202365309,August-2024
Y56,RQX,HOMERTON HEALTHCARE NHS FOUNDATION TRUST,35198,11.6641509433962,August-2024
Y56,RRV,UNIVERSITY COLLEGE LONDON HOSPITALS NHS FOUNDATION TRUST,74987,14.4023164335664,August-2024
Y56,RV3,CENTRAL AND NORTH WEST LONDON NHS FOUNDATION TRUST,1911,20.5208333333333,August-2024
Y56,RVR,EPSOM AND ST HELIER UNIVERSITY HOSPITALS NHS TRUST,50566,12.4937185929648,August-2024
Y56,RYJ,IMPERIAL COLLEGE HEALTHCARE NHS TRUST,95603,15.1400222551929,August-2024
Y58,R0D,UNIVERSITY HOSPITALS DORSET NHS FOUNDATION TRUST,68724,13.6225352112676,August-2024
Y58,RA7,UNIVERSITY HOSPITALS BRISTOL AND WESTON NHS FOUNDATION TRUST,58506,13.5081967213115,August-2024
Y58,RA9,TORBAY AND SOUTH DEVON NHS FOUNDATION TRUST,33982,13.2342704149933,August-2024
Y58,RBD,DORSET COUNTY HOSPITAL NHS FOUNDATION TRUST,22514,16.6240208877285,August-2024
Y58,RD1,ROYAL UNITED HOSPITALS BATH NHS FOUNDATION TRUST,37521,12.6576830249397,August-2024
Y58,REF,ROYAL CORNWALL HOSPITALS NHS TRUST,43175,11.1381469115192,August-2024
Y58,RH5,SOMERSET NHS FOUNDATION TRUST,57590,12.8028653295129,August-2024
Y58,RH8,ROYAL DEVON UNIVERSITY HEALTHCARE NHS FOUNDATION TRUST,73262,15.1119153674833,August-2024
Y58,RJ8,CORNWALL PARTNERSHIP NHS FOUNDATION TRUST,917,9.94444444444444,August-2024
Y58,RK9,UNIVERSITY HOSPITALS PLYMOUTH NHS TRUST,49780,14.1916524701874,August-2024
Y58,RN3,GREAT WESTERN HOSPITALS NHS FOUNDATION TRUST,43549,17.4278803869833,August-2024
Y58,RNZ,SALISBURY NHS FOUNDATION TRUST,29422,14.8897637795276,August-2024
Y58,RTE,GLOUCESTERSHIRE HOSPITALS NHS FOUNDATION TRUST,72534,11.5845614035088,August-2024
Y58,RVJ,NORTH BRISTOL NHS TRUST,45484,12.2210031347962,August-2024
Y59,R1C,SOLENT NHS TRUST,253,3.23214285714286,August-2024
Y59,R1F,ISLE OF WIGHT NHS TRUST,15005,15.8099273607748,August-2024
Y59,RA2,ROYAL SURREY COUNTY HOSPITAL NHS FOUNDATION TRUST,38038,16.3989361702128,August-2024
Y59,RDR,SUSSEX COMMUNITY NHS FOUNDATION TRUST,5665,10.9242424242424,August-2024
Y59,RDU,FRIMLEY HEALTH NHS FOUNDATION TRUST,86923,18.3383202099738,August-2024
Y59,RHM,UNIVERSITY HOSPITAL SOUTHAMPTON NHS FOUNDATION TRUST,59644,12.7948860478043,August-2024
Y59,RHU,PORTSMOUTH HOSPITALS UNIVERSITY NATIONAL HEALTH SERVICE TRUST,62959,16.2096134786918,August-2024
Y59,RHW,ROYAL BERKSHIRE NHS FOUNDATION TRUST,32676,10.1323529411765,August-2024
Y59,RN5,HAMPSHIRE HOSPITALS NHS FOUNDATION TRUST,52409,15.0203101920236,August-2024
Y59,RN7,DARTFORD AND GRAVESHAM NHS TRUST,30998,11.8167170191339,August-2024
Y59,RPA,MEDWAY NHS FOUNDATION TRUST,43388,17.9084905660377,August-2024
Y59,RPC,QUEEN VICTORIA HOSPITAL NHS FOUNDATION TRUST,18735,14.9123263888889,August-2024
Y59,RTH,OXFORD UNIVERSITY HOSPITALS NHS FOUNDATION TRUST,87648,15.5604622368964,August-2024
Y59,RTK,ASHFORD AND ST PETER'S HOSPITALS NHS FOUNDATION TRUST,58984,14.6162514827995,August-2024
Y59,RTP,SURREY AND SUSSEX HEALTHCARE NHS TRUST,47739,14.1404332129964,August-2024
Y59,RVV,EAST KENT HOSPITALS UNIVERSITY NHS FOUNDATION TRUST,88084,17.6567024754787,August-2024
Y59,RW1,SOUTHERN HEALTH NHS FOUNDATION TRUST,3637,6.35635359116022,August-2024
Y59,RWF,MAIDSTONE AND TUNBRIDGE WELLS NHS TRUST,45183,11.1199136868064,August-2024
Y59,RWX,BERKSHIRE HEALTHCARE NHS FOUNDATION TRUST,157,6.81578947368421,August-2024
Y59,RXC,EAST SUSSEX HEALTHCARE NHS TRUST,55878,15.7674750356633,August-2024
Y59,RXQ,BUCKINGHAMSHIRE HEALTHCARE NHS TRUST,47397,16.3494342906876,August-2024
Y59,RYR,UNIVERSITY HOSPITALS SUSSEX NHS FOUNDATION TRUST,130220,21.6442917547569,August-2024
Y59,RYY,KENT COMMUNITY HEALTH NHS FOUNDATION TRUST,2215,4.45529801324503,August-2024
Y60,R1A,HEREFORDSHIRE AND WORCESTERSHIRE HEALTH AND CARE NHS TRUST,46,9.4,August-2024
Y60,R1D,SHROPSHIRE COMMUNITY HEALTH NHS TRUST,13582,16.9685534591195,August-2024
Y60,RBK,WALSALL HEALTHCARE NHS TRUST,30373,12.1948640483384,August-2024
Y60,RFS,CHESTERFIELD ROYAL HOSPITAL NHS FOUNDATION TRUST,30188,15.9181360201511,August-2024
Y60,RJC,SOUTH WARWICKSHIRE UNIVERSITY NHS FOUNDATION TRUST,33188,12.9739837398374,August-2024
Y60,RJE,UNIVERSITY HOSPITALS OF NORTH MIDLANDS NHS TRUST,74495,15.7421998942359,August-2024
Y60,RK5,SHERWOOD FOREST HOSPITALS NHS FOUNDATION TRUST,35163,13.5232095490716,August-2024
Y60,RKB,UNIVERSITY HOSPITALS COVENTRY AND WARWICKSHIRE NHS TRUST,81463,15.3866635249764,August-2024
Y60,RL1,THE ROBERT JONES AND AGNES HUNT ORTHOPAEDIC HOSPITAL NHS FOUNDATION TRUST,16244,18.5026595744681,August-2024
Y60,RL4,THE ROYAL WOLVERHAMPTON NHS TRUST,88651,16.5761408730159,August-2024
Y60,RLQ,WYE VALLEY NHS TRUST,24400,15.4715025906736,August-2024
Y60,RLT,GEORGE ELIOT HOSPITAL NHS TRUST,17633,14.2554240631164,August-2024
Y60,RNA,THE DUDLEY GROUP NHS FOUNDATION TRUST,49710,14.8881239242685,August-2024
Y60,RNQ,KETTERING GENERAL HOSPITAL NHS FOUNDATION TRUST,28321,11.776213592233,August-2024
Y60,RNS,NORTHAMPTON GENERAL HOSPITAL NHS TRUST,41180,12.6863330843913,August-2024
Y60,RP7,LINCOLNSHIRE PARTNERSHIP NHS FOUNDATION TRUST,93,5.875,August-2024
Y60,RQ3,BIRMINGHAM WOMEN'S AND CHILDREN'S NHS FOUNDATION TRUST,25968,14.9778067885117,August-2024
Y60,RRE,MIDLANDS PARTNERSHIP NHS FOUNDATION TRUST,4886,3.0,August-2024
Y60,RRJ,THE ROYAL ORTHOPAEDIC HOSPITAL NHS FOUNDATION TRUST,15709,16.4118541033435,August-2024
Y60,RRK,UNIVERSITY HOSPITALS BIRMINGHAM NHS FOUNDATION TRUST,121821,17.6719216727514,August-2024
Y60,RTG,UNIVERSITY HOSPITALS OF DERBY AND BURTON NHS FOUNDATION TRUST,107568,16.0008406893653,August-2024
Y60,RWD,UNITED LINCOLNSHIRE HOSPITALS NHS TRUST,71952,17.3457269700333,August-2024
Y60,RWE,UNIVERSITY HOSPITALS OF LEICESTER NHS TRUST,114060,15.2388922702374,August-2024
Y60,RWP,WORCESTERSHIRE ACUTE HOSPITALS NHS TRUST,61746,15.6786922209696,August-2024
Y60,RX1,NOTTINGHAM UNIVERSITY HOSPITALS NHS TRUST,88622,15.2168256721596,August-2024
Y60,RXK,SANDWELL AND WEST BIRMINGHAM HOSPITALS NHS TRUST,76871,16.0691558441558,August-2024
Y60,RXW,THE SHREWSBURY AND TELFORD HOSPITAL NHS TRUST,50364,19.7888332140301,August-2024
Y60,RYW,BIRMINGHAM COMMUNITY HEALTHCARE NHS FOUNDATION TRUST,15622,13.3247863247863,August-2024
Y61,R1L,ESSEX PARTNERSHIP UNIVERSITY NHS FOUNDATION TRUST,999,9.77906976744186,August-2024
Y61,RAJ,MID AND SOUTH ESSEX NHS FOUNDATION TRUST,168967,17.491654913023,August-2024
Y61,RC9,BEDFORDSHIRE HOSPITALS NHS FOUNDATION TRUST,100897,17.2193609022556,August-2024
Y61,RCX,"THE QUEEN ELIZABETH HOSPITAL, KING'S LYNN, NHS FOUNDATION TRUST",26898,15.1438547486034,August-2024
Y61,RD8,MILTON KEYNES UNIVERSITY HOSPITAL NHS FOUNDATION TRUST,32318,24.817223198594,August-2024
Y61,RDE,EAST SUFFOLK AND NORTH ESSEX NHS FOUNDATION TRUST,91166,15.4825258141382,August-2024
Y61,RGM,ROYAL PAPWORTH HOSPITAL NHS FOUNDATION TRUST,7276,12.5229007633588,August-2024
Y61,RGN,NORTH WEST ANGLIA NHS FOUNDATION TRUST,78357,17.3423502036067,August-2024
Y61,RGP,JAMES PAGET UNIVERSITY HOSPITALS NHS FOUNDATION TRUST,32495,16.3731707317073,August-2024
Y61,RGR,WEST SUFFOLK NHS FOUNDATION TRUST,33883,14.4048423423423,August-2024
Y61,RGT,CAMBRIDGE UNIVERSITY HOSPITALS NHS FOUNDATION TRUST,64246,14.4892379290285,August-2024
Y61,RM1,NORFOLK AND NORWICH UNIVERSITY HOSPITALS NHS FOUNDATION TRUST,86741,17.5389908256881,August-2024
Y61,RQW,THE PRINCESS ALEXANDRA HOSPITAL NHS TRUST,36248,18.2324263038549,August-2024
Y61,RT1,CAMBRIDGESHIRE AND PETERBOROUGH NHS FOUNDATION TRUST,314,28.2,August-2024
Y61,RWG,WEST HERTFORDSHIRE TEACHING HOSPITALS NHS TRUST,49891,15.0832766825289,August-2024
Y61,RWH,EAST AND NORTH HERTFORDSHIRE NHS TRUST,56556,15.0466101694915,August-2024
Y62,R0A,MANCHESTER UNIVERSITY NHS FOUNDATION TRUST,192692,18.8902525371725,August-2024
Y62,RBL,WIRRAL UNIVERSITY TEACHING HOSPITAL NHS FOUNDATION TRUST,46649,14.5198886237072,August-2024
Y62,RBN,MERSEY AND WEST LANCASHIRE TEACHING HOSPITALS NHS TRUST,82939,14.3951574988246,August-2024
Y62,RBQ,LIVERPOOL HEART AND CHEST HOSPITAL NHS FOUNDATION TRUST,5504,10.8778280542986,August-2024
Y62,RBS,ALDER HEY CHILDREN'S NHS FOUNDATION TRUST,23578,16.1969407265774,August-2024
Y62,RBT,MID CHESHIRE HOSPITALS NHS FOUNDATION TRUST,39446,15.6825749167592,August-2024
Y62,RBV,THE CHRISTIE NHS FOUNDATION TRUST,2485,4.21615720524018,August-2024
Y62,REM,LIVERPOOL UNIVERSITY HOSPITALS NHS FOUNDATION TRUST,75211,16.7552473763118,August-2024
Y62,REN,THE CLATTERBRIDGE CANCER CENTRE NHS FOUNDATION TRUST,1147,6.41911764705882,August-2024
Y62,REP,LIVERPOOL WOMEN'S NHS FOUNDATION TRUST,16466,18.1724137931034,August-2024
Y62,RET,THE WALTON CENTRE NHS FOUNDATION TRUST,16793,15.0369198312236,August-2024
Y62,RJN,EAST CHESHIRE NHS TRUST,12323,14.3726993865031,August-2024
Y62,RJR,COUNTESS OF CHESTER HOSPITAL NHS FOUNDATION TRUST,33368,17.6774595267746,August-2024
Y62,RM3,NORTHERN CARE ALLIANCE NHS FOUNDATION TRUST,145463,17.4606822781151,August-2024
Y62,RMC,BOLTON NHS FOUNDATION TRUST,44055,17.9382775119617,August-2024
Y62,RMP,TAMESIDE AND GLOSSOP INTEGRATED CARE NHS FOUNDATION TRUST,20696,13.2237442922374,August-2024
Y62,RRF,"WRIGHTINGTON, WIGAN AND LEIGH NHS FOUNDATION TRUST",55359,15.1183790682833,August-2024
Y62,RTX,UNIVERSITY HOSPITALS OF MORECAMBE BAY NHS FOUNDATION TRUST,31949,10.5821917808219,August-2024
Y62,RW4,MERSEY CARE NHS FOUNDATION TRUST,45,2.5625,August-2024
Y62,RW5,LANCASHIRE & SOUTH CUMBRIA NHS FOUNDATION TRUST,1435,4.13529411764706,August-2024
Y62,RWJ,STOCKPORT NHS FOUNDATION TRUST,36921,17.539247311828,August-2024
Y62,RWW,WARRINGTON AND HALTON TEACHING HOSPITALS NHS FOUNDATION TRUST,35363,15.0182266009852,August-2024
Y62,RXL,BLACKPOOL TEACHING HOSPITALS NHS FOUNDATION TRUST,33743,15.1024881516588,August-2024
Y62,RXN,LANCASHIRE TEACHING HOSPITALS NHS FOUNDATION TRUST,58589,15.0902140672783,August-2024
Y62,RXR,EAST LANCASHIRE HOSPITALS NHS TRUST,69353,16.3713496448303,August-2024
Y63,R0B,SOUTH TYNESIDE AND SUNDERLAND NHS FOUNDATION TRUST,61280,10.4408988764045,August-2024
Y63,RAE,BRADFORD TEACHING HOSPITALS NHS FOUNDATION TRUST,36312,13.0529344073648,August-2024
Y63,RCB,YORK AND SCARBOROUGH TEACHING HOSPITALS NHS FOUNDATION TRUST,45677,15.4108796296296,August-2024
Y63,RCD,HARROGATE AND DISTRICT NHS FOUNDATION TRUST,22755,12.2617493472585,August-2024
Y63,RCF,AIREDALE NHS FOUNDATION TRUST,14564,11.9344262295082,August-2024
Y63,RCU,SHEFFIELD CHILDREN'S NHS FOUNDATION TRUST,13174,12.7916666666667,August-2024
Y63,RFF,BARNSLEY HOSPITAL NHS FOUNDATION TRUST,21437,10.1906946264744,August-2024
Y63,RFR,THE ROTHERHAM NHS FOUNDATION TRUST,32959,13.2555266579974,August-2024
Y63,RHQ,SHEFFIELD TEACHING HOSPITALS NHS FOUNDATION TRUST,96660,12.7794891059354,August-2024
Y63,RJL,NORTHERN LINCOLNSHIRE AND GOOLE NHS FOUNDATION TRUST,43277,15.9746563573883,August-2024
Y63,RNN,NORTH CUMBRIA INTEGRATED CARE NHS FOUNDATION TRUST,38216,14.1608187134503,August-2024
Y63,RP5,DONCASTER AND BASSETLAW TEACHING HOSPITALS NHS FOUNDATION TRUST,56978,14.3753026634383,August-2024
Y63,RR7,GATESHEAD HEALTH NHS FOUNDATION TRUST,11861,10.7902173913043,August-2024
Y63,RR8,LEEDS TEACHING HOSPITALS NHS TRUST,90240,11.9727143869596,August-2024
Y63,RTD,THE NEWCASTLE UPON TYNE HOSPITALS NHS FOUNDATION TRUST,102490,11.4360448404714,August-2024
Y63,RTF,NORTHUMBRIA HEALTHCARE NHS FOUNDATION TRUST,34890,10.1575209812782,August-2024
Y63,RTR,SOUTH TEES HOSPITALS NHS FOUNDATION TRUST,58127,14.4796421961752,August-2024
Y63,RVW,NORTH TEES AND HARTLEPOOL NHS FOUNDATION TRUST,20565,9.96553446553447,August-2024
Y63,RWA,HULL UNIVERSITY TEACHING HOSPITALS NHS TRUST,79214,14.9343765774861,August-2024
Y63,RWY,CALDERDALE AND HUDDERSFIELD NHS FOUNDATION TRUST,35054,11.2046332046332,August-2024
Y63,RX4,"CUMBRIA, NORTHUMBERLAND, TYNE AND WEAR NHS FOUNDATION TRUST",195,6.96666666666667,August-2024
Y63,RXF,MID YORKSHIRE TEACHING NHS TRUST,55924,14.3927536231884,August-2024
Y63,RXG,SOUTH WEST YORKSHIRE PARTNERSHIP NHS FOUNDATION TRUST,3610,4.42959427207637,August-2024
Y63,RXP,COUNTY DURHAM AND DARLINGTON NHS FOUNDATION TRUST,41908,11.8626943005181,August-2024
Y63,RY6,LEEDS COMMUNITY HEALTHCARE NHS TRUST,278,38.5,August-2024
Y63,TAD,BRADFORD DISTRICT CARE NHS FOUNDATION TRUST,437,17.125,August-2024
Y56,R1H,BARTS HEALTH NHS TRUST,126675,15.4754840724547,September-2024
Y56,R1K,LONDON NORTH WEST UNIVERSITY HEALTHCARE NHS TRUST,101388,20.6534059945504,September-2024
Y56,RAL,ROYAL FREE LONDON NHS FOUNDATION TRUST,111241,14.9678930926762,September-2024
Y56,RAN,ROYAL NATIONAL ORTHOPAEDIC HOSPITAL NHS TRUST,8231,11.2854251012146,September-2024
Y56,RAP,NORTH MIDDLESEX UNIVERSITY HOSPITAL NHS TRUST,25203,11.8975283213182,September-2024
Y56,RAS,THE HILLINGDON HOSPITALS NHS FOUNDATION TRUST,28594,15.414364640884,September-2024
Y56,RAX,KINGSTON HOSPITAL NHS FOUNDATION TRUST,36242,14.3561301084237,September-2024
Y56,RF4,"BARKING, HAVERING AND REDBRIDGE UNIVERSITY HOSPITALS NHS TRUST",62018,12.255374934452,September-2024
Y56,RJ1,GUY'S AND ST THOMAS' NHS FOUNDATION TRUST,135968,15.7678819927637,September-2024
Y56,RJ2,LEWISHAM AND GREENWICH NHS TRUST,68854,15.4301825993555,September-2024
Y56,RJ6,CROYDON HEALTH SERVICES NHS TRUST,35338,11.4680347277032,September-2024
Y56,RJ7,ST GEORGE'S UNIVERSITY HOSPITALS NHS FOUNDATION TRUST,66547,12.7748430962343,September-2024
Y56,RJZ,KING'S COLLEGE HOSPITAL NHS FOUNDATION TRUST,95489,14.758637709773,September-2024
Y56,RKE,WHITTINGTON HEALTH NHS TRUST,21067,13.0114638447972,September-2024
Y56,RP4,GREAT ORMOND STREET HOSPITAL FOR CHILDREN NHS FOUNDATION TRUST,8131,11.0215946843854,September-2024
Y56,RP6,MOORFIELDS EYE HOSPITAL NHS FOUNDATION TRUST,34932,8.33854166666667,September-2024
Y56,RPG,OXLEAS NHS FOUNDATION TRUST,2031,14.5119047619048,September-2024
Y56,RPY,THE ROYAL MARSDEN NHS FOUNDATION TRUST,2066,4.17894736842105,September-2024
Y56,RQM,CHELSEA AND WESTMINSTER HOSPITAL NHS FOUNDATION TRUST,60840,13.026622296173,September-2024
Y56,RQX,HOMERTON HEALTHCARE NHS FOUNDATION TRUST,34907,11.2915611814346,September-2024
Y56,RRV,UNIVERSITY COLLEGE LONDON HOSPITALS NHS FOUNDATION TRUST,74573,14.4207988980716,September-2024
Y56,RV3,CENTRAL AND NORTH WEST LONDON NHS FOUNDATION TRUST,1845,24.3695652173913,September-2024
Y56,RVR,EPSOM AND ST HELIER UNIVERSITY HOSPITALS NHS TRUST,51218,12.4703225806452,September-2024
Y56,RYJ,IMPERIAL COLLEGE HEALTHCARE NHS TRUST,96244,14.8231611893584,September-2024
Y58,R0D,UNIVERSITY HOSPITALS DORSET NHS FOUNDATION TRUST,68004,13.8529723991507,September-2024
Y58,RA7,UNIVERSITY HOSPITALS BRISTOL AND WESTON NHS FOUNDATION TRUST,56670,13.4709962168979,September-2024
Y58,RA9,TORBAY AND SOUTH DEVON NHS FOUNDATION TRUST,34102,12.7348394768133,September-2024
Y58,RBD,DORSET COUNTY HOSPITAL NHS FOUNDATION TRUST,21952,15.9569471624266,September-2024
Y58,RD1,ROYAL UNITED HOSPITALS BATH NHS FOUNDATION TRUST,37956,13.1148007590133,September-2024
Y58,REF,ROYAL CORNWALL HOSPITALS NHS TRUST,42699,10.849267540478,September-2024
Y58,RH5,SOMERSET NHS FOUNDATION TRUST,58079,12.7417962003454,September-2024
Y58,RH8,ROYAL DEVON UNIVERSITY HEALTHCARE NHS FOUNDATION TRUST,72319,14.622283981809,September-2024
Y58,RJ8,CORNWALL PARTNERSHIP NHS FOUNDATION TRUST,829,11.8489583333333,September-2024
Y58,RK9,UNIVERSITY HOSPITALS PLYMOUTH NHS TRUST,49322,13.8287671232877,September-2024
Y58,RN3,GREAT WESTERN HOSPITALS NHS FOUNDATION TRUST,43122,17.3093858632677,September-2024
Y58,RNZ,SALISBURY NHS FOUNDATION TRUST,28501,14.5898692810458,September-2024
Y58,RTE,GLOUCESTERSHIRE HOSPITALS NHS FOUNDATION TRUST,72659,11.4089684372594,September-2024
Y58,RVJ,NORTH BRISTOL NHS TRUST,45499,12.155160390516,September-2024
Y59,R1F,ISLE OF WIGHT NHS TRUST,15117,15.8400576368876,September-2024
Y59,RA2,ROYAL SURREY COUNTY HOSPITAL NHS FOUNDATION TRUST,37919,15.9119960668633,September-2024
Y59,RDR,SUSSEX COMMUNITY NHS FOUNDATION TRUST,5664,11.0869565217391,September-2024
Y59,RDU,FRIMLEY HEALTH NHS FOUNDATION TRUST,85657,17.9205721241631,September-2024
Y59,RHM,UNIVERSITY HOSPITAL SOUTHAMPTON NHS FOUNDATION TRUST,59647,12.6011979823455,September-2024
Y59,RHU,PORTSMOUTH HOSPITALS UNIVERSITY NATIONAL HEALTH SERVICE TRUST,62943,15.9144200626959,September-2024
Y59,RHW,ROYAL BERKSHIRE NHS FOUNDATION TRUST,34392,9.6839953271028,September-2024
Y59,RN5,HAMPSHIRE HOSPITALS NHS FOUNDATION TRUST,51971,14.8392718822618,September-2024
Y59,RN7,DARTFORD AND GRAVESHAM NHS TRUST,31263,11.6777456647399,September-2024
Y59,RPA,MEDWAY NHS FOUNDATION TRUST,42498,17.2604422604423,September-2024
Y59,RPC,QUEEN VICTORIA HOSPITAL NHS FOUNDATION TRUST,18895,15.1588693957115,September-2024
Y59,RTH,OXFORD UNIVERSITY HOSPITALS NHS FOUNDATION TRUST,89771,15.2585768742058,September-2024
Y59,RTK,ASHFORD AND ST PETER'S HOSPITALS NHS FOUNDATION TRUST,58102,13.8342857142857,September-2024
Y59,RTP,SURREY AND SUSSEX HEALTHCARE NHS TRUST,47730,14.1871013465627,September-2024
Y59,RVV,EAST KENT HOSPITALS UNIVERSITY NHS FOUNDATION TRUST,86724,17.6127703398558,September-2024
Y59,RW1,SOUTHERN HEALTH NHS FOUNDATION TRUST,3420,6.66666666666667,September-2024
Y59,RWF,MAIDSTONE AND TUNBRIDGE WELLS NHS TRUST,45235,11.1456280788177,September-2024
Y59,RWX,BERKSHIRE HEALTHCARE NHS FOUNDATION TRUST,154,5.0,September-2024
Y59,RXC,EAST SUSSEX HEALTHCARE NHS TRUST,56411,15.7367601246106,September-2024
Y59,RXQ,BUCKINGHAMSHIRE HEALTHCARE NHS TRUST,45269,16.1868178001679,September-2024
Y59,RYR,UNIVERSITY HOSPITALS SUSSEX NHS FOUNDATION TRUST,123861,20.8749344520189,September-2024
Y59,RYY,KENT COMMUNITY HEALTH NHS FOUNDATION TRUST,2152,3.52492668621701,September-2024
Y60,R1A,HEREFORDSHIRE AND WORCESTERSHIRE HEALTH AND CARE NHS TRUST,49,4.75,September-2024
Y60,R1D,SHROPSHIRE COMMUNITY HEALTH NHS TRUST,13303,16.7203125,September-2024
Y60,RBK,WALSALL HEALTHCARE NHS TRUST,29976,12.1430131004367,September-2024
Y60,RFS,CHESTERFIELD ROYAL HOSPITAL NHS FOUNDATION TRUST,28956,15.6315086782377,September-2024
Y60,RJC,SOUTH WARWICKSHIRE UNIVERSITY NHS FOUNDATION TRUST,33040,12.9354187689203,September-2024
Y60,RJE,UNIVERSITY HOSPITALS OF NORTH MIDLANDS NHS TRUST,74510,15.1772287862513,September-2024
Y60,RK5,SHERWOOD FOREST HOSPITALS NHS FOUNDATION TRUST,35505,12.9234146341463,September-2024
Y60,RKB,UNIVERSITY HOSPITALS COVENTRY AND WARWICKSHIRE NHS TRUST,81485,15.3037451361868,September-2024
Y60,RL1,THE ROBERT JONES AND AGNES HUNT ORTHOPAEDIC HOSPITAL NHS FOUNDATION TRUST,16408,19.1710526315789,September-2024
Y60,RL4,THE ROYAL WOLVERHAMPTON NHS TRUST,88842,16.6388408304498,September-2024
Y60,RLQ,WYE VALLEY NHS TRUST,24383,15.7702922077922,September-2024
Y60,RLT,GEORGE ELIOT HOSPITAL NHS TRUST,17046,14.1678321678322,September-2024
Y60,RNA,THE DUDLEY GROUP NHS FOUNDATION TRUST,49388,14.6505608283003,September-2024
Y60,RNQ,KETTERING GENERAL HOSPITAL NHS FOUNDATION TRUST,27692,12.1038824763903,September-2024
Y60,RNS,NORTHAMPTON GENERAL HOSPITAL NHS TRUST,40993,12.9278309409888,September-2024
Y60,RP7,LINCOLNSHIRE PARTNERSHIP NHS FOUNDATION TRUST,58,6.25,September-2024
Y60,RQ3,BIRMINGHAM WOMEN'S AND CHILDREN'S NHS FOUNDATION TRUST,26221,14.3585055643879,September-2024
Y60,RRE,MIDLANDS PARTNERSHIP NHS FOUNDATION TRUST,5048,3.63195691202873,September-2024
Y60,RRJ,THE ROYAL ORTHOPAEDIC HOSPITAL NHS FOUNDATION TRUST,15069,16.4641873278237,September-2024
Y60,RRK,UNIVERSITY HOSPITALS BIRMINGHAM NHS FOUNDATION TRUST,119166,17.5118198874296,September-2024
Y60,RTG,UNIVERSITY HOSPITALS OF DERBY AND BURTON NHS FOUNDATION TRUST,107539,16.4745481372187,September-2024
Y60,RWD,UNITED LINCOLNSHIRE HOSPITALS NHS TRUST,71779,17.5596786534047,September-2024
Y60,RWE,UNIVERSITY HOSPITALS OF LEICESTER NHS TRUST,112490,15.2601226993865,September-2024
Y60,RWP,WORCESTERSHIRE ACUTE HOSPITALS NHS TRUST,60665,15.4192004504505,September-2024
Y60,RX1,NOTTINGHAM UNIVERSITY HOSPITALS NHS TRUST,88258,15.0413258717176,September-2024
Y60,RXK,SANDWELL AND WEST BIRMINGHAM HOSPITALS NHS TRUST,76716,16.2376033057851,September-2024
Y60,RXW,THE SHREWSBURY AND TELFORD HOSPITAL NHS TRUST,47529,20.289175257732,September-2024
Y60,RYW,BIRMINGHAM COMMUNITY HEALTHCARE NHS FOUNDATION TRUST,16267,12.7851153039832,September-2024
Y61,R1L,ESSEX PARTNERSHIP UNIVERSITY NHS FOUNDATION TRUST,871,10.6379310344828,September-2024
Y61,RAJ,MID AND SOUTH ESSEX NHS FOUNDATION TRUST,166315,17.1210796139928,September-2024
Y61,RC9,BEDFORDSHIRE HOSPITALS NHS FOUNDATION TRUST,100092,16.993893129771,September-2024
Y61,RCX,"THE QUEEN ELIZABETH HOSPITAL, KING'S LYNN, NHS FOUNDATION TRUST",26486,15.3418803418803,September-2024
Y61,RD8,MILTON KEYNES UNIVERSITY HOSPITAL NHS FOUNDATION TRUST,37194,21.1407035175879,September-2024
Y61,RDE,EAST SUFFOLK AND NORTH ESSEX NHS FOUNDATION TRUST,91213,15.6597736177623,September-2024
Y61,RGM,ROYAL PAPWORTH HOSPITAL NHS FOUNDATION TRUST,7315,12.6921487603306,September-2024
Y61,RGN,NORTH WEST ANGLIA NHS FOUNDATION TRUST,78781,16.5518345952242,September-2024
Y61,RGP,JAMES PAGET UNIVERSITY HOSPITALS NHS FOUNDATION TRUST,31928,15.9643328929987,September-2024
Y61,RGR,WEST SUFFOLK NHS FOUNDATION TRUST,33863,13.9994298745724,September-2024
Y61,RGT,CAMBRIDGE UNIVERSITY HOSPITALS NHS FOUNDATION TRUST,64704,14.1421772754313,September-2024
Y61,RM1,NORFOLK AND NORWICH UNIVERSITY HOSPITALS NHS FOUNDATION TRUST,84936,17.0233998623538,September-2024
Y61,RQW,THE PRINCESS ALEXANDRA HOSPITAL NHS TRUST,35131,18.362977602108,September-2024
Y61,RT1,CAMBRIDGESHIRE AND PETERBOROUGH NHS FOUNDATION TRUST,319,30.7727272727273,September-2024
Y61,RWG,WEST HERTFORDSHIRE TEACHING HOSPITALS NHS TRUST,47795,14.7220229555237,September-2024
Y61,RWH,EAST AND NORTH HERTFORDSHIRE NHS TRUST,56277,14.5633572828217,September-2024
Y62,R0A,MANCHESTER UNIVERSITY NHS FOUNDATION TRUST,194481,18.7489864864865,September-2024
Y62,RBL,WIRRAL UNIVERSITY TEACHING HOSPITAL NHS FOUNDATION TRUST,47469,14.4412258606213,September-2024
Y62,RBN,MERSEY AND WEST LANCASHIRE TEACHING HOSPITALS NHS TRUST,81020,14.4096628082536,September-2024
Y62,RBQ,LIVERPOOL HEART AND CHEST HOSPITAL NHS FOUNDATION TRUST,5472,11.3133640552995,September-2024
Y62,RBS,ALDER HEY CHILDREN'S NHS FOUNDATION TRUST,23256,16.2808112324493,September-2024
Y62,RBT,MID CHESHIRE HOSPITALS NHS FOUNDATION TRUST,39688,15.481884057971,September-2024
Y62,RBV,THE CHRISTIE NHS FOUNDATION TRUST,2558,3.93650793650794,September-2024
Y62,REM,LIVERPOOL UNIVERSITY HOSPITALS NHS FOUNDATION TRUST,73794,16.7672264041691,September-2024
Y62,REN,THE CLATTERBRIDGE CANCER CENTRE NHS FOUNDATION TRUST,1267,6.25824175824176,September-2024
Y62,REP,LIVERPOOL WOMEN'S NHS FOUNDATION TRUST,16341,17.3257042253521,September-2024
Y62,RET,THE WALTON CENTRE NHS FOUNDATION TRUST,16697,14.4253012048193,September-2024
Y62,RJN,EAST CHESHIRE NHS TRUST,12444,14.3024691358025,September-2024
Y62,RJR,COUNTESS OF CHESTER HOSPITAL NHS FOUNDATION TRUST,33204,18.2230576441103,September-2024
Y62,RM3,NORTHERN CARE ALLIANCE NHS FOUNDATION TRUST,142609,16.8349325337331,September-2024
Y62,RMC,BOLTON NHS FOUNDATION TRUST,43332,16.7729885057471,September-2024
Y62,RMP,TAMESIDE AND GLOSSOP INTEGRATED CARE NHS FOUNDATION TRUST,19764,12.7207547169811,September-2024
Y62,RRF,"WRIGHTINGTON, WIGAN AND LEIGH NHS FOUNDATION TRUST",52134,15.8878357030016,September-2024
Y62,RTX,UNIVERSITY HOSPITALS OF MORECAMBE BAY NHS FOUNDATION TRUST,32307,10.7793209876543,September-2024
Y62,RW4,MERSEY CARE NHS FOUNDATION TRUST,52,1.84210526315789,September-2024
Y62,RW5,LANCASHIRE & SOUTH CUMBRIA NHS FOUNDATION TRUST,1688,2.82304526748971,September-2024
Y62,RWJ,STOCKPORT NHS FOUNDATION TRUST,36865,16.6769499417928,September-2024
Y62,RWW,WARRINGTON AND HALTON TEACHING HOSPITALS NHS FOUNDATION TRUST,35058,14.7510162601626,September-2024
Y62,RXL,BLACKPOOL TEACHING HOSPITALS NHS FOUNDATION TRUST,33549,15.067726737338,September-2024
Y62,RXN,LANCASHIRE TEACHING HOSPITALS NHS FOUNDATION TRUST,57829,15.0610875706215,September-2024
Y62,RXR,EAST LANCASHIRE HOSPITALS NHS TRUST,68132,15.7209439528024,September-2024
Y63,R0B,SOUTH TYNESIDE AND SUNDERLAND NHS FOUNDATION TRUST,61098,10.0485908649174,September-2024
Y63,RAE,BRADFORD TEACHING HOSPITALS NHS FOUNDATION TRUST,35148,13.1740442655936,September-2024
Y63,RCB,YORK AND SCARBOROUGH TEACHING HOSPITALS NHS FOUNDATION TRUST,45019,15.7417777777778,September-2024
Y63,RCD,HARROGATE AND DISTRICT NHS FOUNDATION TRUST,23069,11.9203821656051,September-2024
Y63,RCF,AIREDALE NHS FOUNDATION TRUST,14478,11.5173824130879,September-2024
Y63,RCU,SHEFFIELD CHILDREN'S NHS FOUNDATION TRUST,12473,12.5420918367347,September-2024
Y63,RFF,BARNSLEY HOSPITAL NHS FOUNDATION TRUST,21928,9.93919652551574,September-2024
Y63,RFR,THE ROTHERHAM NHS FOUNDATION TRUST,32918,13.4272540983607,September-2024
Y63,RHQ,SHEFFIELD TEACHING HOSPITALS NHS FOUNDATION TRUST,96755,12.6953525009846,September-2024
Y63,RJL,NORTHERN LINCOLNSHIRE AND GOOLE NHS FOUNDATION TRUST,42857,15.6132075471698,September-2024
Y63,RNN,NORTH CUMBRIA INTEGRATED CARE NHS FOUNDATION TRUST,38062,14.3073022312373,September-2024
Y63,RP5,DONCASTER AND BASSETLAW TEACHING HOSPITALS NHS FOUNDATION TRUST,56475,14.0819397993311,September-2024
Y63,RR7,GATESHEAD HEALTH NHS FOUNDATION TRUST,12083,10.9828042328042,September-2024
Y63,RR8,LEEDS TEACHING HOSPITALS NHS TRUST,88107,11.8703327922078,September-2024
Y63,RTD,THE NEWCASTLE UPON TYNE HOSPITALS NHS FOUNDATION TRUST,101085,11.4377528789294,September-2024
Y63,RTF,NORTHUMBRIA HEALTHCARE NHS FOUNDATION TRUST,34535,10.1882393876131,September-2024
Y63,RTR,SOUTH TEES HOSPITALS NHS FOUNDATION TRUST,56848,14.2483574244415,September-2024
Y63,RVW,NORTH TEES AND HARTLEPOOL NHS FOUNDATION TRUST,20616,9.82097186700767,September-2024
Y63,RWA,HULL UNIVERSITY TEACHING HOSPITALS NHS TRUST,79557,14.7723335138062,September-2024
Y63,RWY,CALDERDALE AND HUDDERSFIELD NHS FOUNDATION TRUST,35702,11.0821033210332,September-2024
Y63,RX4,"CUMBRIA, NORTHUMBERLAND, TYNE AND WEAR NHS FOUNDATION TRUST",204,5.5,September-2024
Y63,RXF,MID YORKSHIRE TEACHING NHS TRUST,55807,13.7653733528551,September-2024
Y63,RXG,SOUTH WEST YORKSHIRE PARTNERSHIP NHS FOUNDATION TRUST,3894,3.93436293436293,September-2024
Y63,RXP,COUNTY DURHAM AND DARLINGTON NHS FOUNDATION TRUST,40283,11.4920462762111,September-2024
Y63,RY6,LEEDS COMMUNITY HEALTHCARE NHS TRUST,233,40.875,September-2024
Y63,TAD,BRADFORD DISTRICT CARE NHS FOUNDATION TRUST,585,7.64285714285714,September-2024
Y56,R1H,BARTS HEALTH NHS TRUST,127044,15.4808657465496,October-2024
Y56,R1K,LONDON NORTH WEST UNIVERSITY HEALTHCARE NHS TRUST,94952,19.8354430379747,October-2024
Y56,RAL,ROYAL FREE LONDON NHS FOUNDATION TRUST,111910,15.0639651707971,October-2024
Y56,RAN,ROYAL NATIONAL ORTHOPAEDIC HOSPITAL NHS TRUST,8300,11.0501792114695,October-2024
Y56,RAP,NORTH MIDDLESEX UNIVERSITY HOSPITAL NHS TRUST,27247,11.2852975495916,October-2024
Y56,RAS,THE HILLINGDON HOSPITALS NHS FOUNDATION TRUST,27652,16.1752336448598,October-2024
Y56,RAX,KINGSTON HOSPITAL NHS FOUNDATION TRUST,39815,13.4265381083563,October-2024
Y56,RF4,"BARKING, HAVERING AND REDBRIDGE UNIVERSITY HOSPITALS NHS TRUST",60490,11.9289150187066,October-2024
Y56,RJ1,GUY'S AND ST THOMAS' NHS FOUNDATION TRUST,131354,15.4452251676781,October-2024
Y56,RJ2,LEWISHAM AND GREENWICH NHS TRUST,69328,15.583152173913,October-2024
Y56,RJ6,CROYDON HEALTH SERVICES NHS TRUST,34483,10.990157480315,October-2024
Y56,RJ7,ST GEORGE'S UNIVERSITY HOSPITALS NHS FOUNDATION TRUST,67463,12.8860090588827,October-2024
Y56,RJZ,KING'S COLLEGE HOSPITAL NHS FOUNDATION TRUST,92126,14.3816700610998,October-2024
Y56,RKE,WHITTINGTON HEALTH NHS TRUST,23598,12.234328358209,October-2024
Y56,RP4,GREAT ORMOND STREET HOSPITAL FOR CHILDREN NHS FOUNDATION TRUST,8052,10.7632311977716,October-2024
Y56,RP6,MOORFIELDS EYE HOSPITAL NHS FOUNDATION TRUST,33872,7.93764705882353,October-2024
Y56,RPG,OXLEAS NHS FOUNDATION TRUST,2144,15.3488372093023,October-2024
Y56,RPY,THE ROYAL MARSDEN NHS FOUNDATION TRUST,1957,3.87430167597765,October-2024
Y56,RQM,CHELSEA AND WESTMINSTER HOSPITAL NHS FOUNDATION TRUST,61475,12.8226614699332,October-2024
Y56,RQX,HOMERTON HEALTHCARE NHS FOUNDATION TRUST,35703,10.908,October-2024
Y56,RRV,UNIVERSITY COLLEGE LONDON HOSPITALS NHS FOUNDATION TRUST,74342,14.3868493150685,October-2024
Y56,RV3,CENTRAL AND NORTH WEST LONDON NHS FOUNDATION TRUST,1875,26.1666666666667,October-2024
Y56,RVR,EPSOM AND ST HELIER UNIVERSITY HOSPITALS NHS TRUST,50296,12.475625,October-2024
Y56,RYJ,IMPERIAL COLLEGE HEALTHCARE NHS TRUST,95547,14.5443799253422,October-2024
Y58,R0D,UNIVERSITY HOSPITALS DORSET NHS FOUNDATION TRUST,67962,13.9421875,October-2024
Y58,RA7,UNIVERSITY HOSPITALS BRISTOL AND WESTON NHS FOUNDATION TRUST,55248,13.4411979547115,October-2024
Y58,RA9,TORBAY AND SOUTH DEVON NHS FOUNDATION TRUST,33889,12.1815203145478,October-2024
Y58,RBD,DORSET COUNTY HOSPITAL NHS FOUNDATION TRUST,21950,15.2461273666093,October-2024
Y58,RD1,ROYAL UNITED HOSPITALS BATH NHS FOUNDATION TRUST,39169,13.0196526508227,October-2024
Y58,REF,ROYAL CORNWALL HOSPITALS NHS TRUST,42673,10.5623040752351,October-2024
Y58,RH5,SOMERSET NHS FOUNDATION TRUST,58693,12.7221878862794,October-2024
Y58,RH8,ROYAL DEVON UNIVERSITY HEALTHCARE NHS FOUNDATION TRUST,71643,14.6576650300055,October-2024
Y58,RJ8,CORNWALL PARTNERSHIP NHS FOUNDATION TRUST,768,8.82758620689655,October-2024
Y58,RK9,UNIVERSITY HOSPITALS PLYMOUTH NHS TRUST,49465,13.4140365448505,October-2024
Y58,RN3,GREAT WESTERN HOSPITALS NHS FOUNDATION TRUST,41673,17.1376008064516,October-2024
Y58,RNZ,SALISBURY NHS FOUNDATION TRUST,28308,14.3775933609959,October-2024
Y58,RTE,GLOUCESTERSHIRE HOSPITALS NHS FOUNDATION TRUST,72742,10.9409888357257,October-2024
Y58,RVJ,NORTH BRISTOL NHS TRUST,44782,11.6480620155039,October-2024
Y59,R1F,ISLE OF WIGHT NHS TRUST,14762,15.8769230769231,October-2024
Y59,RA2,ROYAL SURREY COUNTY HOSPITAL NHS FOUNDATION TRUST,37955,15.9334365325077,October-2024
Y59,RDR,SUSSEX COMMUNITY NHS FOUNDATION TRUST,5413,11.6818181818182,October-2024
Y59,RDU,FRIMLEY HEALTH NHS FOUNDATION TRUST,85092,17.6496191512514,October-2024
Y59,RHM,UNIVERSITY HOSPITAL SOUTHAMPTON NHS FOUNDATION TRUST,60869,12.5964658169177,October-2024
Y59,RHU,PORTSMOUTH HOSPITALS UNIVERSITY NATIONAL HEALTH SERVICE TRUST,62236,15.9877078814172,October-2024
Y59,RHW,ROYAL BERKSHIRE NHS FOUNDATION TRUST,33678,9.77177177177177,October-2024
Y59,RN5,HAMPSHIRE HOSPITALS NHS FOUNDATION TRUST,52432,14.5954508529651,October-2024
Y59,RN7,DARTFORD AND GRAVESHAM NHS TRUST,30931,11.9631057268722,October-2024
Y59,RPA,MEDWAY NHS FOUNDATION TRUST,42134,17.545101842871,October-2024
Y59,RPC,QUEEN VICTORIA HOSPITAL NHS FOUNDATION TRUST,19135,15.1666666666667,October-2024
Y59,RTH,OXFORD UNIVERSITY HOSPITALS NHS FOUNDATION TRUST,90247,14.6780785562633,October-2024
Y59,RTK,ASHFORD AND ST PETER'S HOSPITALS NHS FOUNDATION TRUST,58136,13.9658725048294,October-2024
Y59,RTP,SURREY AND SUSSEX HEALTHCARE NHS TRUST,49180,14.0320987654321,October-2024
Y59,RVV,EAST KENT HOSPITALS UNIVERSITY NHS FOUNDATION TRUST,85971,17.7700411099692,October-2024
Y59,RW1,HAMPSHIRE AND ISLE OF WIGHT HEALTHCARE NHS FOUNDATION TRUST,3838,5.48192771084337,October-2024
Y59,RWF,MAIDSTONE AND TUNBRIDGE WELLS NHS TRUST,45423,10.7117576484703,October-2024
Y59,RWX,BERKSHIRE HEALTHCARE NHS FOUNDATION TRUST,146,5.76923076923077,October-2024
Y59,RXC,EAST SUSSEX HEALTHCARE NHS TRUST,55340,16.3177283192632,October-2024
Y59,RXQ,BUCKINGHAMSHIRE HEALTHCARE NHS TRUST,44775,15.8635986733002,October-2024
Y59,RYR,UNIVERSITY HOSPITALS SUSSEX NHS FOUNDATION TRUST,119783,19.9276457883369,October-2024
Y59,RYY,KENT COMMUNITY HEALTH NHS FOUNDATION TRUST,2207,3.23932926829268,October-2024
Y60,R1A,HEREFORDSHIRE AND WORCESTERSHIRE HEALTH AND CARE NHS TRUST,44,5.0,October-2024
Y60,R1D,SHROPSHIRE COMMUNITY HEALTH NHS TRUST,12443,15.5678466076696,October-2024
Y60,RBK,WALSALL HEALTHCARE NHS TRUST,29763,11.9130190796857,October-2024
Y60,RFS,CHESTERFIELD ROYAL HOSPITAL NHS FOUNDATION TRUST,28546,15.2119944211994,October-2024
Y60,RJC,SOUTH WARWICKSHIRE UNIVERSITY NHS FOUNDATION TRUST,33122,12.6062124248497,October-2024
Y60,RJE,UNIVERSITY HOSPITALS OF NORTH MIDLANDS NHS TRUST,74667,15.1177024482109,October-2024
Y60,RK5,SHERWOOD FOREST HOSPITALS NHS FOUNDATION TRUST,35438,12.7123015873016,October-2024
Y60,RKB,UNIVERSITY HOSPITALS COVENTRY AND WARWICKSHIRE NHS TRUST,83590,15.6159420289855,October-2024
Y60,RL1,THE ROBERT JONES AND AGNES HUNT ORTHOPAEDIC HOSPITAL NHS FOUNDATION TRUST,16749,19.6511299435028,October-2024
Y60,RL4,THE ROYAL WOLVERHAMPTON NHS TRUST,89370,16.6886657101865,October-2024
Y60,RLQ,WYE VALLEY NHS TRUST,24416,15.3093922651934,October-2024
Y60,RLT,GEORGE ELIOT HOSPITAL NHS TRUST,17751,14.1675191815857,October-2024
Y60,RNA,THE DUDLEY GROUP NHS FOUNDATION TRUST,48325,14.413567839196,October-2024
Y60,RNQ,KETTERING GENERAL HOSPITAL NHS FOUNDATION TRUST,25801,12.4346210995542,October-2024
Y60,RNS,NORTHAMPTON GENERAL HOSPITAL NHS TRUST,41310,13.0562730627306,October-2024
Y60,RP7,LINCOLNSHIRE PARTNERSHIP NHS FOUNDATION TRUST,39,4.9,October-2024
Y60,RQ3,BIRMINGHAM WOMEN'S AND CHILDREN'S NHS FOUNDATION TRUST,25636,14.7986463620981,October-2024
Y60,RRE,MIDLANDS PARTNERSHIP UNIVERSITY NHS FOUNDATION TRUST,4657,3.04659090909091,October-2024
Y60,RRJ,THE ROYAL ORTHOPAEDIC HOSPITAL NHS FOUNDATION TRUST,14901,16.8509036144578,October-2024
Y60,RRK,UNIVERSITY HOSPITALS BIRMINGHAM NHS FOUNDATION TRUST,115348,17.4041211101766,October-2024
Y60,RTG,UNIVERSITY HOSPITALS OF DERBY AND BURTON NHS FOUNDATION TRUST,107171,16.2666789531884,October-2024
Y60,RWD,UNITED LINCOLNSHIRE HOSPITALS NHS TRUST,71833,16.915239220319,October-2024
Y60,RWE,UNIVERSITY HOSPITALS OF LEICESTER NHS TRUST,112629,15.2248961218837,October-2024
Y60,RWP,WORCESTERSHIRE ACUTE HOSPITALS NHS TRUST,59778,15.330755502677,October-2024
Y60,RX1,NOTTINGHAM UNIVERSITY HOSPITALS NHS TRUST,87344,15.1762835074966,October-2024
Y60,RXK,SANDWELL AND WEST BIRMINGHAM HOSPITALS NHS TRUST,76066,16.8284671532847,October-2024
Y60,RXW,THE SHREWSBURY AND TELFORD HOSPITAL NHS TRUST,47713,19.3518134715026,October-2024
Y60,RYW,BIRMINGHAM COMMUNITY HEALTHCARE NHS FOUNDATION TRUST,16479,11.9810469314079,October-2024
Y61,R1L,ESSEX PARTNERSHIP UNIVERSITY NHS FOUNDATION TRUST,973,8.35714285714286,October-2024
Y61,RAJ,MID AND SOUTH ESSEX NHS FOUNDATION TRUST,164041,16.9995875721749,October-2024
Y61,RC9,BEDFORDSHIRE HOSPITALS NHS FOUNDATION TRUST,98303,17.374764949229,October-2024
Y61,RCX,"THE QUEEN ELIZABETH HOSPITAL, KING'S LYNN, NHS FOUNDATION TRUST",26139,15.106864274571,October-2024
Y61,RD8,MILTON KEYNES UNIVERSITY HOSPITAL NHS FOUNDATION TRUST,36144,20.6787678767877,October-2024
Y61,RDE,EAST SUFFOLK AND NORTH ESSEX NHS FOUNDATION TRUST,92593,15.704862674471,October-2024
Y61,RGM,ROYAL PAPWORTH HOSPITAL NHS FOUNDATION TRUST,7411,12.7879464285714,October-2024
Y61,RGN,NORTH WEST ANGLIA NHS FOUNDATION TRUST,78196,16.7109330280481,October-2024
Y61,RGP,JAMES PAGET UNIVERSITY HOSPITALS NHS FOUNDATION TRUST,31969,15.87775202781,October-2024
Y61,RGR,WEST SUFFOLK NHS FOUNDATION TRUST,33971,14.0061590145577,October-2024
Y61,RGT,CAMBRIDGE UNIVERSITY HOSPITALS NHS FOUNDATION TRUST,65218,14.1256038647343,October-2024
Y61,RM1,NORFOLK AND NORWICH UNIVERSITY HOSPITALS NHS FOUNDATION TRUST,84064,17.0748873873874,October-2024
Y61,RQW,THE PRINCESS ALEXANDRA HOSPITAL NHS TRUST,34188,19.4530303030303,October-2024
Y61,RT1,CAMBRIDGESHIRE AND PETERBOROUGH NHS FOUNDATION TRUST,322,28.2857142857143,October-2024
Y61,RWG,WEST HERTFORDSHIRE TEACHING HOSPITALS NHS TRUST,46166,14.3404255319149,October-2024
Y61,RWH,EAST AND NORTH HERTFORDSHIRE NHS TRUST,57660,14.2952871870398,October-2024
Y62,R0A,MANCHESTER UNIVERSITY NHS FOUNDATION TRUST,196986,18.7822410147992,October-2024
Y62,RBL,WIRRAL UNIVERSITY TEACHING HOSPITAL NHS FOUNDATION TRUST,47262,14.2445030782762,October-2024
Y62,RBN,MERSEY AND WEST LANCASHIRE TEACHING HOSPITALS NHS TRUST,81555,13.9573310423826,October-2024
Y62,RBQ,LIVERPOOL HEART AND CHEST HOSPITAL NHS FOUNDATION TRUST,5701,10.2305389221557,October-2024
Y62,RBS,ALDER HEY CHILDREN'S NHS FOUNDATION TRUST,22979,15.8518850987433,October-2024
Y62,RBT,MID CHESHIRE HOSPITALS NHS FOUNDATION TRUST,39748,15.7686996547756,October-2024
Y62,RBV,THE CHRISTIE NHS FOUNDATION TRUST,4316,5.07262569832402,October-2024
Y62,REM,LIVERPOOL UNIVERSITY HOSPITALS NHS FOUNDATION TRUST,70379,15.9443061605476,October-2024
Y62,REN,THE CLATTERBRIDGE CANCER CENTRE NHS FOUNDATION TRUST,845,5.26056338028169,October-2024
Y62,REP,LIVERPOOL WOMEN'S NHS FOUNDATION TRUST,16091,17.0451895043732,October-2024
Y62,RET,THE WALTON CENTRE NHS FOUNDATION TRUST,16419,13.9192307692308,October-2024
Y62,RJN,EAST CHESHIRE NHS TRUST,12406,13.8041237113402,October-2024
Y62,RJR,COUNTESS OF CHESTER HOSPITAL NHS FOUNDATION TRUST,34355,17.8449008498584,October-2024
Y62,RM3,NORTHERN CARE ALLIANCE NHS FOUNDATION TRUST,143367,16.7067874604544,October-2024
Y62,RMC,BOLTON NHS FOUNDATION TRUST,42838,16.5418933623504,October-2024
Y62,RMP,TAMESIDE AND GLOSSOP INTEGRATED CARE NHS FOUNDATION TRUST,19953,12.0651041666667,October-2024
Y62,RRF,"WRIGHTINGTON, WIGAN AND LEIGH NHS FOUNDATION TRUST",53381,16.3891871165644,October-2024
Y62,RTX,UNIVERSITY HOSPITALS OF MORECAMBE BAY NHS FOUNDATION TRUST,32518,10.3574144486692,October-2024
Y62,RW4,MERSEY CARE NHS FOUNDATION TRUST,51,1.59375,October-2024
Y62,RW5,LANCASHIRE & SOUTH CUMBRIA NHS FOUNDATION TRUST,1514,2.92123287671233,October-2024
Y62,RWJ,STOCKPORT NHS FOUNDATION TRUST,36537,16.2462025316456,October-2024
Y62,RWW,WARRINGTON AND HALTON TEACHING HOSPITALS NHS FOUNDATION TRUST,34661,14.5148026315789,October-2024
Y62,RXL,BLACKPOOL TEACHING HOSPITALS NHS FOUNDATION TRUST,33405,15.0106783919598,October-2024
Y62,RXN,LANCASHIRE TEACHING HOSPITALS NHS FOUNDATION TRUST,58679,14.7752707581227,October-2024
Y62,RXR,EAST LANCASHIRE HOSPITALS NHS TRUST,66276,15.1749716874292,October-2024
Y63,R0B,SOUTH TYNESIDE AND SUNDERLAND NHS FOUNDATION TRUST,60828,9.43656938653961,October-2024
Y63,RAE,BRADFORD TEACHING HOSPITALS NHS FOUNDATION TRUST,34887,13.3926728586171,October-2024
Y63,RCB,YORK AND SCARBOROUGH TEACHING HOSPITALS NHS FOUNDATION TRUST,44046,15.7778730703259,October-2024
Y63,RCD,HARROGATE AND DISTRICT NHS FOUNDATION TRUST,23115,11.7773876404494,October-2024
Y63,RCF,AIREDALE NHS FOUNDATION TRUST,14298,11.0729166666667,October-2024
Y63,RCU,SHEFFIELD CHILDREN'S NHS FOUNDATION TRUST,12134,11.9349845201238,October-2024
Y63,RFF,BARNSLEY HOSPITAL NHS FOUNDATION TRUST,21931,9.65178571428571,October-2024
Y63,RFR,THE ROTHERHAM NHS FOUNDATION TRUST,32094,13.0906002265006,October-2024
Y63,RHQ,SHEFFIELD TEACHING HOSPITALS NHS FOUNDATION TRUST,96769,12.698258804907,October-2024
Y63,RJL,NORTHERN LINCOLNSHIRE AND GOOLE NHS FOUNDATION TRUST,44817,14.1944696282865,October-2024
Y63,RNN,NORTH CUMBRIA INTEGRATED CARE NHS FOUNDATION TRUST,38096,14.6110444177671,October-2024
Y63,RP5,DONCASTER AND BASSETLAW TEACHING HOSPITALS NHS FOUNDATION TRUST,56498,14.2219873150106,October-2024
Y63,RR7,GATESHEAD HEALTH NHS FOUNDATION TRUST,12101,10.9278481012658,October-2024
Y63,RR8,LEEDS TEACHING HOSPITALS NHS TRUST,87287,11.7348328518366,October-2024
Y63,RTD,THE NEWCASTLE UPON TYNE HOSPITALS NHS FOUNDATION TRUST,100932,11.0283540802213,October-2024
Y63,RTF,NORTHUMBRIA HEALTHCARE NHS FOUNDATION TRUST,34934,10.209273947529,October-2024
Y63,RTR,SOUTH TEES HOSPITALS NHS FOUNDATION TRUST,57512,13.9078864353312,October-2024
Y63,RVW,NORTH TEES AND HARTLEPOOL NHS FOUNDATION TRUST,19926,9.7436974789916,October-2024
Y63,RWA,HULL UNIVERSITY TEACHING HOSPITALS NHS TRUST,80487,14.8360244988864,October-2024
Y63,RWY,CALDERDALE AND HUDDERSFIELD NHS FOUNDATION TRUST,35193,10.800621669627,October-2024
Y63,RX4,"CUMBRIA, NORTHUMBERLAND, TYNE AND WEAR NHS FOUNDATION TRUST",233,5.13888888888889,October-2024
Y63,RXF,MID YORKSHIRE TEACHING NHS TRUST,55326,13.562018220042,October-2024
Y63,RXG,SOUTH WEST YORKSHIRE PARTNERSHIP NHS FOUNDATION TRUST,4037,4.54702194357367,October-2024
Y63,RXP,COUNTY DURHAM AND DARLINGTON NHS FOUNDATION TRUST,39391,11.2798594847775,October-2024
Y63,RY6,LEEDS COMMUNITY HEALTHCARE NHS TRUST,184,42.92,October-2024
Y63,TAD,BRADFORD DISTRICT CARE NHS FOUNDATION TRUST,550,7.7,October-2024
Y56,R1H,BARTS HEALTH NHS TRUST,127232,15.4527075812274,November-2024
Y56,R1K,LONDON NORTH WEST UNIVERSITY HEALTHCARE NHS TRUST,92390,19.0378103837472,November-2024
Y56,RAL,ROYAL FREE LONDON NHS FOUNDATION TRUST,111904,15.0349907918969,November-2024
Y56,RAN,ROYAL NATIONAL ORTHOPAEDIC HOSPITAL NHS TRUST,8139,10.9324324324324,November-2024
Y56,RAP,NORTH MIDDLESEX UNIVERSITY HOSPITAL NHS TRUST,28382,11.3592342342342,November-2024
Y56,RAS,THE HILLINGDON HOSPITALS NHS FOUNDATION TRUST,27002,16.6746143057503,November-2024
Y56,RAX,KINGSTON AND RICHMOND NHS FOUNDATION TRUST,39002,13.4544419134396,November-2024
Y56,RF4,"BARKING, HAVERING AND REDBRIDGE UNIVERSITY HOSPITALS NHS TRUST",57713,11.1333523700742,November-2024
Y56,RJ1,GUY'S AND ST THOMAS' NHS FOUNDATION TRUST,129230,14.4819041408543,November-2024
Y56,RJ2,LEWISHAM AND GREENWICH NHS TRUST,66407,15.0463851567498,November-2024
Y56,RJ6,CROYDON HEALTH SERVICES NHS TRUST,33911,11.0860091743119,November-2024
Y56,RJ7,ST GEORGE'S UNIVERSITY HOSPITALS NHS FOUNDATION TRUST,67344,12.7832847424684,November-2024
Y56,RJZ,KING'S COLLEGE HOSPITAL NHS FOUNDATION TRUST,87436,14.3436734693878,November-2024
Y56,RKE,WHITTINGTON HEALTH NHS TRUST,25327,11.7575163398693,November-2024
Y56,RP4,GREAT ORMOND STREET HOSPITAL FOR CHILDREN NHS FOUNDATION TRUST,7665,11.1087786259542,November-2024
Y56,RP6,MOORFIELDS EYE HOSPITAL NHS FOUNDATION TRUST,33281,7.46851311953353,November-2024
Y56,RPG,OXLEAS NHS FOUNDATION TRUST,2096,18.2105263157895,November-2024
Y56,RPY,THE ROYAL MARSDEN NHS FOUNDATION TRUST,2068,3.80864197530864,November-2024
Y56,RQM,CHELSEA AND WESTMINSTER HOSPITAL NHS FOUNDATION TRUST,62264,12.6009268795057,November-2024
Y56,RQX,HOMERTON HEALTHCARE NHS FOUNDATION TRUST,34681,10.9328291814947,November-2024
Y56,RRV,UNIVERSITY COLLEGE LONDON HOSPITALS NHS FOUNDATION TRUST,74506,14.0362204724409,November-2024
Y56,RV3,CENTRAL AND NORTH WEST LONDON NHS FOUNDATION TRUST,1969,27.474358974359,November-2024
Y56,RVR,EPSOM AND ST HELIER UNIVERSITY HOSPITALS NHS TRUST,50386,11.8824604141291,November-2024
Y56,RYJ,IMPERIAL COLLEGE HEALTHCARE NHS TRUST,91602,14.6916260522818,November-2024
Y58,R0D,UNIVERSITY HOSPITALS DORSET NHS FOUNDATION TRUST,67388,13.1512027491409,November-2024
Y58,RA7,UNIVERSITY HOSPITALS BRISTOL AND WESTON NHS FOUNDATION TRUST,54998,12.1693121693122,November-2024
Y58,RA9,TORBAY AND SOUTH DEVON NHS FOUNDATION TRUST,32869,12.1784064665127,November-2024
Y58,RBD,DORSET COUNTY HOSPITAL NHS FOUNDATION TRUST,21693,14.3351293103448,November-2024
Y58,RD1,ROYAL UNITED HOSPITALS BATH NHS FOUNDATION TRUST,39833,12.7290178571429,November-2024
Y58,REF,ROYAL CORNWALL HOSPITALS NHS TRUST,41968,10.0803571428571,November-2024
Y58,RH5,SOMERSET NHS FOUNDATION TRUST,59549,12.5658938377059,November-2024
Y58,RH8,ROYAL DEVON UNIVERSITY HEALTHCARE NHS FOUNDATION TRUST,70905,14.4991638795987,November-2024
Y58,RJ8,CORNWALL PARTNERSHIP NHS FOUNDATION TRUST,553,8.10714285714286,November-2024
Y58,RK9,UNIVERSITY HOSPITALS PLYMOUTH NHS TRUST,48587,13.1802832244009,November-2024
Y58,RN3,GREAT WESTERN HOSPITALS NHS FOUNDATION TRUST,40095,16.6425149700599,November-2024
Y58,RNZ,SALISBURY NHS FOUNDATION TRUST,27773,14.5488466757123,November-2024
Y58,RTE,GLOUCESTERSHIRE HOSPITALS NHS FOUNDATION TRUST,73496,10.5917464996315,November-2024
Y58,RVJ,NORTH BRISTOL NHS TRUST,43935,11.2112622826909,November-2024
Y59,R1F,ISLE OF WIGHT NHS TRUST,14607,15.78125,November-2024
Y59,RA2,ROYAL SURREY COUNTY HOSPITAL NHS FOUNDATION TRUST,36879,15.5030940594059,November-2024
Y59,RDR,SUSSEX COMMUNITY NHS FOUNDATION TRUST,5239,12.0348837209302,November-2024
Y59,RDU,FRIMLEY HEALTH NHS FOUNDATION TRUST,82908,17.3433734939759,November-2024
Y59,RHM,UNIVERSITY HOSPITAL SOUTHAMPTON NHS FOUNDATION TRUST,60329,12.5648599269184,November-2024
Y59,RHU,PORTSMOUTH HOSPITALS UNIVERSITY NATIONAL HEALTH SERVICE TRUST,62255,15.8569641367807,November-2024
Y59,RHW,ROYAL BERKSHIRE NHS FOUNDATION TRUST,35579,9.76381509032944,November-2024
Y59,RN5,HAMPSHIRE HOSPITALS NHS FOUNDATION TRUST,52321,14.2187257187257,November-2024
Y59,RN7,DARTFORD AND GRAVESHAM NHS TRUST,30583,12.0370165745856,November-2024
Y59,RPA,MEDWAY NHS FOUNDATION TRUST,41354,17.6405295315682,November-2024
Y59,RPC,QUEEN VICTORIA HOSPITAL NHS FOUNDATION TRUST,19392,15.1984435797665,November-2024
Y59,RTH,OXFORD UNIVERSITY HOSPITALS NHS FOUNDATION TRUST,89724,14.3388783269962,November-2024
Y59,RTK,ASHFORD AND ST PETER'S HOSPITALS NHS FOUNDATION TRUST,56845,13.5584577114428,November-2024
Y59,RTP,SURREY AND SUSSEX HEALTHCARE NHS TRUST,49772,13.6566780821918,November-2024
Y59,RVV,EAST KENT HOSPITALS UNIVERSITY NHS FOUNDATION TRUST,85548,17.4576271186441,November-2024
Y59,RW1,HAMPSHIRE AND ISLE OF WIGHT HEALTHCARE NHS FOUNDATION TRUST,3679,5.66885964912281,November-2024
Y59,RWF,MAIDSTONE AND TUNBRIDGE WELLS NHS TRUST,44541,10.4774086378738,November-2024
Y59,RWX,BERKSHIRE HEALTHCARE NHS FOUNDATION TRUST,121,7.04166666666667,November-2024
Y59,RXC,EAST SUSSEX HEALTHCARE NHS TRUST,57128,15.9076923076923,November-2024
Y59,RXQ,BUCKINGHAMSHIRE HEALTHCARE NHS TRUST,44262,15.3144424131627,November-2024
Y59,RYR,UNIVERSITY HOSPITALS SUSSEX NHS FOUNDATION TRUST,117890,19.1581217057978,November-2024
Y59,RYY,KENT COMMUNITY HEALTH NHS FOUNDATION TRUST,2022,3.76071428571429,November-2024
Y60,R1A,HEREFORDSHIRE AND WORCESTERSHIRE HEALTH AND CARE NHS TRUST,51,3.5,November-2024
Y60,R1D,SHROPSHIRE COMMUNITY HEALTH NHS TRUST,11593,15.3285714285714,November-2024
Y60,RBK,WALSALL HEALTHCARE NHS TRUST,29940,11.1654320987654,November-2024
Y60,RFS,CHESTERFIELD ROYAL HOSPITAL NHS FOUNDATION TRUST,28938,15.3431085043988,November-2024
Y60,RJC,SOUTH WARWICKSHIRE UNIVERSITY NHS FOUNDATION TRUST,32721,12.459900990099,November-2024
Y60,RJE,UNIVERSITY HOSPITALS OF NORTH MIDLANDS NHS TRUST,72980,14.2894168466523,November-2024
Y60,RK5,SHERWOOD FOREST HOSPITALS NHS FOUNDATION TRUST,34537,12.4521951219512,November-2024
Y60,RKB,UNIVERSITY HOSPITALS COVENTRY AND WARWICKSHIRE NHS TRUST,83741,15.7456097560976,November-2024
Y60,RL1,THE ROBERT JONES AND AGNES HUNT ORTHOPAEDIC HOSPITAL NHS FOUNDATION TRUST,16961,18.9048387096774,November-2024
Y60,RL4,THE ROYAL WOLVERHAMPTON NHS TRUST,89144,16.6661779081134,November-2024
Y60,RLQ,WYE VALLEY NHS TRUST,23951,15.1134122287968,November-2024
Y60,RLT,GEORGE ELIOT HOSPITAL NHS TRUST,18206,14.145652173913,November-2024
Y60,RNA,THE DUDLEY GROUP NHS FOUNDATION TRUST,46566,13.9784431137725,November-2024
Y60,RNQ,KETTERING GENERAL HOSPITAL NHS FOUNDATION TRUST,25387,12.4831154684096,November-2024
Y60,RNS,NORTHAMPTON GENERAL HOSPITAL NHS TRUST,40972,12.7437550362611,November-2024
Y60,RP7,LINCOLNSHIRE PARTNERSHIP NHS FOUNDATION TRUST,45,3.9375,November-2024
Y60,RQ3,BIRMINGHAM WOMEN'S AND CHILDREN'S NHS FOUNDATION TRUST,25691,14.4437269372694,November-2024
Y60,RRE,MIDLANDS PARTNERSHIP UNIVERSITY NHS FOUNDATION TRUST,5265,2.77334851936219,November-2024
Y60,RRJ,THE ROYAL ORTHOPAEDIC HOSPITAL NHS FOUNDATION TRUST,14561,17.1366559485531,November-2024
Y60,RRK,UNIVERSITY HOSPITALS BIRMINGHAM NHS FOUNDATION TRUST,114872,17.20796812749,November-2024
Y60,RTG,UNIVERSITY HOSPITALS OF DERBY AND BURTON NHS FOUNDATION TRUST,108777,16.5618791390728,November-2024
Y60,RWD,UNITED LINCOLNSHIRE TEACHING HOSPITALS NHS TRUST,70933,16.6372340425532,November-2024
Y60,RWE,UNIVERSITY HOSPITALS OF LEICESTER NHS TRUST,113205,15.1246598639456,November-2024
Y60,RWP,WORCESTERSHIRE ACUTE HOSPITALS NHS TRUST,58159,15.3506787330317,November-2024
Y60,RX1,NOTTINGHAM UNIVERSITY HOSPITALS NHS TRUST,86861,15.0007606490872,November-2024
Y60,RXK,SANDWELL AND WEST BIRMINGHAM HOSPITALS NHS TRUST,74775,16.5816326530612,November-2024
Y60,RXW,THE SHREWSBURY AND TELFORD HOSPITAL NHS TRUST,47989,18.6588287488909,November-2024
Y60,RYW,BIRMINGHAM COMMUNITY HEALTHCARE NHS FOUNDATION TRUST,16720,11.7585034013605,November-2024
Y61,R1L,ESSEX PARTNERSHIP UNIVERSITY NHS FOUNDATION TRUST,1181,7.56349206349206,November-2024
Y61,RAJ,MID AND SOUTH ESSEX NHS FOUNDATION TRUST,163477,16.6804973037747,November-2024
Y61,RC9,BEDFORDSHIRE HOSPITALS NHS FOUNDATION TRUST,98493,17.1390255905512,November-2024
Y61,RCX,"THE QUEEN ELIZABETH HOSPITAL, KING'S LYNN, NHS FOUNDATION TRUST",25496,14.8011049723757,November-2024
Y61,RD8,MILTON KEYNES UNIVERSITY HOSPITAL NHS FOUNDATION TRUST,34176,20.9709543568465,November-2024
Y61,RDE,EAST SUFFOLK AND NORTH ESSEX NHS FOUNDATION TRUST,92850,15.654892601432,November-2024
Y61,RGM,ROYAL PAPWORTH HOSPITAL NHS FOUNDATION TRUST,7461,12.6032863849765,November-2024
Y61,RGN,NORTH WEST ANGLIA NHS FOUNDATION TRUST,76729,16.8579396325459,November-2024
Y61,RGP,JAMES PAGET UNIVERSITY HOSPITALS NHS FOUNDATION TRUST,31669,15.6136712749616,November-2024
Y61,RGR,WEST SUFFOLK NHS FOUNDATION TRUST,33801,14.332345971564,November-2024
Y61,RGT,CAMBRIDGE UNIVERSITY HOSPITALS NHS FOUNDATION TRUST,63827,13.6801215277778,November-2024
Y61,RM1,NORFOLK AND NORWICH UNIVERSITY HOSPITALS NHS FOUNDATION TRUST,83088,16.982012366498,November-2024
Y61,RQW,THE PRINCESS ALEXANDRA HOSPITAL NHS TRUST,41199,21.3946716232962,November-2024
Y61,RT1,CAMBRIDGESHIRE AND PETERBOROUGH NHS FOUNDATION TRUST,311,28.4166666666667,November-2024
Y61,RWG,WEST HERTFORDSHIRE TEACHING HOSPITALS NHS TRUST,45750,14.0945945945946,November-2024
Y61,RWH,EAST AND NORTH HERTFORDSHIRE NHS TRUST,56226,14.0457337883959,November-2024
Y62,R0A,MANCHESTER UNIVERSITY NHS FOUNDATION TRUST,199578,18.8774147388505,November-2024
Y62,RBL,WIRRAL UNIVERSITY TEACHING HOSPITAL NHS FOUNDATION TRUST,48018,14.5356355620867,November-2024
Y62,RBN,MERSEY AND WEST LANCASHIRE TEACHING HOSPITALS NHS TRUST,80378,13.4582089552239,November-2024
Y62,RBQ,LIVERPOOL HEART AND CHEST HOSPITAL NHS FOUNDATION TRUST,5805,10.2043269230769,November-2024
Y62,RBS,ALDER HEY CHILDREN'S NHS FOUNDATION TRUST,22171,14.344277673546,November-2024
Y62,RBT,MID CHESHIRE HOSPITALS NHS FOUNDATION TRUST,38827,15.9527511961722,November-2024
Y62,RBV,THE CHRISTIE NHS FOUNDATION TRUST,4051,4.94533333333333,November-2024
Y62,REM,LIVERPOOL UNIVERSITY HOSPITALS NHS FOUNDATION TRUST,70335,15.5163782447466,November-2024
Y62,REN,THE CLATTERBRIDGE CANCER CENTRE NHS FOUNDATION TRUST,1153,5.45698924731183,November-2024
Y62,REP,LIVERPOOL WOMEN'S NHS FOUNDATION TRUST,16334,17.0439024390244,November-2024
Y62,RET,THE WALTON CENTRE NHS FOUNDATION TRUST,15952,14.0854503464203,November-2024
Y62,RJN,EAST CHESHIRE NHS TRUST,12758,12.7962962962963,November-2024
Y62,RJR,COUNTESS OF CHESTER HOSPITAL NHS FOUNDATION TRUST,34389,18.2147988505747,November-2024
Y62,RM3,NORTHERN CARE ALLIANCE NHS FOUNDATION TRUST,139974,16.7324590163934,November-2024
Y62,RMC,BOLTON NHS FOUNDATION TRUST,41728,16.1119909502262,November-2024
Y62,RMP,TAMESIDE AND GLOSSOP INTEGRATED CARE NHS FOUNDATION TRUST,18571,11.1244057052298,November-2024
Y62,RRF,"WRIGHTINGTON, WIGAN AND LEIGH NHS FOUNDATION TRUST",50902,16.1036414565826,November-2024
Y62,RTX,UNIVERSITY HOSPITALS OF MORECAMBE BAY NHS FOUNDATION TRUST,32448,10.0171790235081,November-2024
Y62,RW4,MERSEY CARE NHS FOUNDATION TRUST,61,2.1,November-2024
Y62,RW5,LANCASHIRE & SOUTH CUMBRIA NHS FOUNDATION TRUST,2285,2.26093294460641,November-2024
Y62,RWJ,STOCKPORT NHS FOUNDATION TRUST,36627,16.1978873239437,November-2024
Y62,RWW,WARRINGTON AND HALTON TEACHING HOSPITALS NHS FOUNDATION TRUST,34118,14.180790960452,November-2024
Y62,RXL,BLACKPOOL TEACHING HOSPITALS NHS FOUNDATION TRUST,32968,15.2601156069364,November-2024
Y62,RXN,LANCASHIRE TEACHING HOSPITALS NHS FOUNDATION TRUST,58297,14.7347169811321,November-2024
Y62,RXR,EAST LANCASHIRE HOSPITALS NHS TRUST,65261,14.9486754966887,November-2024
Y63,R0B,SOUTH TYNESIDE AND SUNDERLAND NHS FOUNDATION TRUST,59887,9.30761008978196,November-2024
Y63,RAE,BRADFORD TEACHING HOSPITALS NHS FOUNDATION TRUST,33643,12.9171810699588,November-2024
Y63,RCB,YORK AND SCARBOROUGH TEACHING HOSPITALS NHS FOUNDATION TRUST,43826,15.5320512820513,November-2024
Y63,RCD,HARROGATE AND DISTRICT NHS FOUNDATION TRUST,22725,11.8625,November-2024
Y63,RCF,AIREDALE NHS FOUNDATION TRUST,14010,10.5326086956522,November-2024
Y63,RCU,SHEFFIELD CHILDREN'S NHS FOUNDATION TRUST,12208,11.2742382271468,November-2024
Y63,RFF,BARNSLEY HOSPITAL NHS FOUNDATION TRUST,21682,9.64565217391304,November-2024
Y63,RFR,THE ROTHERHAM NHS FOUNDATION TRUST,31920,12.4763440860215,November-2024
Y63,RHQ,SHEFFIELD TEACHING HOSPITALS NHS FOUNDATION TRUST,96285,12.7340956340956,November-2024
Y63,RJL,NORTHERN LINCOLNSHIRE AND GOOLE NHS FOUNDATION TRUST,43454,13.8852657004831,November-2024
Y63,RNN,NORTH CUMBRIA INTEGRATED CARE NHS FOUNDATION TRUST,37872,14.9437125748503,November-2024
Y63,RP5,DONCASTER AND BASSETLAW TEACHING HOSPITALS NHS FOUNDATION TRUST,56090,14.1525553012967,November-2024
Y63,RR7,GATESHEAD HEALTH NHS FOUNDATION TRUST,12555,10.1430379746835,November-2024
Y63,RR8,LEEDS TEACHING HOSPITALS NHS TRUST,86191,11.3172568172568,November-2024
Y63,RTD,THE NEWCASTLE UPON TYNE HOSPITALS NHS FOUNDATION TRUST,100442,10.8172496984318,November-2024
Y63,RTF,NORTHUMBRIA HEALTHCARE NHS FOUNDATION TRUST,34681,10.0003300330033,November-2024
Y63,RTR,SOUTH TEES HOSPITALS NHS FOUNDATION TRUST,55853,13.7613835376532,November-2024
Y63,RVW,NORTH TEES AND HARTLEPOOL NHS FOUNDATION TRUST,20092,9.78058510638298,November-2024
Y63,RWA,HULL UNIVERSITY TEACHING HOSPITALS NHS TRUST,79506,14.6060279870829,November-2024
Y63,RWY,CALDERDALE AND HUDDERSFIELD NHS FOUNDATION TRUST,35154,10.7967346938776,November-2024
Y63,RX4,"CUMBRIA, NORTHUMBERLAND, TYNE AND WEAR NHS FOUNDATION TRUST",190,7.18181818181818,November-2024
Y63,RXF,MID YORKSHIRE TEACHING NHS TRUST,54971,13.5,November-2024
Y63,RXG,SOUTH WEST YORKSHIRE PARTNERSHIP NHS FOUNDATION TRUST,4061,5.14312977099237,November-2024
Y63,RXP,COUNTY DURHAM AND DARLINGTON NHS FOUNDATION TRUST,38938,10.533381712627,November-2024
Y63,RY6,LEEDS COMMUNITY HEALTHCARE NHS TRUST,142,46.5454545454545,November-2024
Y63,TAD,BRADFORD DISTRICT CARE NHS FOUNDATION TRUST,489,11.75,November-2024
Y56,R1H,BARTS HEALTH NHS TRUST,127993,15.5294795783926,December-2024
Y56,R1K,LONDON NORTH WEST UNIVERSITY HEALTHCARE NHS TRUST,90846,18.3895155938952,December-2024
Y56,RAL,ROYAL FREE LONDON NHS FOUNDATION TRUST,111812,15.3320101046554,December-2024
Y56,RAN,ROYAL NATIONAL ORTHOPAEDIC HOSPITAL NHS TRUST,8281,10.8361486486486,December-2024
Y56,RAP,NORTH MIDDLESEX UNIVERSITY HOSPITAL NHS TRUST,29759,12.0497858672377,December-2024
Y56,RAS,THE HILLINGDON HOSPITALS NHS FOUNDATION TRUST,26862,17.0323529411765,December-2024
Y56,RAX,KINGSTON AND RICHMOND NHS FOUNDATION TRUST,40024,15.6061381074169,December-2024
Y56,RF4,"BARKING, HAVERING AND REDBRIDGE UNIVERSITY HOSPITALS NHS TRUST",55802,11.3731578947368,December-2024
Y56,RJ1,GUY'S AND ST THOMAS' NHS FOUNDATION TRUST,126371,14.3651547655532,December-2024
Y56,RJ2,LEWISHAM AND GREENWICH NHS TRUST,65686,14.620320855615,December-2024
Y56,RJ6,CROYDON HEALTH SERVICES NHS TRUST,33678,11.479674796748,December-2024
Y56,RJ7,ST GEORGE'S UNIVERSITY HOSPITALS NHS FOUNDATION TRUST,68277,13.3106581532417,December-2024
Y56,RJZ,KING'S COLLEGE HOSPITAL NHS FOUNDATION TRUST,86186,14.0924671183739,December-2024
Y56,RKE,WHITTINGTON HEALTH NHS TRUST,26655,12.4447779111645,December-2024
Y56,RP4,GREAT ORMOND STREET HOSPITAL FOR CHILDREN NHS FOUNDATION TRUST,7818,12.0590405904059,December-2024
Y56,RP6,MOORFIELDS EYE HOSPITAL NHS FOUNDATION TRUST,33039,8.34159021406728,December-2024
Y56,RPG,OXLEAS NHS FOUNDATION TRUST,2067,20.3666666666667,December-2024
Y56,RPY,THE ROYAL MARSDEN NHS FOUNDATION TRUST,1949,4.81896551724138,December-2024
Y56,RQM,CHELSEA AND WESTMINSTER HOSPITAL NHS FOUNDATION TRUST,62683,12.9405759162304,December-2024
Y56,RQX,HOMERTON HEALTHCARE NHS FOUNDATION TRUST,34626,12.0052631578947,December-2024
Y56,RRV,UNIVERSITY COLLEGE LONDON HOSPITALS NHS FOUNDATION TRUST,74637,14.3036231884058,December-2024
Y56,RV3,CENTRAL AND NORTH WEST LONDON NHS FOUNDATION TRUST,2023,29.9166666666667,December-2024
Y56,RVR,EPSOM AND ST HELIER UNIVERSITY HOSPITALS NHS TRUST,50537,12.3437921727395,December-2024
Y56,RYJ,IMPERIAL COLLEGE HEALTHCARE NHS TRUST,91068,14.6438670233091,December-2024
Y58,R0D,UNIVERSITY HOSPITALS DORSET NHS FOUNDATION TRUST,68047,14.0059523809524,December-2024
Y58,RA7,UNIVERSITY HOSPITALS BRISTOL AND WESTON NHS FOUNDATION TRUST,54325,12.5722044728435,December-2024
Y58,RA9,TORBAY AND SOUTH DEVON NHS FOUNDATION TRUST,33759,12.7451086956522,December-2024
Y58,RBD,DORSET COUNTY HOSPITAL NHS FOUNDATION TRUST,21859,14.2268835616438,December-2024
Y58,RD1,ROYAL UNITED HOSPITALS BATH NHS FOUNDATION TRUST,40110,13.367139959432,December-2024
Y58,REF,ROYAL CORNWALL HOSPITALS NHS TRUST,41474,10.7613382899628,December-2024
Y58,RH5,SOMERSET NHS FOUNDATION TRUST,60041,12.8543329532497,December-2024
Y58,RH8,ROYAL DEVON UNIVERSITY HEALTHCARE NHS FOUNDATION TRUST,70413,14.7272986864649,December-2024
Y58,RJ8,CORNWALL PARTNERSHIP NHS FOUNDATION TRUST,439,7.25,December-2024
Y58,RK9,UNIVERSITY HOSPITALS PLYMOUTH NHS TRUST,48703,13.6585261353899,December-2024
Y58,RN3,GREAT WESTERN HOSPITALS NHS FOUNDATION TRUST,40186,16.1140939597315,December-2024
Y58,RNZ,SALISBURY NHS FOUNDATION TRUST,28376,14.4136690647482,December-2024
Y58,RTE,GLOUCESTERSHIRE HOSPITALS NHS FOUNDATION TRUST,72334,11.1080152671756,December-2024
Y58,RVJ,NORTH BRISTOL NHS TRUST,43727,11.9673366834171,December-2024
Y59,R1F,ISLE OF WIGHT NHS TRUST,14353,15.8311475409836,December-2024
Y59,RA2,ROYAL SURREY COUNTY HOSPITAL NHS FOUNDATION TRUST,35931,15.4061158798283,December-2024
Y59,RDR,SUSSEX COMMUNITY NHS FOUNDATION TRUST,10790,9.66826923076923,December-2024
Y59,RDU,FRIMLEY HEALTH NHS FOUNDATION TRUST,81969,17.4696691176471,December-2024
Y59,RHM,UNIVERSITY HOSPITAL SOUTHAMPTON NHS FOUNDATION TRUST,60382,13.0526011560694,December-2024
Y59,RHU,PORTSMOUTH HOSPITALS UNIVERSITY NATIONAL HEALTH SERVICE TRUST,61794,16.0801165331391,December-2024
Y59,RHW,ROYAL BERKSHIRE NHS FOUNDATION TRUST,35351,9.71892393320965,December-2024
Y59,RN5,HAMPSHIRE HOSPITALS NHS FOUNDATION TRUST,51918,14.7810047095761,December-2024
Y59,RN7,DARTFORD AND GRAVESHAM NHS TRUST,31068,12.486,December-2024
Y59,RPA,MEDWAY NHS FOUNDATION TRUST,40697,17.8453670276775,December-2024
Y59,RPC,QUEEN VICTORIA HOSPITAL NHS FOUNDATION TRUST,19584,15.5980198019802,December-2024
Y59,RTH,OXFORD UNIVERSITY HOSPITALS NHS FOUNDATION TRUST,90283,14.8030046550994,December-2024
Y59,RTK,ASHFORD AND ST PETER'S HOSPITALS NHS FOUNDATION TRUST,56528,14.0031867431485,December-2024
Y59,RTP,SURREY AND SUSSEX HEALTHCARE NHS TRUST,49848,14.5755855216466,December-2024
Y59,RVV,EAST KENT HOSPITALS UNIVERSITY NHS FOUNDATION TRUST,82986,17.0922142462728,December-2024
Y59,RW1,HAMPSHIRE AND ISLE OF WIGHT HEALTHCARE NHS FOUNDATION TRUST,4021,6.27777777777778,December-2024
Y59,RWF,MAIDSTONE AND TUNBRIDGE WELLS NHS TRUST,44545,10.8988405797101,December-2024
Y59,RWX,BERKSHIRE HEALTHCARE NHS FOUNDATION TRUST,108,6.45454545454545,December-2024
Y59,RXC,EAST SUSSEX HEALTHCARE NHS TRUST,58603,15.9139004149378,December-2024
Y59,RXQ,BUCKINGHAMSHIRE HEALTHCARE NHS TRUST,43719,15.2385677308024,December-2024
Y59,RYR,UNIVERSITY HOSPITALS SUSSEX NHS FOUNDATION TRUST,121115,19.1111359570662,December-2024
Y59,RYY,KENT COMMUNITY HEALTH NHS FOUNDATION TRUST,1943,4.15299684542587,December-2024
Y60,R1A,HEREFORDSHIRE AND WORCESTERSHIRE HEALTH AND CARE NHS TRUST,53,6.3125,December-2024
Y60,R1D,SHROPSHIRE COMMUNITY HEALTH NHS TRUST,10822,16.3492063492063,December-2024
Y60,RBK,WALSALL HEALTHCARE NHS TRUST,29453,11.6429303278689,December-2024
Y60,RFS,CHESTERFIELD ROYAL HOSPITAL NHS FOUNDATION TRUST,28730,15.4907975460123,December-2024
Y60,RJC,SOUTH WARWICKSHIRE UNIVERSITY NHS FOUNDATION TRUST,31926,12.6760975609756,December-2024
Y60,RJE,UNIVERSITY HOSPITALS OF NORTH MIDLANDS NHS TRUST,73100,14.4316737288136,December-2024
Y60,RK5,SHERWOOD FOREST HOSPITALS NHS FOUNDATION TRUST,34147,12.9024738344434,December-2024
Y60,RKB,UNIVERSITY HOSPITALS COVENTRY AND WARWICKSHIRE NHS TRUST,83904,16.1164150024355,December-2024
Y60,RL1,THE ROBERT JONES AND AGNES HUNT ORTHOPAEDIC HOSPITAL NHS FOUNDATION TRUST,16651,19.7681347150259,December-2024
Y60,RL4,THE ROYAL WOLVERHAMPTON NHS TRUST,89567,16.8321625689915,December-2024
Y60,RLQ,WYE VALLEY NHS TRUST,23544,15.6883802816901,December-2024
Y60,RLT,GEORGE ELIOT HOSPITAL NHS TRUST,18184,14.84375,December-2024
Y60,RNA,THE DUDLEY GROUP NHS FOUNDATION TRUST,45356,14.323782234957,December-2024
Y60,RNQ,KETTERING GENERAL HOSPITAL NHS FOUNDATION TRUST,25559,12.7271084337349,December-2024
Y60,RNS,NORTHAMPTON GENERAL HOSPITAL NHS TRUST,41190,13.7561890472618,December-2024
Y60,RP7,LINCOLNSHIRE PARTNERSHIP NHS FOUNDATION TRUST,38,3.5,December-2024
Y60,RQ3,BIRMINGHAM WOMEN'S AND CHILDREN'S NHS FOUNDATION TRUST,26035,14.1215986394558,December-2024
Y60,RRE,MIDLANDS PARTNERSHIP UNIVERSITY NHS FOUNDATION TRUST,5174,3.698,December-2024
Y60,RRJ,THE ROYAL ORTHOPAEDIC HOSPITAL NHS FOUNDATION TRUST,14517,17.3531855955679,December-2024
Y60,RRK,UNIVERSITY HOSPITALS BIRMINGHAM NHS FOUNDATION TRUST,115892,17.3718525179856,December-2024
Y60,RTG,UNIVERSITY HOSPITALS OF DERBY AND BURTON NHS FOUNDATION TRUST,108605,16.8646946564885,December-2024
Y60,RWD,UNITED LINCOLNSHIRE TEACHING HOSPITALS NHS TRUST,70622,16.5197328476017,December-2024
Y60,RWE,UNIVERSITY HOSPITALS OF LEICESTER NHS TRUST,113292,15.7487179487179,December-2024
Y60,RWP,WORCESTERSHIRE ACUTE HOSPITALS NHS TRUST,57336,15.7125,December-2024
Y60,RX1,NOTTINGHAM UNIVERSITY HOSPITALS NHS TRUST,91161,14.506079587325,December-2024
Y60,RXK,SANDWELL AND WEST BIRMINGHAM HOSPITALS NHS TRUST,73591,16.761754587156,December-2024
Y60,RXW,THE SHREWSBURY AND TELFORD HOSPITAL NHS TRUST,46254,19.7971291866029,December-2024
Y60,RYW,BIRMINGHAM COMMUNITY HEALTHCARE NHS FOUNDATION TRUST,16840,11.7632450331126,December-2024
Y61,R1L,ESSEX PARTNERSHIP UNIVERSITY NHS FOUNDATION TRUST,1232,8.13636363636364,December-2024
Y61,RAJ,MID AND SOUTH ESSEX NHS FOUNDATION TRUST,163557,17.2189047480338,December-2024
Y61,RC9,BEDFORDSHIRE HOSPITALS NHS FOUNDATION TRUST,98711,17.5249313815188,December-2024
Y61,RCX,"THE QUEEN ELIZABETH HOSPITAL, KING'S LYNN, NHS FOUNDATION TRUST",25582,15.0536809815951,December-2024
Y61,RD8,MILTON KEYNES UNIVERSITY HOSPITAL NHS FOUNDATION TRUST,33695,20.8343596059113,December-2024
Y61,RDE,EAST SUFFOLK AND NORTH ESSEX NHS FOUNDATION TRUST,92022,15.8630009319664,December-2024
Y61,RGM,ROYAL PAPWORTH HOSPITAL NHS FOUNDATION TRUST,7352,13.1666666666667,December-2024
Y61,RGN,NORTH WEST ANGLIA NHS FOUNDATION TRUST,77368,16.8438420742487,December-2024
Y61,RGP,JAMES PAGET UNIVERSITY HOSPITALS NHS FOUNDATION TRUST,31669,15.737106017192,December-2024
Y61,RGR,WEST SUFFOLK NHS FOUNDATION TRUST,34410,14.7471264367816,December-2024
Y61,RGT,CAMBRIDGE UNIVERSITY HOSPITALS NHS FOUNDATION TRUST,64687,13.8745087029759,December-2024
Y61,RM1,NORFOLK AND NORWICH UNIVERSITY HOSPITALS NHS FOUNDATION TRUST,83053,16.8334288990826,December-2024
Y61,RQW,THE PRINCESS ALEXANDRA HOSPITAL NHS TRUST,42062,22.4176632934683,December-2024
Y61,RT1,CAMBRIDGESHIRE AND PETERBOROUGH NHS FOUNDATION TRUST,313,31.4375,December-2024
Y61,RWG,WEST HERTFORDSHIRE TEACHING HOSPITALS NHS TRUST,45615,13.6214434420541,December-2024
Y61,RWH,EAST AND NORTH HERTFORDSHIRE NHS TRUST,54309,14.08159838818,December-2024
Y62,R0A,MANCHESTER UNIVERSITY NHS FOUNDATION TRUST,199425,19.0873447204969,December-2024
Y62,RBL,WIRRAL UNIVERSITY TEACHING HOSPITAL NHS FOUNDATION TRUST,47379,15.7311023622047,December-2024
Y62,RBN,MERSEY AND WEST LANCASHIRE TEACHING HOSPITALS NHS TRUST,77639,13.679837164751,December-2024
Y62,RBQ,LIVERPOOL HEART AND CHEST HOSPITAL NHS FOUNDATION TRUST,5811,10.8278008298755,December-2024
Y62,RBS,ALDER HEY CHILDREN'S NHS FOUNDATION TRUST,21839,14.5192307692308,December-2024
Y62,RBT,MID CHESHIRE HOSPITALS NHS FOUNDATION TRUST,37898,16.6661786237189,December-2024
Y62,RBV,THE CHRISTIE NHS FOUNDATION TRUST,4129,5.33703703703704,December-2024
Y62,REM,LIVERPOOL UNIVERSITY HOSPITALS NHS FOUNDATION TRUST,71209,15.9346041055718,December-2024
Y62,REN,THE CLATTERBRIDGE CANCER CENTRE NHS FOUNDATION TRUST,1134,6.02247191011236,December-2024
Y62,REP,LIVERPOOL WOMEN'S NHS FOUNDATION TRUST,16695,17.3725212464589,December-2024
Y62,RET,THE WALTON CENTRE NHS FOUNDATION TRUST,15825,14.8191489361702,December-2024
Y62,RJN,EAST CHESHIRE NHS TRUST,12877,13.9123989218329,December-2024
Y62,RJR,COUNTESS OF CHESTER HOSPITAL NHS FOUNDATION TRUST,33870,18.9738219895288,December-2024
Y62,RM3,NORTHERN CARE ALLIANCE NHS FOUNDATION TRUST,138826,16.697092841513,December-2024
Y62,RMC,BOLTON NHS FOUNDATION TRUST,41310,15.8733926805143,December-2024
Y62,RMP,TAMESIDE AND GLOSSOP INTEGRATED CARE NHS FOUNDATION TRUST,18153,11.2860738255034,December-2024
Y62,RRF,"WRIGHTINGTON, WIGAN AND LEIGH NHS FOUNDATION TRUST",50841,16.497299729973,December-2024
Y62,RTX,UNIVERSITY HOSPITALS OF MORECAMBE BAY NHS FOUNDATION TRUST,32435,10.8907374100719,December-2024
Y62,RW4,MERSEY CARE NHS FOUNDATION TRUST,47,2.55,December-2024
Y62,RW5,LANCASHIRE & SOUTH CUMBRIA NHS FOUNDATION TRUST,2672,4.33,December-2024
Y62,RWJ,STOCKPORT NHS FOUNDATION TRUST,36440,15.8432250839866,December-2024
Y62,RWW,WARRINGTON AND HALTON TEACHING HOSPITALS NHS FOUNDATION TRUST,33587,14.2758804695838,December-2024
Y62,RXL,BLACKPOOL TEACHING HOSPITALS NHS FOUNDATION TRUST,32756,15.3392370572207,December-2024
Y62,RXN,LANCASHIRE TEACHING HOSPITALS NHS FOUNDATION TRUST,58907,15.2620385232745,December-2024
Y62,RXR,EAST LANCASHIRE HOSPITALS NHS TRUST,64638,14.6788617886179,December-2024
Y63,R0B,SOUTH TYNESIDE AND SUNDERLAND NHS FOUNDATION TRUST,59332,9.7075873827792,December-2024
Y63,RAE,BRADFORD TEACHING HOSPITALS NHS FOUNDATION TRUST,32869,13.2220430107527,December-2024
Y63,RCB,YORK AND SCARBOROUGH TEACHING HOSPITALS NHS FOUNDATION TRUST,43350,16.3329608938548,December-2024
Y63,RCD,HARROGATE AND DISTRICT NHS FOUNDATION TRUST,22355,12.0691411935953,December-2024
Y63,RCF,AIREDALE NHS FOUNDATION TRUST,13789,10.6844758064516,December-2024
Y63,RCU,SHEFFIELD CHILDREN'S NHS FOUNDATION TRUST,12318,11.4375,December-2024
Y63,RFF,BARNSLEY HOSPITAL NHS FOUNDATION TRUST,21821,10.5392030848329,December-2024
Y63,RFR,THE ROTHERHAM NHS FOUNDATION TRUST,31928,12.8013972055888,December-2024
Y63,RHQ,SHEFFIELD TEACHING HOSPITALS NHS FOUNDATION TRUST,95672,12.8529868114818,December-2024
Y63,RJL,NORTHERN LINCOLNSHIRE AND GOOLE NHS FOUNDATION TRUST,43051,13.651003649635,December-2024
Y63,RNN,NORTH CUMBRIA INTEGRATED CARE NHS FOUNDATION TRUST,38769,14.9743975903614,December-2024
Y63,RP5,DONCASTER AND BASSETLAW TEACHING HOSPITALS NHS FOUNDATION TRUST,55965,14.180078125,December-2024
Y63,RR7,GATESHEAD HEALTH NHS FOUNDATION TRUST,12694,10.5550660792952,December-2024
Y63,RR8,LEEDS TEACHING HOSPITALS NHS TRUST,86023,11.7981846272692,December-2024
Y63,RTD,THE NEWCASTLE UPON TYNE HOSPITALS NHS FOUNDATION TRUST,98720,11.2834054834055,December-2024
Y63,RTF,NORTHUMBRIA HEALTHCARE NHS FOUNDATION TRUST,34202,10.3371462974112,December-2024
Y63,RTR,SOUTH TEES HOSPITALS NHS FOUNDATION TRUST,56495,14.1473988439306,December-2024
Y63,RVW,NORTH TEES AND HARTLEPOOL NHS FOUNDATION TRUST,20352,9.86344238975818,December-2024
Y63,RWA,HULL UNIVERSITY TEACHING HOSPITALS NHS TRUST,79996,14.9933299127758,December-2024
Y63,RWY,CALDERDALE AND HUDDERSFIELD NHS FOUNDATION TRUST,35372,11.1979734996103,December-2024
Y63,RX4,"CUMBRIA, NORTHUMBERLAND, TYNE AND WEAR NHS FOUNDATION TRUST",187,6.375,December-2024
Y63,RXF,MID YORKSHIRE TEACHING NHS TRUST,53971,14.1699174793698,December-2024
Y63,RXG,SOUTH WEST YORKSHIRE PARTNERSHIP NHS FOUNDATION TRUST,4166,5.87124463519313,December-2024
Y63,RXP,COUNTY DURHAM AND DARLINGTON NHS FOUNDATION TRUST,38511,10.7847364818617,December-2024
Y63,RY6,LEEDS COMMUNITY HEALTHCARE NHS TRUST,115,49.9444444444444,December-2024
Y63,TAD,BRADFORD DISTRICT CARE NHS FOUNDATION TRUST,458,13.9811320754717,December-2024
Y56,R1H,BARTS HEALTH NHS TRUST,127697,15.8232217573222,January-2025
Y56,R1K,LONDON NORTH WEST UNIVERSITY HEALTHCARE NHS TRUST,92148,17.9086174242424,January-2025
Y56,RAL,ROYAL FREE LONDON NHS FOUNDATION TRUST,143150,15.0313496280553,January-2025
Y56,RAN,ROYAL NATIONAL ORTHOPAEDIC HOSPITAL NHS TRUST,8342,10.8327137546468,January-2025
Y56,RAS,THE HILLINGDON HOSPITALS NHS FOUNDATION TRUST,27130,17.6396103896104,January-2025
Y56,RAX,KINGSTON AND RICHMOND NHS FOUNDATION TRUST,39089,13.3310313075506,January-2025
Y56,RF4,"BARKING, HAVERING AND REDBRIDGE UNIVERSITY HOSPITALS NHS TRUST",54624,11.1471264367816,January-2025
Y56,RJ1,GUY'S AND ST THOMAS' NHS FOUNDATION TRUST,122640,14.1645732689211,January-2025
Y56,RJ2,LEWISHAM AND GREENWICH NHS TRUST,63399,14.8018925518926,January-2025
Y56,RJ6,CROYDON HEALTH SERVICES NHS TRUST,33337,11.8077249575552,January-2025
Y56,RJ7,ST GEORGE'S UNIVERSITY HOSPITALS NHS FOUNDATION TRUST,69062,13.4098690835851,January-2025
Y56,RJZ,KING'S COLLEGE HOSPITAL NHS FOUNDATION TRUST,89475,13.212676056338,January-2025
Y56,RKE,WHITTINGTON HEALTH NHS TRUST,26446,12.4795180722892,January-2025
Y56,RP4,GREAT ORMOND STREET HOSPITAL FOR CHILDREN NHS FOUNDATION TRUST,8077,11.3758992805755,January-2025
Y56,RP6,MOORFIELDS EYE HOSPITAL NHS FOUNDATION TRUST,32691,8.6199644549763,January-2025
Y56,RPG,OXLEAS NHS FOUNDATION TRUST,1797,21.3928571428571,January-2025
Y56,RPY,THE ROYAL MARSDEN NHS FOUNDATION TRUST,1936,3.56643356643357,January-2025
Y56,RQM,CHELSEA AND WESTMINSTER HOSPITAL NHS FOUNDATION TRUST,64423,13.6843971631206,January-2025
Y56,RQX,HOMERTON HEALTHCARE NHS FOUNDATION TRUST,34891,12.8123762376238,January-2025
Y56,RRV,UNIVERSITY COLLEGE LONDON HOSPITALS NHS FOUNDATION TRUST,74000,14.5868263473054,January-2025
Y56,RV3,CENTRAL AND NORTH WEST LONDON NHS FOUNDATION TRUST,2078,31.8965517241379,January-2025
Y56,RVR,EPSOM AND ST HELIER UNIVERSITY HOSPITALS NHS TRUST,48932,12.4063579820318,January-2025
Y56,RYJ,IMPERIAL COLLEGE HEALTHCARE NHS TRUST,90533,14.9561084142395,January-2025
Y58,R0D,UNIVERSITY HOSPITALS DORSET NHS FOUNDATION TRUST,67519,13.9854074889868,January-2025
Y58,RA7,UNIVERSITY HOSPITALS BRISTOL AND WESTON NHS FOUNDATION TRUST,54258,12.5370138017566,January-2025
Y58,RA9,TORBAY AND SOUTH DEVON NHS FOUNDATION TRUST,34252,13.0118577075099,January-2025
Y58,RBD,DORSET COUNTY HOSPITAL NHS FOUNDATION TRUST,20835,14.2326642335766,January-2025
Y58,RD1,ROYAL UNITED HOSPITALS BATH NHS FOUNDATION TRUST,39914,13.9784366576819,January-2025
Y58,REF,ROYAL CORNWALL HOSPITALS NHS TRUST,40724,11.1535788742182,January-2025
Y58,RH5,SOMERSET NHS FOUNDATION TRUST,59029,13.225,January-2025
Y58,RH8,ROYAL DEVON UNIVERSITY HEALTHCARE NHS FOUNDATION TRUST,70891,14.4977110885046,January-2025
Y58,RJ8,CORNWALL PARTNERSHIP NHS FOUNDATION TRUST,418,7.04347826086957,January-2025
Y58,RK9,UNIVERSITY HOSPITALS PLYMOUTH NHS TRUST,48686,13.8985382631126,January-2025
Y58,RN3,GREAT WESTERN HOSPITALS NHS FOUNDATION TRUST,39791,15.9093186372745,January-2025
Y58,RNZ,SALISBURY NHS FOUNDATION TRUST,29320,14.3609195402299,January-2025
Y58,RTE,GLOUCESTERSHIRE HOSPITALS NHS FOUNDATION TRUST,70567,10.8439353988134,January-2025
Y58,RVJ,NORTH BRISTOL NHS TRUST,43932,12.2969525159461,January-2025
Y59,R1F,ISLE OF WIGHT NHS TRUST,13576,15.7446808510638,January-2025
Y59,RA2,ROYAL SURREY COUNTY HOSPITAL NHS FOUNDATION TRUST,34054,14.8782518210198,January-2025
Y59,RDR,SUSSEX COMMUNITY NHS FOUNDATION TRUST,10520,10.3299748110831,January-2025
Y59,RDU,FRIMLEY HEALTH NHS FOUNDATION TRUST,78953,17.7345159350571,January-2025
Y59,RHM,UNIVERSITY HOSPITAL SOUTHAMPTON NHS FOUNDATION TRUST,60905,13.2972551466001,January-2025
Y59,RHU,PORTSMOUTH HOSPITALS UNIVERSITY NATIONAL HEALTH SERVICE TRUST,60697,16.6219512195122,January-2025
Y59,RHW,ROYAL BERKSHIRE NHS FOUNDATION TRUST,38149,10.4452685421995,January-2025
Y59,RN5,HAMPSHIRE HOSPITALS NHS FOUNDATION TRUST,51951,14.6631617113851,January-2025
Y59,RN7,DARTFORD AND GRAVESHAM NHS TRUST,31637,12.8424345847554,January-2025
Y59,RPA,MEDWAY NHS FOUNDATION TRUST,39894,17.7593582887701,January-2025
Y59,RPC,QUEEN VICTORIA HOSPITAL NHS FOUNDATION TRUST,19354,15.9801084990958,January-2025
Y59,RTH,OXFORD UNIVERSITY HOSPITALS NHS FOUNDATION TRUST,90744,15.2707423580786,January-2025
Y59,RTK,ASHFORD AND ST PETER'S HOSPITALS NHS FOUNDATION TRUST,56086,14.4909197422378,January-2025
Y59,RTP,SURREY AND SUSSEX HEALTHCARE NHS TRUST,51987,15.5458620689655,January-2025
Y59,RVV,EAST KENT HOSPITALS UNIVERSITY NHS FOUNDATION TRUST,81146,16.9798723613157,January-2025
Y59,RW1,HAMPSHIRE AND ISLE OF WIGHT HEALTHCARE NHS FOUNDATION TRUST,3496,6.0625,January-2025
Y59,RWF,MAIDSTONE AND TUNBRIDGE WELLS NHS TRUST,44217,10.5985380116959,January-2025
Y59,RWX,BERKSHIRE HEALTHCARE NHS FOUNDATION TRUST,83,7.77272727272727,January-2025
Y59,RXC,EAST SUSSEX HEALTHCARE NHS TRUST,57488,16.1204481792717,January-2025
Y59,RXQ,BUCKINGHAMSHIRE HEALTHCARE NHS TRUST,44982,15.3698940998487,January-2025
Y59,RYR,UNIVERSITY HOSPITALS SUSSEX NHS FOUNDATION TRUST,118523,18.8463510848126,January-2025
Y59,RYY,KENT COMMUNITY HEALTH NHS FOUNDATION TRUST,2134,3.2516339869281,January-2025
Y60,R1A,HEREFORDSHIRE AND WORCESTERSHIRE HEALTH AND CARE NHS TRUST,56,6.66666666666667,January-2025
Y60,R1D,SHROPSHIRE COMMUNITY HEALTH NHS TRUST,10831,15.758785942492,January-2025
Y60,RBK,WALSALL HEALTHCARE NHS TRUST,28951,11.8951219512195,January-2025
Y60,RFS,CHESTERFIELD ROYAL HOSPITAL NHS FOUNDATION TRUST,28923,15.7838028169014,January-2025
Y60,RJC,SOUTH WARWICKSHIRE UNIVERSITY NHS FOUNDATION TRUST,32007,12.8957219251337,January-2025
Y60,RJE,UNIVERSITY HOSPITALS OF NORTH MIDLANDS NHS TRUST,73021,14.8720418271877,January-2025
Y60,RK5,SHERWOOD FOREST HOSPITALS NHS FOUNDATION TRUST,33877,13.1088110403397,January-2025
Y60,RKB,UNIVERSITY HOSPITALS COVENTRY AND WARWICKSHIRE NHS TRUST,83465,16.31015917603,January-2025
Y60,RL1,THE ROBERT JONES AND AGNES HUNT ORTHOPAEDIC HOSPITAL NHS FOUNDATION TRUST,16607,19.8125,January-2025
Y60,RL4,THE ROYAL WOLVERHAMPTON NHS TRUST,88817,17.4158708503865,January-2025
Y60,RLQ,WYE VALLEY NHS TRUST,23206,15.4370629370629,January-2025
Y60,RLT,GEORGE ELIOT HOSPITAL NHS TRUST,17566,15.0152091254753,January-2025
Y60,RNA,THE DUDLEY GROUP NHS FOUNDATION TRUST,44769,14.2951176983435,January-2025
Y60,RNQ,KETTERING GENERAL HOSPITAL NHS FOUNDATION TRUST,25415,12.3698547215496,January-2025
Y60,RNS,NORTHAMPTON GENERAL HOSPITAL NHS TRUST,41752,13.4456800684346,January-2025
Y60,RP7,LINCOLNSHIRE PARTNERSHIP NHS FOUNDATION TRUST,39,4.5,January-2025
Y60,RQ3,BIRMINGHAM WOMEN'S AND CHILDREN'S NHS FOUNDATION TRUST,25655,14.7898330804249,January-2025
Y60,RRE,MIDLANDS PARTNERSHIP UNIVERSITY NHS FOUNDATION TRUST,5049,2.04742096505824,January-2025
Y60,RRJ,THE ROYAL ORTHOPAEDIC HOSPITAL NHS FOUNDATION TRUST,13777,17.2445355191257,January-2025
Y60,RRK,UNIVERSITY HOSPITALS BIRMINGHAM NHS FOUNDATION TRUST,112400,17.2014731369151,January-2025
Y60,RTG,UNIVERSITY HOSPITALS OF DERBY AND BURTON NHS FOUNDATION TRUST,109670,17.1887735486351,January-2025
Y60,RWD,UNITED LINCOLNSHIRE TEACHING HOSPITALS NHS TRUST,72141,16.4222285067873,January-2025
Y60,RWE,UNIVERSITY HOSPITALS OF LEICESTER NHS TRUST,111755,16.1696035242291,January-2025
Y60,RWP,WORCESTERSHIRE ACUTE HOSPITALS NHS TRUST,55533,15.6819583654588,January-2025
Y60,RX1,NOTTINGHAM UNIVERSITY HOSPITALS NHS TRUST,86210,15.1464552238806,January-2025
Y60,RXK,SANDWELL AND WEST BIRMINGHAM HOSPITALS NHS TRUST,70552,17.1005643919959,January-2025
Y60,RXW,THE SHREWSBURY AND TELFORD HOSPITAL NHS TRUST,44411,18.8419155509784,January-2025
Y60,RYW,BIRMINGHAM COMMUNITY HEALTHCARE NHS FOUNDATION TRUST,16393,12.5014556040757,January-2025
Y61,RAJ,MID AND SOUTH ESSEX NHS FOUNDATION TRUST,167890,17.7065246338216,January-2025
Y61,RC9,BEDFORDSHIRE HOSPITALS NHS FOUNDATION TRUST,98272,17.5773333333333,January-2025
Y61,RCX,"THE QUEEN ELIZABETH HOSPITAL, KING'S LYNN, NHS FOUNDATION TRUST",24578,15.2168067226891,January-2025
Y61,RD8,MILTON KEYNES UNIVERSITY HOSPITAL NHS FOUNDATION TRUST,33267,20.3619756427605,January-2025
Y61,RDE,EAST SUFFOLK AND NORTH ESSEX NHS FOUNDATION TRUST,91286,16.1313501144165,January-2025
Y61,RGM,ROYAL PAPWORTH HOSPITAL NHS FOUNDATION TRUST,7506,13.5,January-2025
Y61,RGN,NORTH WEST ANGLIA NHS FOUNDATION TRUST,76374,16.9279636982416,January-2025
Y61,RGP,JAMES PAGET UNIVERSITY HOSPITALS NHS FOUNDATION TRUST,31956,16.0839506172839,January-2025
Y61,RGR,WEST SUFFOLK NHS FOUNDATION TRUST,34422,15.1704957678356,January-2025
Y61,RGT,CAMBRIDGE UNIVERSITY HOSPITALS NHS FOUNDATION TRUST,65007,14.2262484774665,January-2025
Y61,RM1,NORFOLK AND NORWICH UNIVERSITY HOSPITALS NHS FOUNDATION TRUST,82744,16.9394435351882,January-2025
Y61,RQW,THE PRINCESS ALEXANDRA HOSPITAL NHS TRUST,54423,20.8388834476004,January-2025
Y61,RT1,CAMBRIDGESHIRE AND PETERBOROUGH NHS FOUNDATION TRUST,338,32.125,January-2025
Y61,RWG,WEST HERTFORDSHIRE TEACHING HOSPITALS NHS TRUST,45692,14.2277372262774,January-2025
Y61,RWH,EAST AND NORTH HERTFORDSHIRE NHS TRUST,54685,13.9229002624672,January-2025
Y62,R0A,MANCHESTER UNIVERSITY NHS FOUNDATION TRUST,198414,18.1719381688466,January-2025
Y62,RBL,WIRRAL UNIVERSITY TEACHING HOSPITAL NHS FOUNDATION TRUST,47362,15.8829305135952,January-2025
Y62,RBN,MERSEY AND WEST LANCASHIRE TEACHING HOSPITALS NHS TRUST,77156,13.42218798151,January-2025
Y62,RBQ,LIVERPOOL HEART AND CHEST HOSPITAL NHS FOUNDATION TRUST,5798,11.247572815534,January-2025
Y62,RBS,ALDER HEY CHILDREN'S NHS FOUNDATION TRUST,21619,14.9136291600634,January-2025
Y62,RBT,MID CHESHIRE HOSPITALS NHS FOUNDATION TRUST,37696,16.5664596273292,January-2025
Y62,RBV,THE CHRISTIE NHS FOUNDATION TRUST,4455,5.65415019762846,January-2025
Y62,REM,LIVERPOOL UNIVERSITY HOSPITALS NHS FOUNDATION TRUST,70629,16.5356516656926,January-2025
Y62,REN,THE CLATTERBRIDGE CANCER CENTRE NHS FOUNDATION TRUST,771,5.98571428571429,January-2025
Y62,REP,LIVERPOOL WOMEN'S NHS FOUNDATION TRUST,16676,17.6724637681159,January-2025
Y62,RET,THE WALTON CENTRE NHS FOUNDATION TRUST,15564,14.3504672897196,January-2025
Y62,RJN,EAST CHESHIRE NHS TRUST,12931,14.3452722063037,January-2025
Y62,RJR,COUNTESS OF CHESTER HOSPITAL NHS FOUNDATION TRUST,33615,18.6646825396825,January-2025
Y62,RM3,NORTHERN CARE ALLIANCE NHS FOUNDATION TRUST,139039,17.2366071428571,January-2025
Y62,RMC,BOLTON NHS FOUNDATION TRUST,40391,16.1071428571429,January-2025
Y62,RMP,TAMESIDE AND GLOSSOP INTEGRATED CARE NHS FOUNDATION TRUST,17274,11.4121621621622,January-2025
Y62,RRF,"WRIGHTINGTON, WIGAN AND LEIGH NHS FOUNDATION TRUST",50630,16.4248251748252,January-2025
Y62,RTX,UNIVERSITY HOSPITALS OF MORECAMBE BAY NHS FOUNDATION TRUST,32972,11.2642533936652,January-2025
Y62,RW4,MERSEY CARE NHS FOUNDATION TRUST,57,1.91666666666667,January-2025
Y62,RW5,LANCASHIRE & SOUTH CUMBRIA NHS FOUNDATION TRUST,2858,4.35416666666667,January-2025
Y62,RWJ,STOCKPORT NHS FOUNDATION TRUST,36143,16.1621118012422,January-2025
Y62,RWW,WARRINGTON AND HALTON TEACHING HOSPITALS NHS FOUNDATION TRUST,33755,14.667174796748,January-2025
Y62,RXL,BLACKPOOL TEACHING HOSPITALS NHS FOUNDATION TRUST,33103,14.8664383561644,January-2025
Y62,RXN,LANCASHIRE TEACHING HOSPITALS NHS FOUNDATION TRUST,59311,15.623243559719,January-2025
Y62,RXR,EAST LANCASHIRE HOSPITALS NHS TRUST,63172,14.966883500887,January-2025
Y63,R0B,SOUTH TYNESIDE AND SUNDERLAND NHS FOUNDATION TRUST,58218,9.63287904599659,January-2025
Y63,RAE,BRADFORD TEACHING HOSPITALS NHS FOUNDATION TRUST,32254,14.1166116611661,January-2025
Y63,RCB,YORK AND SCARBOROUGH TEACHING HOSPITALS NHS FOUNDATION TRUST,42549,16.589603960396,January-2025
Y63,RCD,HARROGATE AND DISTRICT NHS FOUNDATION TRUST,21614,11.9779917469051,January-2025
Y63,RCF,AIREDALE NHS FOUNDATION TRUST,13884,10.7996183206107,January-2025
Y63,RCU,SHEFFIELD CHILDREN'S NHS FOUNDATION TRUST,12161,11.5046012269939,January-2025
Y63,RFF,BARNSLEY HOSPITAL NHS FOUNDATION TRUST,22103,10.685414091471,January-2025
Y63,RFR,THE ROTHERHAM NHS FOUNDATION TRUST,31226,12.9582947173309,January-2025
Y63,RHQ,SHEFFIELD TEACHING HOSPITALS NHS FOUNDATION TRUST,94416,13.2305764411028,January-2025
Y63,RJL,NORTHERN LINCOLNSHIRE AND GOOLE NHS FOUNDATION TRUST,42509,13.4815327793167,January-2025
Y63,RNN,NORTH CUMBRIA INTEGRATED CARE NHS FOUNDATION TRUST,39266,15.3365282215122,January-2025
Y63,RP5,DONCASTER AND BASSETLAW TEACHING HOSPITALS NHS FOUNDATION TRUST,55338,14.2840277777778,January-2025
Y63,RR7,GATESHEAD HEALTH NHS FOUNDATION TRUST,12868,10.5871212121212,January-2025
Y63,RR8,LEEDS TEACHING HOSPITALS NHS TRUST,85695,12.1306842328942,January-2025
Y63,RTD,THE NEWCASTLE UPON TYNE HOSPITALS NHS FOUNDATION TRUST,97560,11.1420368691448,January-2025
Y63,RTF,NORTHUMBRIA HEALTHCARE NHS FOUNDATION TRUST,35112,10.346357615894,January-2025
Y63,RTR,SOUTH TEES HOSPITALS NHS FOUNDATION TRUST,56971,14.2940991839297,January-2025
Y63,RVW,NORTH TEES AND HARTLEPOOL NHS FOUNDATION TRUST,20104,9.39737991266376,January-2025
Y63,RWA,HULL UNIVERSITY TEACHING HOSPITALS NHS TRUST,79923,15.1920777279522,January-2025
Y63,RWY,CALDERDALE AND HUDDERSFIELD NHS FOUNDATION TRUST,35564,11.2899914456801,January-2025
Y63,RX4,"CUMBRIA, NORTHUMBERLAND, TYNE AND WEAR NHS FOUNDATION TRUST",164,6.77777777777778,January-2025
Y63,RXF,MID YORKSHIRE TEACHING NHS TRUST,53426,14.2342814371257,January-2025
Y63,RXG,SOUTH WEST YORKSHIRE PARTNERSHIP NHS FOUNDATION TRUST,4138,6.26872246696035,January-2025
Y63,RXP,COUNTY DURHAM AND DARLINGTON NHS FOUNDATION TRUST,38665,11.0578720345075,January-2025
Y63,RY6,LEEDS COMMUNITY HEALTHCARE NHS TRUST,115,17.6071428571429,January-2025
Y63,TAD,BRADFORD DISTRICT CARE NHS FOUNDATION TRUST,483,14.6818181818182,January-2025
Y56,R1H,BARTS HEALTH NHS TRUST,125996,16.115014915479,February-2025
Y56,R1K,LONDON NORTH WEST UNIVERSITY HEALTHCARE NHS TRUST,91303,17.7139113863745,February-2025
Y56,RAL,ROYAL FREE LONDON NHS FOUNDATION TRUST,145412,14.9676440849343,February-2025
Y56,RAN,ROYAL NATIONAL ORTHOPAEDIC HOSPITAL NHS TRUST,8090,11.0390070921986,February-2025
Y56,RAS,THE HILLINGDON HOSPITALS NHS FOUNDATION TRUST,28473,16.6747237569061,February-2025
Y56,RAX,KINGSTON AND RICHMOND NHS FOUNDATION TRUST,38518,13.2485404503753,February-2025
Y56,RF4,"BARKING, HAVERING AND REDBRIDGE UNIVERSITY HOSPITALS NHS TRUST",54584,10.9332621462894,February-2025
Y56,RJ1,GUY'S AND ST THOMAS' NHS FOUNDATION TRUST,120759,13.8334338257462,February-2025
Y56,RJ2,LEWISHAM AND GREENWICH NHS TRUST,61772,14.8093220338983,February-2025
Y56,RJ6,CROYDON HEALTH SERVICES NHS TRUST,33694,11.3684661525278,February-2025
Y56,RJ7,ST GEORGE'S UNIVERSITY HOSPITALS NHS FOUNDATION TRUST,69715,13.6465832029212,February-2025
Y56,RJZ,KING'S COLLEGE HOSPITAL NHS FOUNDATION TRUST,90333,12.9846526655897,February-2025
Y56,RKE,WHITTINGTON HEALTH NHS TRUST,26280,13.0859671302149,February-2025
Y56,RP4,GREAT ORMOND STREET HOSPITAL FOR CHILDREN NHS FOUNDATION TRUST,8268,11.0142857142857,February-2025
Y56,RP6,MOORFIELDS EYE HOSPITAL NHS FOUNDATION TRUST,33406,7.31519138755981,February-2025
Y56,RPG,OXLEAS NHS FOUNDATION TRUST,1641,16.2142857142857,February-2025
Y56,RPY,THE ROYAL MARSDEN NHS FOUNDATION TRUST,2025,3.75574712643678,February-2025
Y56,RQM,CHELSEA AND WESTMINSTER HOSPITAL NHS FOUNDATION TRUST,64924,13.9792576419214,February-2025
Y56,RQX,HOMERTON HEALTHCARE NHS FOUNDATION TRUST,35278,13.1266173752311,February-2025
Y56,RRV,UNIVERSITY COLLEGE LONDON HOSPITALS NHS FOUNDATION TRUST,72963,14.6708888888889,February-2025
Y56,RV3,CENTRAL AND NORTH WEST LONDON NHS FOUNDATION TRUST,1987,32.8928571428571,February-2025
Y56,RVR,EPSOM AND ST HELIER UNIVERSITY HOSPITALS NHS TRUST,49557,12.4598820058997,February-2025
Y56,RYJ,IMPERIAL COLLEGE HEALTHCARE NHS TRUST,88766,14.6563018242123,February-2025
Y58,R0D,UNIVERSITY HOSPITALS DORSET NHS FOUNDATION TRUST,67704,14.1052083333333,February-2025
Y58,RA7,UNIVERSITY HOSPITALS BRISTOL AND WESTON NHS FOUNDATION TRUST,54000,12.5774735532047,February-2025
Y58,RA9,TORBAY AND SOUTH DEVON NHS FOUNDATION TRUST,34367,12.4037081339713,February-2025
Y58,RBD,DORSET COUNTY HOSPITAL NHS FOUNDATION TRUST,20757,13.7858255451713,February-2025
Y58,RD1,ROYAL UNITED HOSPITALS BATH NHS FOUNDATION TRUST,39673,13.7572332730561,February-2025
Y58,REF,ROYAL CORNWALL HOSPITALS NHS TRUST,41054,10.7873831775701,February-2025
Y58,RH5,SOMERSET NHS FOUNDATION TRUST,59283,13.45171997586,February-2025
Y58,RH8,ROYAL DEVON UNIVERSITY HEALTHCARE NHS FOUNDATION TRUST,70391,13.8633349123638,February-2025
Y58,RJ8,CORNWALL PARTNERSHIP NHS FOUNDATION TRUST,375,5.33,February-2025
Y58,RK9,UNIVERSITY HOSPITALS PLYMOUTH NHS TRUST,48343,13.643764892772,February-2025
Y58,RN3,GREAT WESTERN HOSPITALS NHS FOUNDATION TRUST,38642,15.1640838650866,February-2025
Y58,RNZ,SALISBURY NHS FOUNDATION TRUST,28150,14.260663507109,February-2025
Y58,RTE,GLOUCESTERSHIRE HOSPITALS NHS FOUNDATION TRUST,70013,10.6412716328066,February-2025
Y58,RVJ,NORTH BRISTOL NHS TRUST,42732,12.3792557403009,February-2025
Y59,R1F,ISLE OF WIGHT NHS TRUST,13351,14.8860182370821,February-2025
Y59,RA2,ROYAL SURREY COUNTY HOSPITAL NHS FOUNDATION TRUST,32668,14.2792413066386,February-2025
Y59,RDR,SUSSEX COMMUNITY NHS FOUNDATION TRUST,10553,9.67365269461078,February-2025
Y59,RDU,FRIMLEY HEALTH NHS FOUNDATION TRUST,77641,17.5105095541401,February-2025
Y59,RHM,UNIVERSITY HOSPITAL SOUTHAMPTON NHS FOUNDATION TRUST,61328,13.2388663967611,February-2025
Y59,RHU,PORTSMOUTH HOSPITALS UNIVERSITY NATIONAL HEALTH SERVICE TRUST,60301,16.443199381762,February-2025
Y59,RHW,ROYAL BERKSHIRE NHS FOUNDATION TRUST,37447,10.3878378378378,February-2025
Y59,RN5,HAMPSHIRE HOSPITALS NHS FOUNDATION TRUST,51422,14.5276305828917,February-2025
Y59,RN7,DARTFORD AND GRAVESHAM NHS TRUST,31953,12.890760346487,February-2025
Y59,RPA,MEDWAY NHS FOUNDATION TRUST,39959,17.2052767052767,February-2025
Y59,RPC,QUEEN VICTORIA HOSPITAL NHS FOUNDATION TRUST,18804,15.525,February-2025
Y59,RTH,OXFORD UNIVERSITY HOSPITALS NHS FOUNDATION TRUST,90367,15.1731376975169,February-2025
Y59,RTK,ASHFORD AND ST PETER'S HOSPITALS NHS FOUNDATION TRUST,57129,14.5528621495327,February-2025
Y59,RTP,SURREY AND SUSSEX HEALTHCARE NHS TRUST,52756,15.5965040058267,February-2025
Y59,RVV,EAST KENT HOSPITALS UNIVERSITY NHS FOUNDATION TRUST,81335,16.7812982998454,February-2025
Y59,RW1,HAMPSHIRE AND ISLE OF WIGHT HEALTHCARE NHS FOUNDATION TRUST,3505,5.07708333333333,February-2025
Y59,RWF,MAIDSTONE AND TUNBRIDGE WELLS NHS TRUST,44209,10.406385616863,February-2025
Y59,RWX,BERKSHIRE HEALTHCARE NHS FOUNDATION TRUST,101,5.85,February-2025
Y59,RXC,EAST SUSSEX HEALTHCARE NHS TRUST,57365,15.7739043824701,February-2025
Y59,RXQ,BUCKINGHAMSHIRE HEALTHCARE NHS TRUST,45631,14.9166666666667,February-2025
Y59,RYR,UNIVERSITY HOSPITALS SUSSEX NHS FOUNDATION TRUST,114841,18.9450081168831,February-2025
Y59,RYY,KENT COMMUNITY HEALTH NHS FOUNDATION TRUST,2132,3.92708333333333,February-2025
Y60,R1A,HEREFORDSHIRE AND WORCESTERSHIRE HEALTH AND CARE NHS TRUST,59,6.16666666666667,February-2025
Y60,R1D,SHROPSHIRE COMMUNITY HEALTH NHS TRUST,10372,15.7338129496403,February-2025
Y60,RBK,WALSALL HEALTHCARE NHS TRUST,28375,11.2889473684211,February-2025
Y60,RFS,CHESTERFIELD ROYAL HOSPITAL NHS FOUNDATION TRUST,28883,15.6654078549849,February-2025
Y60,RJC,SOUTH WARWICKSHIRE UNIVERSITY NHS FOUNDATION TRUST,31906,12.8517350157729,February-2025
Y60,RJE,UNIVERSITY HOSPITALS OF NORTH MIDLANDS NHS TRUST,71549,14.2706043956044,February-2025
Y60,RK5,SHERWOOD FOREST HOSPITALS NHS FOUNDATION TRUST,34437,12.8219111969112,February-2025
Y60,RKB,UNIVERSITY HOSPITALS COVENTRY AND WARWICKSHIRE NHS TRUST,85275,16.7166193181818,February-2025
Y60,RL1,THE ROBERT JONES AND AGNES HUNT ORTHOPAEDIC HOSPITAL NHS FOUNDATION TRUST,17016,19.9259259259259,February-2025
Y60,RL4,THE ROYAL WOLVERHAMPTON NHS TRUST,88210,17.582226762002,February-2025
Y60,RLQ,WYE VALLEY NHS TRUST,23221,15.0028195488722,February-2025
Y60,RLT,GEORGE ELIOT HOSPITAL NHS TRUST,19922,14.4980392156863,February-2025
Y60,RNA,THE DUDLEY GROUP NHS FOUNDATION TRUST,44511,14.0706371191136,February-2025
Y60,RNQ,KETTERING GENERAL HOSPITAL NHS FOUNDATION TRUST,24500,12.1455064194009,February-2025
Y60,RNS,NORTHAMPTON GENERAL HOSPITAL NHS TRUST,41253,13.244578313253,February-2025
Y60,RP7,LINCOLNSHIRE PARTNERSHIP NHS FOUNDATION TRUST,19,,February-2025
Y60,RQ3,BIRMINGHAM WOMEN'S AND CHILDREN'S NHS FOUNDATION TRUST,26087,14.5699300699301,February-2025
Y60,RRE,MIDLANDS PARTNERSHIP UNIVERSITY NHS FOUNDATION TRUST,5312,2.18262411347518,February-2025
Y60,RRJ,THE ROYAL ORTHOPAEDIC HOSPITAL NHS FOUNDATION TRUST,13277,16.525,February-2025
Y60,RRK,UNIVERSITY HOSPITALS BIRMINGHAM NHS FOUNDATION TRUST,112137,17.2670644391408,February-2025
Y60,RTG,UNIVERSITY HOSPITALS OF DERBY AND BURTON NHS FOUNDATION TRUST,109167,16.918700713481,February-2025
Y60,RWD,UNITED LINCOLNSHIRE TEACHING HOSPITALS NHS TRUST,71244,16.2816301703163,February-2025
Y60,RWE,UNIVERSITY HOSPITALS OF LEICESTER NHS TRUST,110898,16.1122903115371,February-2025
Y60,RWP,WORCESTERSHIRE ACUTE HOSPITALS NHS TRUST,56086,14.5207667731629,February-2025
Y60,RX1,NOTTINGHAM UNIVERSITY HOSPITALS NHS TRUST,85389,14.9860255802937,February-2025
Y60,RXK,SANDWELL AND WEST BIRMINGHAM HOSPITALS NHS TRUST,67015,16.6695482431679,February-2025
Y60,RXW,THE SHREWSBURY AND TELFORD HOSPITAL NHS TRUST,43218,18.4639278557114,February-2025
Y60,RYW,BIRMINGHAM COMMUNITY HEALTHCARE NHS FOUNDATION TRUST,15367,12.8878737541528,February-2025
Y61,RAJ,MID AND SOUTH ESSEX NHS FOUNDATION TRUST,170098,17.5779427359491,February-2025
Y61,RC9,BEDFORDSHIRE HOSPITALS NHS FOUNDATION TRUST,97561,17.472234865726,February-2025
Y61,RCX,"THE QUEEN ELIZABETH HOSPITAL, KING'S LYNN, NHS FOUNDATION TRUST",25318,14.4946070878274,February-2025
Y61,RD8,MILTON KEYNES UNIVERSITY HOSPITAL NHS FOUNDATION TRUST,31846,19.7691326530612,February-2025
Y61,RDE,EAST SUFFOLK AND NORTH ESSEX NHS FOUNDATION TRUST,90288,15.8048895157499,February-2025
Y61,RGM,ROYAL PAPWORTH HOSPITAL NHS FOUNDATION TRUST,7263,13.8928571428571,February-2025
Y61,RGN,NORTH WEST ANGLIA NHS FOUNDATION TRUST,77028,16.6482191780822,February-2025
Y61,RGP,JAMES PAGET UNIVERSITY HOSPITALS NHS FOUNDATION TRUST,32103,15.9748711340206,February-2025
Y61,RGR,WEST SUFFOLK NHS FOUNDATION TRUST,35015,15.1915509259259,February-2025
Y61,RGT,CAMBRIDGE UNIVERSITY HOSPITALS NHS FOUNDATION TRUST,65248,14.2304502369668,February-2025
Y61,RM1,NORFOLK AND NORWICH UNIVERSITY HOSPITALS NHS FOUNDATION TRUST,82333,16.9269230769231,February-2025
Y61,RQW,THE PRINCESS ALEXANDRA HOSPITAL NHS TRUST,54245,20.6691829484902,February-2025
Y61,RT1,CAMBRIDGESHIRE AND PETERBOROUGH NHS FOUNDATION TRUST,315,27.5,February-2025
Y61,RWG,WEST HERTFORDSHIRE TEACHING HOSPITALS NHS TRUST,46047,14.0003736920777,February-2025
Y61,RWH,EAST AND NORTH HERTFORDSHIRE NHS TRUST,56516,13.2598566308244,February-2025
Y62,R0A,MANCHESTER UNIVERSITY NHS FOUNDATION TRUST,197034,17.8002908385846,February-2025
Y62,RBL,WIRRAL UNIVERSITY TEACHING HOSPITAL NHS FOUNDATION TRUST,47438,15.2597809076682,February-2025
Y62,RBN,MERSEY AND WEST LANCASHIRE TEACHING HOSPITALS NHS TRUST,75376,12.6224394785847,February-2025
Y62,RBQ,LIVERPOOL HEART AND CHEST HOSPITAL NHS FOUNDATION TRUST,5647,11.6657608695652,February-2025
Y62,RBS,ALDER HEY CHILDREN'S NHS FOUNDATION TRUST,21276,15.2320534223706,February-2025
Y62,RBT,MID CHESHIRE HOSPITALS NHS FOUNDATION TRUST,37285,15.48712998713,February-2025
Y62,RBV,THE CHRISTIE NHS FOUNDATION TRUST,4953,5.50867678958785,February-2025
Y62,REM,LIVERPOOL UNIVERSITY HOSPITALS NHS FOUNDATION TRUST,70213,16.449315920398,February-2025
Y62,REN,THE CLATTERBRIDGE CANCER CENTRE NHS FOUNDATION TRUST,900,5.37662337662338,February-2025
Y62,REP,LIVERPOOL WOMEN'S NHS FOUNDATION TRUST,16436,17.4338461538462,February-2025
Y62,RET,THE WALTON CENTRE NHS FOUNDATION TRUST,15009,13.9222972972973,February-2025
Y62,RJN,EAST CHESHIRE NHS TRUST,12966,14.320987654321,February-2025
Y62,RJR,COUNTESS OF CHESTER HOSPITAL NHS FOUNDATION TRUST,34282,18.8988764044944,February-2025
Y62,RM3,NORTHERN CARE ALLIANCE NHS FOUNDATION TRUST,136673,17.0479711141678,February-2025
Y62,RMC,BOLTON NHS FOUNDATION TRUST,39987,15.877358490566,February-2025
Y62,RMP,TAMESIDE AND GLOSSOP INTEGRATED CARE NHS FOUNDATION TRUST,17448,10.5785256410256,February-2025
Y62,RRF,"WRIGHTINGTON, WIGAN AND LEIGH NHS FOUNDATION TRUST",50098,15.8592115848753,February-2025
Y62,RTX,UNIVERSITY HOSPITALS OF MORECAMBE BAY NHS FOUNDATION TRUST,32902,11.6479007633588,February-2025
Y62,RW4,MERSEY CARE NHS FOUNDATION TRUST,57,2.91666666666667,February-2025
Y62,RW5,LANCASHIRE & SOUTH CUMBRIA NHS FOUNDATION TRUST,2696,4.72033898305085,February-2025
Y62,RWJ,STOCKPORT NHS FOUNDATION TRUST,35824,15.9592549476135,February-2025
Y62,RWW,WARRINGTON AND HALTON TEACHING HOSPITALS NHS FOUNDATION TRUST,34422,14.8071348940914,February-2025
Y62,RXL,BLACKPOOL TEACHING HOSPITALS NHS FOUNDATION TRUST,33560,14.6300578034682,February-2025
Y62,RXN,LANCASHIRE TEACHING HOSPITALS NHS FOUNDATION TRUST,60720,15.6440572495333,February-2025
Y62,RXR,EAST LANCASHIRE HOSPITALS NHS TRUST,61599,14.7199182242991,February-2025
Y63,R0B,SOUTH TYNESIDE AND SUNDERLAND NHS FOUNDATION TRUST,58012,8.8453829634932,February-2025
Y63,RAE,BRADFORD TEACHING HOSPITALS NHS FOUNDATION TRUST,32200,13.8774703557312,February-2025
Y63,RCB,YORK AND SCARBOROUGH TEACHING HOSPITALS NHS FOUNDATION TRUST,44320,16.6316306483301,February-2025
Y63,RCD,HARROGATE AND DISTRICT NHS FOUNDATION TRUST,21543,11.2962154294032,February-2025
Y63,RCF,AIREDALE NHS FOUNDATION TRUST,14087,10.4553752535497,February-2025
Y63,RCU,SHEFFIELD CHILDREN'S NHS FOUNDATION TRUST,12253,11.3943089430894,February-2025
Y63,RFF,BARNSLEY HOSPITAL NHS FOUNDATION TRUST,22767,10.5887700534759,February-2025
Y63,RFR,THE ROTHERHAM NHS FOUNDATION TRUST,31022,12.953373015873,February-2025
Y63,RHQ,SHEFFIELD TEACHING HOSPITALS NHS FOUNDATION TRUST,93524,12.8113574484636,February-2025
Y63,RJL,NORTHERN LINCOLNSHIRE AND GOOLE NHS FOUNDATION TRUST,42948,13.4080756013746,February-2025
Y63,RNN,NORTH CUMBRIA INTEGRATED CARE NHS FOUNDATION TRUST,39669,15.3563885955649,February-2025
Y63,RP5,DONCASTER AND BASSETLAW TEACHING HOSPITALS NHS FOUNDATION TRUST,56377,13.4706491712707,February-2025
Y63,RR7,GATESHEAD HEALTH NHS FOUNDATION TRUST,13096,10.5456570155902,February-2025
Y63,RR8,LEEDS TEACHING HOSPITALS NHS TRUST,87024,11.7373417721519,February-2025
Y63,RTD,THE NEWCASTLE UPON TYNE HOSPITALS NHS FOUNDATION TRUST,96089,10.7871757925072,February-2025
Y63,RTF,NORTHUMBRIA HEALTHCARE NHS FOUNDATION TRUST,35826,10.3654723127036,February-2025
Y63,RTR,SOUTH TEES HOSPITALS NHS FOUNDATION TRUST,57444,14.0815806246017,February-2025
Y63,RVW,NORTH TEES AND HARTLEPOOL NHS FOUNDATION TRUST,20122,8.90163934426229,February-2025
Y63,RWA,HULL UNIVERSITY TEACHING HOSPITALS NHS TRUST,79910,14.9160804020101,February-2025
Y63,RWY,CALDERDALE AND HUDDERSFIELD NHS FOUNDATION TRUST,36148,11.3127925117005,February-2025
Y63,RX4,"CUMBRIA, NORTHUMBERLAND, TYNE AND WEAR NHS FOUNDATION TRUST",195,5.53571428571429,February-2025
Y63,RXF,MID YORKSHIRE TEACHING NHS TRUST,53201,13.6877593360996,February-2025
Y63,RXG,SOUTH WEST YORKSHIRE PARTNERSHIP NHS FOUNDATION TRUST,4133,5.67067307692308,February-2025
Y63,RXP,COUNTY DURHAM AND DARLINGTON NHS FOUNDATION TRUST,39733,11.2000731528895,February-2025
Y63,RY6,LEEDS COMMUNITY HEALTHCARE NHS TRUST,78,16.7142857142857,February-2025
Y63,TAD,BRADFORD DISTRICT CARE NHS FOUNDATION TRUST,576,10.1538461538462,February-2025
Y56,R1H,BARTS HEALTH NHS TRUST,124135,15.6975390754905,March-2025
Y56,R1K,LONDON NORTH WEST UNIVERSITY HEALTHCARE NHS TRUST,89825,17.3892918088737,March-2025
Y56,RAL,ROYAL FREE LONDON NHS FOUNDATION TRUST,146444,15.091815320042,March-2025
Y56,RAN,ROYAL NATIONAL ORTHOPAEDIC HOSPITAL NHS TRUST,8539,9.87380191693291,March-2025
Y56,RAS,THE HILLINGDON HOSPITALS NHS FOUNDATION TRUST,29777,16.7169680111266,March-2025
Y56,RAX,KINGSTON AND RICHMOND NHS FOUNDATION TRUST,38612,12.1629726205997,March-2025
Y56,RF4,"BARKING, HAVERING AND REDBRIDGE UNIVERSITY HOSPITALS NHS TRUST",55548,9.89116575591985,March-2025
Y56,RJ1,GUY'S AND ST THOMAS' NHS FOUNDATION TRUST,121183,13.0759539236861,March-2025
Y56,RJ2,LEWISHAM AND GREENWICH NHS TRUST,59739,14.7436835106383,March-2025
Y56,RJ6,CROYDON HEALTH SERVICES NHS TRUST,34126,10.4991974317817,March-2025
Y56,RJ7,ST GEORGE'S UNIVERSITY HOSPITALS NHS FOUNDATION TRUST,70578,13.0432852386238,March-2025
Y56,RJZ,KING'S COLLEGE HOSPITAL NHS FOUNDATION TRUST,88601,11.9950621799561,March-2025
Y56,RKE,WHITTINGTON HEALTH NHS TRUST,25230,12.5751503006012,March-2025
Y56,RP4,GREAT ORMOND STREET HOSPITAL FOR CHILDREN NHS FOUNDATION TRUST,8009,10.4476047904192,March-2025
Y56,RP6,MOORFIELDS EYE HOSPITAL NHS FOUNDATION TRUST,33136,7.34071550255537,March-2025
Y56,RPG,OXLEAS NHS FOUNDATION TRUST,1915,14.3823529411765,March-2025
Y56,RPY,THE ROYAL MARSDEN NHS FOUNDATION TRUST,1985,3.70170454545455,March-2025
Y56,RQM,CHELSEA AND WESTMINSTER HOSPITAL NHS FOUNDATION TRUST,67104,14.0953809238152,March-2025
Y56,RQX,HOMERTON HEALTHCARE NHS FOUNDATION TRUST,36246,11.9212669683258,March-2025
Y56,RRV,UNIVERSITY COLLEGE LONDON HOSPITALS NHS FOUNDATION TRUST,72470,14.4908005967181,March-2025
Y56,RVR,EPSOM AND ST HELIER UNIVERSITY HOSPITALS NHS TRUST,50060,11.2287199480182,March-2025
Y56,RYJ,IMPERIAL COLLEGE HEALTHCARE NHS TRUST,89953,13.3618546845124,March-2025
Y58,R0D,UNIVERSITY HOSPITALS DORSET NHS FOUNDATION TRUST,67079,13.7514551804424,March-2025
Y58,RA7,UNIVERSITY HOSPITALS BRISTOL AND WESTON NHS FOUNDATION TRUST,54577,11.2663617171006,March-2025
Y58,RA9,TORBAY AND SOUTH DEVON NHS FOUNDATION TRUST,34331,11.4023569023569,March-2025
Y58,RBD,DORSET COUNTY HOSPITAL NHS FOUNDATION TRUST,21133,13.5618892508143,March-2025
Y58,RD1,ROYAL UNITED HOSPITALS BATH NHS FOUNDATION TRUST,40687,13.5457089552239,March-2025
Y58,REF,ROYAL CORNWALL HOSPITALS NHS TRUST,41019,9.69940079893475,March-2025
Y58,RH5,SOMERSET NHS FOUNDATION TRUST,59593,12.4472517730496,March-2025
Y58,RH8,ROYAL DEVON UNIVERSITY HEALTHCARE NHS FOUNDATION TRUST,71100,13.00375,March-2025
Y58,RJ8,CORNWALL PARTNERSHIP NHS FOUNDATION TRUST,478,5.36206896551724,March-2025
Y58,RK9,UNIVERSITY HOSPITALS PLYMOUTH NHS TRUST,48127,12.890355912744,March-2025
Y58,RN3,GREAT WESTERN HOSPITALS NHS FOUNDATION TRUST,38177,14.7030008826125,March-2025
Y58,RNZ,SALISBURY NHS FOUNDATION TRUST,28081,12.2779816513761,March-2025
Y58,RTE,GLOUCESTERSHIRE HOSPITALS NHS FOUNDATION TRUST,67959,9.53538518245485,March-2025
Y58,RVJ,NORTH BRISTOL NHS TRUST,43315,11.2880247763248,March-2025
Y59,R1F,ISLE OF WIGHT NHS TRUST,13702,14.3636363636364,March-2025
Y59,RA2,ROYAL SURREY COUNTY HOSPITAL NHS FOUNDATION TRUST,31174,14.5205479452055,March-2025
Y59,RDR,SUSSEX COMMUNITY NHS FOUNDATION TRUST,11328,8.41570438799076,March-2025
Y59,RDU,FRIMLEY HEALTH NHS FOUNDATION TRUST,73101,16.480946527351,March-2025
Y59,RHM,UNIVERSITY HOSPITAL SOUTHAMPTON NHS FOUNDATION TRUST,61681,12.1051401869159,March-2025
Y59,RHU,PORTSMOUTH HOSPITALS UNIVERSITY NATIONAL HEALTH SERVICE TRUST,60472,16.4026243093923,March-2025
Y59,RHW,ROYAL BERKSHIRE NHS FOUNDATION TRUST,37092,10.5091185410334,March-2025
Y59,RN5,HAMPSHIRE HOSPITALS NHS FOUNDATION TRUST,51165,14.1847310126582,March-2025
Y59,RN7,DARTFORD AND GRAVESHAM NHS TRUST,32427,13.0446058091286,March-2025
Y59,RPA,MEDWAY NHS FOUNDATION TRUST,39949,16.580078125,March-2025
Y59,RPC,QUEEN VICTORIA HOSPITAL NHS FOUNDATION TRUST,18183,15.5993975903614,March-2025
Y59,RTH,OXFORD UNIVERSITY HOSPITALS NHS FOUNDATION TRUST,89763,14.9678055190539,March-2025
Y59,RTK,ASHFORD AND ST PETER'S HOSPITALS NHS FOUNDATION TRUST,59040,14.760884125921,March-2025
Y59,RTP,SURREY AND SUSSEX HEALTHCARE NHS TRUST,52945,15.9385369532428,March-2025
Y59,RVV,EAST KENT HOSPITALS UNIVERSITY NHS FOUNDATION TRUST,80966,16.5620707871104,March-2025
Y59,RW1,HAMPSHIRE AND ISLE OF WIGHT HEALTHCARE NHS FOUNDATION TRUST,3950,4.90220820189274,March-2025
Y59,RWF,MAIDSTONE AND TUNBRIDGE WELLS NHS TRUST,45859,9.31686497672012,March-2025
Y59,RWX,BERKSHIRE HEALTHCARE NHS FOUNDATION TRUST,98,5.0,March-2025
Y59,RXC,EAST SUSSEX HEALTHCARE NHS TRUST,63910,13.3871374527112,March-2025
Y59,RXQ,BUCKINGHAMSHIRE HEALTHCARE NHS TRUST,47817,14.8014592933948,March-2025
Y59,RYR,UNIVERSITY HOSPITALS SUSSEX NHS FOUNDATION TRUST,114125,18.5429515418502,March-2025
Y59,RYY,KENT COMMUNITY HEALTH NHS FOUNDATION TRUST,2479,4.56366459627329,March-2025
Y60,R1A,HEREFORDSHIRE AND WORCESTERSHIRE HEALTH AND CARE NHS TRUST,85,4.21428571428571,March-2025
Y60,R1D,SHROPSHIRE COMMUNITY HEALTH NHS TRUST,9973,14.8663663663664,March-2025
Y60,RBK,WALSALL HEALTHCARE NHS TRUST,28676,10.021528525296,March-2025
Y60,RFS,CHESTERFIELD ROYAL HOSPITAL NHS FOUNDATION TRUST,29489,15.1328233657858,March-2025
Y60,RJC,SOUTH WARWICKSHIRE UNIVERSITY NHS FOUNDATION TRUST,32480,11.4018867924528,March-2025
Y60,RJE,UNIVERSITY HOSPITALS OF NORTH MIDLANDS NHS TRUST,70871,13.9714131607335,March-2025
Y60,RK5,SHERWOOD FOREST HOSPITALS NHS FOUNDATION TRUST,35323,11.7094943240454,March-2025
Y60,RKB,UNIVERSITY HOSPITALS COVENTRY AND WARWICKSHIRE NHS TRUST,86546,16.9460806524694,March-2025
Y60,RL1,THE ROBERT JONES AND AGNES HUNT ORTHOPAEDIC HOSPITAL NHS FOUNDATION TRUST,17172,19.987915407855,March-2025
Y60,RL4,THE ROYAL WOLVERHAMPTON NHS TRUST,88133,17.3909435751541,March-2025
Y60,RLQ,WYE VALLEY NHS TRUST,23209,15.0951923076923,March-2025
Y60,RLT,GEORGE ELIOT HOSPITAL NHS TRUST,19702,14.0400696864111,March-2025
Y60,RNA,THE DUDLEY GROUP NHS FOUNDATION TRUST,44722,12.3954943679599,March-2025
Y60,RNQ,KETTERING GENERAL HOSPITAL NHS FOUNDATION TRUST,24945,10.5983606557377,March-2025
Y60,RNS,NORTHAMPTON GENERAL HOSPITAL NHS TRUST,41670,12.3744131455399,March-2025
Y60,RP7,LINCOLNSHIRE PARTNERSHIP NHS FOUNDATION TRUST,58,3.71428571428571,March-2025
Y60,RQ3,BIRMINGHAM WOMEN'S AND CHILDREN'S NHS FOUNDATION TRUST,25610,14.6927621861152,March-2025
Y60,RRE,MIDLANDS PARTNERSHIP UNIVERSITY NHS FOUNDATION TRUST,6198,2.78121420389462,March-2025
Y60,RRJ,THE ROYAL ORTHOPAEDIC HOSPITAL NHS FOUNDATION TRUST,12738,15.9742765273312,March-2025
Y60,RRK,UNIVERSITY HOSPITALS BIRMINGHAM NHS FOUNDATION TRUST,107656,17.9331489165514,March-2025
Y60,RTG,UNIVERSITY HOSPITALS OF DERBY AND BURTON NHS FOUNDATION TRUST,108135,16.3321097372488,March-2025
Y60,RWD,UNITED LINCOLNSHIRE TEACHING HOSPITALS NHS TRUST,71578,16.3751584283904,March-2025
Y60,RWE,UNIVERSITY HOSPITALS OF LEICESTER NHS TRUST,107597,15.9733083985039,March-2025
Y60,RWP,WORCESTERSHIRE ACUTE HOSPITALS NHS TRUST,55410,14.33,March-2025
Y60,RX1,NOTTINGHAM UNIVERSITY HOSPITALS NHS TRUST,88054,14.5393474088292,March-2025
Y60,RXK,SANDWELL AND WEST BIRMINGHAM HOSPITALS NHS TRUST,65195,15.9098513011152,March-2025
Y60,RXW,THE SHREWSBURY AND TELFORD HOSPITAL NHS TRUST,41669,18.8437837837838,March-2025
Y60,RYW,BIRMINGHAM COMMUNITY HEALTHCARE NHS FOUNDATION TRUST,15552,11.5553359683794,March-2025
Y61,RAJ,MID AND SOUTH ESSEX NHS FOUNDATION TRUST,172371,18.3622486969471,March-2025
Y61,RC9,BEDFORDSHIRE HOSPITALS NHS FOUNDATION TRUST,102738,17.5006687472136,March-2025
Y61,RCX,"THE QUEEN ELIZABETH HOSPITAL, KING'S LYNN, NHS FOUNDATION TRUST",25512,14.7074468085106,March-2025
Y61,RD8,MILTON KEYNES UNIVERSITY HOSPITAL NHS FOUNDATION TRUST,31447,19.0547445255474,March-2025
Y61,RDE,EAST SUFFOLK AND NORTH ESSEX NHS FOUNDATION TRUST,90842,15.4535941765241,March-2025
Y61,RGM,ROYAL PAPWORTH HOSPITAL NHS FOUNDATION TRUST,7403,12.5794701986755,March-2025
Y61,RGN,NORTH WEST ANGLIA NHS FOUNDATION TRUST,78001,16.5801915020946,March-2025
Y61,RGP,JAMES PAGET UNIVERSITY HOSPITALS NHS FOUNDATION TRUST,33286,15.9659781287971,March-2025
Y61,RGR,WEST SUFFOLK NHS FOUNDATION TRUST,35877,15.2362355953905,March-2025
Y61,RGT,CAMBRIDGE UNIVERSITY HOSPITALS NHS FOUNDATION TRUST,65685,14.2566894835096,March-2025
Y61,RM1,NORFOLK AND NORWICH UNIVERSITY HOSPITALS NHS FOUNDATION TRUST,81816,16.6280112044818,March-2025
Y61,RQW,THE PRINCESS ALEXANDRA HOSPITAL NHS TRUST,54268,20.2339393939394,March-2025
Y61,RT1,CAMBRIDGESHIRE AND PETERBOROUGH NHS FOUNDATION TRUST,324,24.1538461538462,March-2025
Y61,RWG,WEST HERTFORDSHIRE TEACHING HOSPITALS NHS TRUST,45315,13.1404220779221,March-2025
Y61,RWH,EAST AND NORTH HERTFORDSHIRE NHS TRUST,57681,12.2910256410256,March-2025
Y62,R0A,MANCHESTER UNIVERSITY NHS FOUNDATION TRUST,192638,17.2806334371755,March-2025
Y62,RBL,WIRRAL UNIVERSITY TEACHING HOSPITAL NHS FOUNDATION TRUST,49099,14.3859724612737,March-2025
Y62,RBN,MERSEY AND WEST LANCASHIRE TEACHING HOSPITALS NHS TRUST,75365,10.9240998363339,March-2025
Y62,RBQ,LIVERPOOL HEART AND CHEST HOSPITAL NHS FOUNDATION TRUST,5711,10.5904522613065,March-2025
Y62,RBS,ALDER HEY CHILDREN'S NHS FOUNDATION TRUST,20797,16.4757525083612,March-2025
Y62,RBT,MID CHESHIRE HOSPITALS NHS FOUNDATION TRUST,36755,14.5890336590662,March-2025
Y62,RBV,THE CHRISTIE NHS FOUNDATION TRUST,6340,6.62448132780083,March-2025
Y62,REM,LIVERPOOL UNIVERSITY HOSPITALS NHS FOUNDATION TRUST,70730,16.59125,March-2025
Y62,REN,THE CLATTERBRIDGE CANCER CENTRE NHS FOUNDATION TRUST,1002,6.7012987012987,March-2025
Y62,REP,LIVERPOOL WOMEN'S NHS FOUNDATION TRUST,16348,17.5542521994135,March-2025
Y62,RET,THE WALTON CENTRE NHS FOUNDATION TRUST,14327,13.2214285714286,March-2025
Y62,RJN,EAST CHESHIRE NHS TRUST,13530,14.1035422343324,March-2025
Y62,RJR,COUNTESS OF CHESTER HOSPITAL NHS FOUNDATION TRUST,34895,18.6852564102564,March-2025
Y62,RM3,NORTHERN CARE ALLIANCE NHS FOUNDATION TRUST,138011,16.7450743173177,March-2025
Y62,RMC,BOLTON NHS FOUNDATION TRUST,39518,15.5800636267232,March-2025
Y62,RMP,TAMESIDE AND GLOSSOP INTEGRATED CARE NHS FOUNDATION TRUST,17033,10.1329225352113,March-2025
Y62,RRF,"WRIGHTINGTON, WIGAN AND LEIGH NHS FOUNDATION TRUST",50122,15.1083700440529,March-2025
Y62,RTX,UNIVERSITY HOSPITALS OF MORECAMBE BAY NHS FOUNDATION TRUST,34222,10.2517730496454,March-2025
Y62,RW4,MERSEY CARE NHS FOUNDATION TRUST,51,2.41666666666667,March-2025
Y62,RW5,LANCASHIRE & SOUTH CUMBRIA NHS FOUNDATION TRUST,3019,3.94769874476987,March-2025
Y62,RWJ,STOCKPORT NHS FOUNDATION TRUST,35589,15.5963930348259,March-2025
Y62,RWW,WARRINGTON AND HALTON TEACHING HOSPITALS NHS FOUNDATION TRUST,34726,14.629840546697,March-2025
Y62,RXL,BLACKPOOL TEACHING HOSPITALS NHS FOUNDATION TRUST,33505,14.9198830409357,March-2025
Y62,RXN,LANCASHIRE TEACHING HOSPITALS NHS FOUNDATION TRUST,60985,15.7051125989044,March-2025
Y62,RXR,EAST LANCASHIRE HOSPITALS NHS TRUST,60807,14.4815573770492,March-2025
Y63,R0B,SOUTH TYNESIDE AND SUNDERLAND NHS FOUNDATION TRUST,57721,8.49173553719008,March-2025
Y63,RAE,BRADFORD TEACHING HOSPITALS NHS FOUNDATION TRUST,32438,12.5801104972376,March-2025
Y63,RCB,YORK AND SCARBOROUGH TEACHING HOSPITALS NHS FOUNDATION TRUST,46602,15.8439201451906,March-2025
Y63,RCD,HARROGATE AND DISTRICT NHS FOUNDATION TRUST,21376,9.9702842377261,March-2025
Y63,RCF,AIREDALE NHS FOUNDATION TRUST,14083,8.96966911764706,March-2025
Y63,RCU,SHEFFIELD CHILDREN'S NHS FOUNDATION TRUST,12438,10.221978021978,March-2025
Y63,RFF,BARNSLEY HOSPITAL NHS FOUNDATION TRUST,24309,9.84974358974359,March-2025
Y63,RFR,THE ROTHERHAM NHS FOUNDATION TRUST,31592,11.6358921161826,March-2025
Y63,RHQ,SHEFFIELD TEACHING HOSPITALS NHS FOUNDATION TRUST,92473,11.2588152327221,March-2025
Y63,RJL,NORTHERN LINCOLNSHIRE AND GOOLE NHS FOUNDATION TRUST,42286,12.9153046062407,March-2025
Y63,RNN,NORTH CUMBRIA INTEGRATED CARE NHS FOUNDATION TRUST,39833,15.099615014437,March-2025
Y63,RP5,DONCASTER AND BASSETLAW TEACHING HOSPITALS NHS FOUNDATION TRUST,54906,12.4022415940224,March-2025
Y63,RR7,GATESHEAD HEALTH NHS FOUNDATION TRUST,13362,9.87526427061311,March-2025
Y63,RR8,LEEDS TEACHING HOSPITALS NHS TRUST,89009,10.5138455538222,March-2025
Y63,RTD,THE NEWCASTLE UPON TYNE HOSPITALS NHS FOUNDATION TRUST,94680,9.71190674437968,March-2025
Y63,RTF,NORTHUMBRIA HEALTHCARE NHS FOUNDATION TRUST,36021,9.64711359404097,March-2025
Y63,RTR,SOUTH TEES HOSPITALS NHS FOUNDATION TRUST,56877,13.7603591160221,March-2025
Y63,RVW,NORTH TEES AND HARTLEPOOL NHS FOUNDATION TRUST,20571,8.34675480769231,March-2025
Y63,RWA,HULL UNIVERSITY TEACHING HOSPITALS NHS TRUST,78509,14.662176439514,March-2025
Y63,RWY,CALDERDALE AND HUDDERSFIELD NHS FOUNDATION TRUST,36358,10.098347107438,March-2025
Y63,RX4,"CUMBRIA, NORTHUMBERLAND, TYNE AND WEAR NHS FOUNDATION TRUST",199,6.10714285714286,March-2025
Y63,RXF,MID YORKSHIRE TEACHING NHS TRUST,54077,12.2715269804822,March-2025
Y63,RXG,SOUTH WEST YORKSHIRE PARTNERSHIP NHS FOUNDATION TRUST,4218,5.58095238095238,March-2025
Y63,RXP,COUNTY DURHAM AND DARLINGTON NHS FOUNDATION TRUST,39124,10.0468642315644,March-2025
Y63,RY6,LEEDS COMMUNITY HEALTHCARE NHS TRUST,54,18.0909090909091,March-2025
Y63,TAD,BRADFORD DISTRICT CARE NHS FOUNDATION TRUST,499,10.45,March-2025
Y56,R1H,BARTS HEALTH NHS TRUST,246378,14.87440516655336,April-2025
Y56,R1K,LONDON NORTH WEST UNIVERSITY HEALTHCARE NHS TRUST,171354,16.54035608308605,April-2025
Y56,RAL,ROYAL FREE LONDON NHS FOUNDATION TRUST,298200,14.63516594882189,April-2025
Y56,RAN,ROYAL NATIONAL ORTHOPAEDIC HOSPITAL NHS TRUST,16908,10.75975975975976,April-2025
Y56,RAS,THE HILLINGDON HOSPITALS NHS FOUNDATION TRUST,62086,15.68134034165572,April-2025
Y56,RAX,KINGSTON AND RICHMOND NHS FOUNDATION TRUST,84378,11.53602620087336,April-2025
Y56,RF4,"BARKING, HAVERING AND REDBRIDGE UNIVERSITY HOSPITALS NHS TRUST",113316,10.43786982248521,April-2025
Y56,RJ1,GUY'S AND ST THOMAS' NHS FOUNDATION TRUST,240904,12.80731364275668,April-2025
Y56,RJ2,LEWISHAM AND GREENWICH NHS TRUST,110978,14.66426949280848,April-2025
Y56,RJ6,CROYDON HEALTH SERVICES NHS TRUST,68860,11.12744388124547,April-2025
Y56,RJ7,ST GEORGE'S UNIVERSITY HOSPITALS NHS FOUNDATION TRUST,139690,12.79517208413002,April-2025
Y56,RJZ,KING'S COLLEGE HOSPITAL NHS FOUNDATION TRUST,175144,12.66384289564883,April-2025
Y56,RKE,WHITTINGTON HEALTH NHS TRUST,49062,11.9969362745098,April-2025
Y56,RP4,GREAT ORMOND STREET HOSPITAL FOR CHILDREN NHS FOUNDATION TRUST,16286,11.0870253164557,April-2025
Y56,RP6,MOORFIELDS EYE HOSPITAL NHS FOUNDATION TRUST,66456,7.708136482939633,April-2025
Y56,RPG,OXLEAS NHS FOUNDATION TRUST,4014,14.15277777777778,April-2025
Y56,RPY,THE ROYAL MARSDEN NHS FOUNDATION TRUST,3696,4.141891891891892,April-2025
Y56,RQM,CHELSEA AND WESTMINSTER HOSPITAL NHS FOUNDATION TRUST,134576,13.65208440555842,April-2025
Y56,RQX,HOMERTON HEALTHCARE NHS FOUNDATION TRUST,72770,12.32931533269045,April-2025
Y56,RRV,UNIVERSITY COLLEGE LONDON HOSPITALS NHS FOUNDATION TRUST,148122,13.61014911014911,April-2025
Y56,RVR,EPSOM AND ST HELIER UNIVERSITY HOSPITALS NHS TRUST,99502,11.89203163017032,April-2025
Y56,RYJ,IMPERIAL COLLEGE HEALTHCARE NHS TRUST,176710,13.19816118935837,April-2025
Y58,R0D,UNIVERSITY HOSPITALS DORSET NHS FOUNDATION TRUST,128914,13.46755533199195,April-2025
Y58,RA7,UNIVERSITY HOSPITALS BRISTOL AND WESTON NHS FOUNDATION TRUST,108886,11.86596958174905,April-2025
Y58,RA9,TORBAY AND SOUTH DEVON NHS FOUNDATION TRUST,69244,11.5213082259663,April-2025
Y58,RBD,DORSET COUNTY HOSPITAL NHS FOUNDATION TRUST,44966,13.59232026143791,April-2025
Y58,RD1,ROYAL UNITED HOSPITALS BATH NHS FOUNDATION TRUST,82682,13.08614402917046,April-2025
Y58,REF,ROYAL CORNWALL HOSPITALS NHS TRUST,81340,9.963763066202091,April-2025
Y58,RH5,SOMERSET NHS FOUNDATION TRUST,116850,11.55368360936608,April-2025
Y58,RH8,ROYAL DEVON UNIVERSITY HEALTHCARE NHS FOUNDATION TRUST,143688,13.107509454349,April-2025
Y58,RJ8,CORNWALL PARTNERSHIP NHS FOUNDATION TRUST,1114,4.827272727272727,April-2025
Y58,RK9,UNIVERSITY HOSPITALS PLYMOUTH NHS TRUST,96012,12.94830371567044,April-2025
Y58,RN3,GREAT WESTERN HOSPITALS NHS FOUNDATION TRUST,75008,13.8639846743295,April-2025
Y58,RNZ,SALISBURY NHS FOUNDATION TRUST,55986,11.85379812695109,April-2025
Y58,RTE,GLOUCESTERSHIRE HOSPITALS NHS FOUNDATION TRUST,133652,9.90102120974077,April-2025
Y58,RVJ,NORTH BRISTOL NHS TRUST,85214,12.2812,April-2025
Y59,R1F,ISLE OF WIGHT NHS TRUST,27370,13.46291208791209,April-2025
Y59,RA2,ROYAL SURREY COUNTY HOSPITAL NHS FOUNDATION TRUST,60302,14.72088068181818,April-2025
Y59,RDR,SUSSEX COMMUNITY NHS FOUNDATION TRUST,23460,8.881465517241379,April-2025
Y59,RDU,FRIMLEY HEALTH NHS FOUNDATION TRUST,144412,15.45654911838791,April-2025
Y59,RHM,UNIVERSITY HOSPITAL SOUTHAMPTON NHS FOUNDATION TRUST,124612,11.92883500263574,April-2025
Y59,RHU,PORTSMOUTH HOSPITALS UNIVERSITY NHS TRUST,121982,15.95818441744103,April-2025
Y59,RHW,ROYAL BERKSHIRE NHS FOUNDATION TRUST,76272,10.32561983471074,April-2025
Y59,RN5,HAMPSHIRE HOSPITALS NHS FOUNDATION TRUST,101794,13.64755917159763,April-2025
Y59,RN7,DARTFORD AND GRAVESHAM NHS TRUST,62536,13.11237230419977,April-2025
Y59,RPA,MEDWAY NHS FOUNDATION TRUST,80342,15.63482532751092,April-2025
Y59,RPC,QUEEN VICTORIA HOSPITAL NHS FOUNDATION TRUST,36230,13.79981549815498,April-2025
Y59,RTH,OXFORD UNIVERSITY HOSPITALS NHS FOUNDATION TRUST,175858,14.07326420198377,April-2025
Y59,RTK,ASHFORD AND ST PETER'S HOSPITALS NHS FOUNDATION TRUST,118664,14.31569664902998,April-2025
Y59,RTP,SURREY AND SUSSEX HEALTHCARE NHS TRUST,109026,15.00490196078431,April-2025
Y59,RVV,EAST KENT HOSPITALS UNIVERSITY NHS FOUNDATION TRUST,166212,15.64071246819339,April-2025
Y59,RW1,HAMPSHIRE AND ISLE OF WIGHT HEALTHCARE NHS FOUNDATION TRUST,7922,5.880622837370242,April-2025
Y59,RWF,MAIDSTONE AND TUNBRIDGE WELLS NHS TRUST,92474,9.930005906674543,April-2025
Y59,RWX,BERKSHIRE HEALTHCARE NHS FOUNDATION TRUST,168,6.727272727272728,April-2025
Y59,RXC,EAST SUSSEX HEALTHCARE NHS TRUST,126066,12.82560240963855,April-2025
Y59,RXQ,BUCKINGHAMSHIRE HEALTHCARE NHS TRUST,97084,14.48913043478261,April-2025
Y59,RYR,UNIVERSITY HOSPITALS SUSSEX NHS FOUNDATION TRUST,230440,17.68819374369324,April-2025
Y59,RYY,KENT COMMUNITY HEALTH NHS FOUNDATION TRUST,6648,4.699140401146132,April-2025
Y60,R1A,HEREFORDSHIRE AND WORCESTERSHIRE HEALTH AND CARE NHS TRUST,192,4.875,April-2025
Y60,R1D,SHROPSHIRE COMMUNITY HEALTH NHS TRUST,18702,14.9140625,April-2025
Y60,RBK,WALSALL HEALTHCARE NHS TRUST,57108,10.46197718631179,April-2025
Y60,RFS,CHESTERFIELD ROYAL HOSPITAL NHS FOUNDATION TRUST,57980,14.61215629522431,April-2025
Y60,RJC,SOUTH WARWICKSHIRE UNIVERSITY NHS FOUNDATION TRUST,63818,11.67160826594789,April-2025
Y60,RJE,UNIVERSITY HOSPITALS OF NORTH MIDLANDS NHS TRUST,132808,12.7751677852349,April-2025
Y60,RK5,SHERWOOD FOREST HOSPITALS NHS FOUNDATION TRUST,70634,12.15300784655623,April-2025
Y60,RKB,UNIVERSITY HOSPITALS COVENTRY AND WARWICKSHIRE NHS TRUST,166150,17.08560090702948,April-2025
Y60,RL1,THE ROBERT JONES AND AGNES HUNT ORTHOPAEDIC HOSPITAL NHS FOUNDATION TRUST,33980,20.62028985507246,April-2025
Y60,RL4,THE ROYAL WOLVERHAMPTON NHS TRUST,172008,16.32002801120448,April-2025
Y60,RLQ,WYE VALLEY NHS TRUST,47092,13.92128801431127,April-2025
Y60,RLT,GEORGE ELIOT HOSPITAL NHS TRUST,40520,14.12328767123288,April-2025
Y60,RNA,THE DUDLEY GROUP NHS FOUNDATION TRUST,90900,12.37402190923318,April-2025
Y60,RNQ,KETTERING GENERAL HOSPITAL NHS FOUNDATION TRUST,49698,10.90416666666667,April-2025
Y60,RNS,NORTHAMPTON GENERAL HOSPITAL NHS TRUST,83922,12.89910858995138,April-2025
Y60,RP7,LINCOLNSHIRE PARTNERSHIP NHS FOUNDATION TRUST,82,5.625,April-2025
Y60,RQ3,BIRMINGHAM WOMEN'S AND CHILDREN'S NHS FOUNDATION TRUST,52506,13.89280774550484,April-2025
Y60,RRE,MIDLANDS PARTNERSHIP UNIVERSITY NHS FOUNDATION TRUST,13080,3.29045643153527,April-2025
Y60,RRJ,THE ROYAL ORTHOPAEDIC HOSPITAL NHS FOUNDATION TRUST,25478,14.71086261980831,April-2025
Y60,RRK,UNIVERSITY HOSPITALS BIRMINGHAM NHS FOUNDATION TRUST,209794,18.20995059985886,April-2025
Y60,RTG,UNIVERSITY HOSPITALS OF DERBY AND BURTON NHS FOUNDATION TRUST,215860,15.45752143413874,April-2025
Y60,RWD,UNITED LINCOLNSHIRE TEACHING HOSPITALS NHS TRUST,140084,15.69550561797753,April-2025
Y60,RWE,UNIVERSITY HOSPITALS OF LEICESTER NHS TRUST,215608,14.81701118264995,April-2025
Y60,RWP,WORCESTERSHIRE ACUTE HOSPITALS NHS TRUST,110000,13.65609452736318,April-2025
Y60,RX1,NOTTINGHAM UNIVERSITY HOSPITALS NHS TRUST,166162,13.85420517560074,April-2025
Y60,RXK,SANDWELL AND WEST BIRMINGHAM HOSPITALS NHS TRUST,130450,15.38670411985019,April-2025
Y60,RXW,THE SHREWSBURY AND TELFORD HOSPITAL NHS TRUST,82476,18.19161676646707,April-2025
Y60,RYW,BIRMINGHAM COMMUNITY HEALTHCARE NHS FOUNDATION TRUST,31696,11.785594639866,April-2025
Y61,RAJ,MID AND SOUTH ESSEX NHS FOUNDATION TRUST,345462,19.38851519681116,April-2025
Y61,RC9,BEDFORDSHIRE HOSPITALS NHS FOUNDATION TRUST,200830,15.97826086956522,April-2025
Y61,RCX,"THE QUEEN ELIZABETH HOSPITAL, KING'S LYNN, NHS FOUNDATION TRUST",53768,13.75522388059701,April-2025
Y61,RD8,MILTON KEYNES UNIVERSITY HOSPITAL NHS FOUNDATION TRUST,63538,19.49479166666667,April-2025
Y61,RDE,EAST SUFFOLK AND NORTH ESSEX NHS FOUNDATION TRUST,183786,14.8248449955713,April-2025
Y61,RGM,ROYAL PAPWORTH HOSPITAL NHS FOUNDATION TRUST,14282,12.76785714285714,April-2025
Y61,RGN,NORTH WEST ANGLIA NHS FOUNDATION TRUST,154698,15.86985507246377,April-2025
Y61,RGP,JAMES PAGET UNIVERSITY HOSPITALS NHS FOUNDATION TRUST,69982,15.3870765370138,April-2025
Y61,RGR,WEST SUFFOLK NHS FOUNDATION TRUST,71112,14.6545240893067,April-2025
Y61,RGT,CAMBRIDGE UNIVERSITY HOSPITALS NHS FOUNDATION TRUST,130644,13.84411764705882,April-2025
Y61,RM1,NORFOLK AND NORWICH UNIVERSITY HOSPITALS NHS FOUNDATION TRUST,160486,15.66079676674365,April-2025
Y61,RQW,THE PRINCESS ALEXANDRA HOSPITAL NHS TRUST,102790,18.68990120746432,April-2025
Y61,RT1,CAMBRIDGESHIRE AND PETERBOROUGH NHS FOUNDATION TRUST,678,16.91666666666667,April-2025
Y61,RWG,WEST HERTFORDSHIRE TEACHING HOSPITALS NHS TRUST,92354,12.98685097774781,April-2025
Y61,RWH,EAST AND NORTH HERTFORDSHIRE NHS TRUST,111718,12.55379041248606,April-2025
Y62,R0A,MANCHESTER UNIVERSITY NHS FOUNDATION TRUST,384460,16.89274664833276,April-2025
Y62,RBL,WIRRAL UNIVERSITY TEACHING HOSPITAL NHS FOUNDATION TRUST,92800,12.85757347400151,April-2025
Y62,RBN,MERSEY AND WEST LANCASHIRE TEACHING HOSPITALS NHS TRUST,151360,11.53483060525314,April-2025
Y62,RBQ,LIVERPOOL HEART AND CHEST HOSPITAL NHS FOUNDATION TRUST,10966,11.18586387434555,April-2025
Y62,RBS,ALDER HEY CHILDREN'S NHS FOUNDATION TRUST,40086,15.83918128654971,April-2025
Y62,RBT,MID CHESHIRE HOSPITALS NHS FOUNDATION TRUST,71150,14.62556306306306,April-2025
Y62,RBV,THE CHRISTIE NHS FOUNDATION TRUST,5614,4.76431718061674,April-2025
Y62,REM,LIVERPOOL UNIVERSITY HOSPITALS NHS FOUNDATION TRUST,140366,15.48526812021214,April-2025
Y62,REN,THE CLATTERBRIDGE CANCER CENTRE NHS FOUNDATION TRUST,2030,7.006410256410256,April-2025
Y62,REP,LIVERPOOL WOMEN'S NHS FOUNDATION TRUST,33152,17.72727272727273,April-2025
Y62,RET,THE WALTON CENTRE NHS FOUNDATION TRUST,28720,12.65476190476191,April-2025
Y62,RJN,EAST CHESHIRE NHS TRUST,27074,13.44325153374233,April-2025
Y62,RJR,COUNTESS OF CHESTER HOSPITAL NHS FOUNDATION TRUST,67392,19.54188948306595,April-2025
Y62,RM3,NORTHERN CARE ALLIANCE NHS FOUNDATION TRUST,277424,16.0250347705146,April-2025
Y62,RMC,BOLTON NHS FOUNDATION TRUST,76346,14.88869665513264,April-2025
Y62,RMP,TAMESIDE AND GLOSSOP INTEGRATED CARE NHS FOUNDATION TRUST,34412,9.978930307941653,April-2025
Y62,RRF,"WRIGHTINGTON, WIGAN AND LEIGH NHS FOUNDATION TRUST",100818,14.26701782820097,April-2025
Y62,RTX,UNIVERSITY HOSPITALS OF MORECAMBE BAY NHS FOUNDATION TRUST,69206,10.56175115207373,April-2025
Y62,RW4,MERSEY CARE NHS FOUNDATION TRUST,92,2.5,April-2025
Y62,RW5,LANCASHIRE & SOUTH CUMBRIA NHS FOUNDATION TRUST,5762,4.308118081180812,April-2025
Y62,RWJ,STOCKPORT NHS FOUNDATION TRUST,70380,14.82421420256112,April-2025
Y62,RWW,WARRINGTON AND HALTON TEACHING HOSPITALS NHS FOUNDATION TRUST,68912,14.41970021413276,April-2025
Y62,RXL,BLACKPOOL TEACHING HOSPITALS NHS FOUNDATION TRUST,68312,14.66930917327293,April-2025
Y62,RXN,LANCASHIRE TEACHING HOSPITALS NHS FOUNDATION TRUST,123028,15.4405737704918,April-2025
Y62,RXR,EAST LANCASHIRE HOSPITALS NHS TRUST,120470,14.46791443850267,April-2025
Y63,R0B,SOUTH TYNESIDE AND SUNDERLAND NHS FOUNDATION TRUST,114806,8.982369534555712,April-2025
Y63,RAE,BRADFORD TEACHING HOSPITALS NHS FOUNDATION TRUST,65082,12.20905391658189,April-2025
Y63,RCB,YORK AND SCARBOROUGH TEACHING HOSPITALS NHS FOUNDATION TRUST,99236,14.42140790742527,April-2025
Y63,RCD,HARROGATE AND DISTRICT NHS FOUNDATION TRUST,41516,10.28759894459103,April-2025
Y63,RCF,AIREDALE NHS FOUNDATION TRUST,27504,9.487804878048781,April-2025
Y63,RCU,SHEFFIELD CHILDREN'S NHS FOUNDATION TRUST,24354,10.99878345498783,April-2025
Y63,RFF,BARNSLEY HOSPITAL NHS FOUNDATION TRUST,49408,10.49311926605505,April-2025
Y63,RFR,THE ROTHERHAM NHS FOUNDATION TRUST,63698,11.63140096618358,April-2025
Y63,RHQ,SHEFFIELD TEACHING HOSPITALS NHS FOUNDATION TRUST,183772,11.43852303007233,April-2025
Y63,RJL,NORTHERN LINCOLNSHIRE AND GOOLE NHS FOUNDATION TRUST,82482,13.11607949412828,April-2025
Y63,RNN,NORTH CUMBRIA INTEGRATED CARE NHS FOUNDATION TRUST,77372,14.41495901639344,April-2025
Y63,RP5,DONCASTER AND BASSETLAW TEACHING HOSPITALS NHS FOUNDATION TRUST,108574,12.74306431273644,April-2025
Y63,RR7,GATESHEAD HEALTH NHS FOUNDATION TRUST,26130,10.77194860813704,April-2025
Y63,RR8,LEEDS TEACHING HOSPITALS NHS TRUST,178032,10.914030261348,April-2025
Y63,RTD,THE NEWCASTLE UPON TYNE HOSPITALS NHS FOUNDATION TRUST,188584,9.960076045627376,April-2025
Y63,RTF,NORTHUMBRIA HEALTHCARE NHS FOUNDATION TRUST,71950,10.02137546468401,April-2025
Y63,RTR,SOUTH TEES HOSPITALS NHS FOUNDATION TRUST,113482,13.1206191588785,April-2025
Y63,RVW,NORTH TEES AND HARTLEPOOL NHS FOUNDATION TRUST,41384,9.153465346534654,April-2025
Y63,RWA,HULL UNIVERSITY TEACHING HOSPITALS NHS TRUST,155980,14.13546423135464,April-2025
Y63,RWY,CALDERDALE AND HUDDERSFIELD NHS FOUNDATION TRUST,72180,10.91239669421488,April-2025
Y63,RX4,"CUMBRIA, NORTHUMBERLAND, TYNE AND WEAR NHS FOUNDATION TRUST",392,6.6,April-2025
Y63,RXF,MID YORKSHIRE TEACHING NHS TRUST,110626,12.41464174454829,April-2025
Y63,RXG,SOUTH WEST YORKSHIRE PARTNERSHIP NHS FOUNDATION TRUST,8150,5.855392156862745,April-2025
Y63,RXP,COUNTY DURHAM AND DARLINGTON NHS FOUNDATION TRUST,74006,11.26294675419402,April-2025
Y63,RY6,LEEDS COMMUNITY HEALTHCARE NHS TRUST,8,22.0,April-2025
Y63,TAD,BRADFORD DISTRICT CARE NHS FOUNDATION TRUST,1126,10.30714285714286,April-2025
Y56,R1H,BARTS HEALTH NHS TRUST,270220,15.24887421194836,May-2025
Y56,R1K,LONDON NORTH WEST UNIVERSITY HEALTHCARE NHS TRUST,169632,16.65586874211191,May-2025
Y56,RAL,ROYAL FREE LONDON NHS FOUNDATION TRUST,292766,15.41112252761367,May-2025
Y56,RAN,ROYAL NATIONAL ORTHOPAEDIC HOSPITAL NHS TRUST,17278,11.69744318181818,May-2025
Y56,RAS,THE HILLINGDON HOSPITALS NHS FOUNDATION TRUST,60880,15.95591397849462,May-2025
Y56,RAX,KINGSTON AND RICHMOND NHS FOUNDATION TRUST,83880,12.24551724137931,May-2025
Y56,RF4,"BARKING, HAVERING AND REDBRIDGE UNIVERSITY HOSPITALS NHS TRUST",112168,10.85025641025641,May-2025
Y56,RJ1,GUY'S AND ST THOMAS' NHS FOUNDATION TRUST,240190,12.9582077281447,May-2025
Y56,RJ2,LEWISHAM AND GREENWICH NHS TRUST,106114,15.70669456066946,May-2025
Y56,RJ6,CROYDON HEALTH SERVICES NHS TRUST,72210,11.63632326820604,May-2025
Y56,RJ7,ST GEORGE'S UNIVERSITY HOSPITALS NHS FOUNDATION TRUST,140528,13.20401519262073,May-2025
Y56,RJZ,KING'S COLLEGE HOSPITAL NHS FOUNDATION TRUST,167246,13.27127228525122,May-2025
Y56,RKE,WHITTINGTON HEALTH NHS TRUST,50636,11.70179948586118,May-2025
Y56,RP4,GREAT ORMOND STREET HOSPITAL FOR CHILDREN NHS FOUNDATION TRUST,16684,11.0327868852459,May-2025
Y56,RP6,MOORFIELDS EYE HOSPITAL NHS FOUNDATION TRUST,66284,8.28463768115942,May-2025
Y56,RPG,OXLEAS NHS FOUNDATION TRUST,3880,16.95833333333333,May-2025
Y56,RPY,THE ROYAL MARSDEN NHS FOUNDATION TRUST,4026,4.010273972602739,May-2025
Y56,RQM,CHELSEA AND WESTMINSTER HOSPITAL NHS FOUNDATION TRUST,133568,14.2178636089318,May-2025
Y56,RQX,HOMERTON HEALTHCARE NHS FOUNDATION TRUST,72418,12.58234217749314,May-2025
Y56,RRV,UNIVERSITY COLLEGE LONDON HOSPITALS NHS FOUNDATION TRUST,149662,13.91016713091922,May-2025
Y56,RVR,EPSOM AND ST HELIER UNIVERSITY HOSPITALS NHS TRUST,107798,12.26127819548872,May-2025
Y56,RYJ,IMPERIAL COLLEGE HEALTHCARE NHS TRUST,173522,14.00366379310345,May-2025
Y58,R0D,UNIVERSITY HOSPITALS DORSET NHS FOUNDATION TRUST,124492,12.87611082070047,May-2025
Y58,RA7,UNIVERSITY HOSPITALS BRISTOL AND WESTON NHS FOUNDATION TRUST,110464,11.7231308411215,May-2025
Y58,RA9,TORBAY AND SOUTH DEVON NHS FOUNDATION TRUST,67886,11.80792377131394,May-2025
Y58,RBD,DORSET COUNTY HOSPITAL NHS FOUNDATION TRUST,45256,13.94599018003273,May-2025
Y58,RD1,ROYAL UNITED HOSPITALS BATH NHS FOUNDATION TRUST,83740,13.63848396501458,May-2025
Y58,REF,ROYAL CORNWALL HOSPITALS NHS TRUST,82892,10.03383458646617,May-2025
Y58,RH5,SOMERSET NHS FOUNDATION TRUST,114052,11.94766260162602,May-2025
Y58,RH8,ROYAL DEVON UNIVERSITY HEALTHCARE NHS FOUNDATION TRUST,145810,13.77818448023426,May-2025
Y58,RJ8,CORNWALL PARTNERSHIP NHS FOUNDATION TRUST,982,4.6640625,May-2025
Y58,RK9,UNIVERSITY HOSPITALS PLYMOUTH NHS TRUST,95990,13.12071992976295,May-2025
Y58,RN3,GREAT WESTERN HOSPITALS NHS FOUNDATION TRUST,74934,13.99377990430622,May-2025
Y58,RNZ,SALISBURY NHS FOUNDATION TRUST,58458,12.42102846648301,May-2025
Y58,RTE,GLOUCESTERSHIRE HOSPITALS NHS FOUNDATION TRUST,125940,10.28486646884273,May-2025
Y58,RVJ,NORTH BRISTOL NHS TRUST,87690,12.08217592592593,May-2025
Y59,R1F,ISLE OF WIGHT NHS TRUST,27192,13.63432835820896,May-2025
Y59,RA2,ROYAL SURREY COUNTY HOSPITAL NHS FOUNDATION TRUST,59274,15.74793956043956,May-2025
Y59,RDR,SUSSEX COMMUNITY NHS FOUNDATION TRUST,24010,9.436127744510978,May-2025
Y59,RDU,FRIMLEY HEALTH NHS FOUNDATION TRUST,148976,15.45576707726764,May-2025
Y59,RHM,UNIVERSITY HOSPITAL SOUTHAMPTON NHS FOUNDATION TRUST,125882,12.30830753353973,May-2025
Y59,RHU,PORTSMOUTH HOSPITALS UNIVERSITY NHS TRUST,117874,15.36464646464646,May-2025
Y59,RHW,ROYAL BERKSHIRE NHS FOUNDATION TRUST,75236,10.51243781094527,May-2025
Y59,RN5,HAMPSHIRE HOSPITALS NHS FOUNDATION TRUST,103034,13.93116701607268,May-2025
Y59,RN7,DARTFORD AND GRAVESHAM NHS TRUST,63704,14.0472334682861,May-2025
Y59,RPA,MEDWAY NHS FOUNDATION TRUST,80174,16.34577922077922,May-2025
Y59,RPC,QUEEN VICTORIA HOSPITAL NHS FOUNDATION TRUST,35248,14.23384030418251,May-2025
Y59,RTH,OXFORD UNIVERSITY HOSPITALS NHS FOUNDATION TRUST,173176,14.50672877846791,May-2025
Y59,RTK,ASHFORD AND ST PETER'S HOSPITALS NHS FOUNDATION TRUST,114766,14.54058663028649,May-2025
Y59,RTP,SURREY AND SUSSEX HEALTHCARE NHS TRUST,103648,15.53420870767104,May-2025
Y59,RVV,EAST KENT HOSPITALS UNIVERSITY NHS FOUNDATION TRUST,164270,16.04185022026432,May-2025
Y59,RW1,HAMPSHIRE AND ISLE OF WIGHT HEALTHCARE NHS FOUNDATION TRUST,8230,6.348901098901099,May-2025
Y59,RWF,MAIDSTONE AND TUNBRIDGE WELLS NHS TRUST,93976,10.75642458100559,May-2025
Y59,RWX,BERKSHIRE HEALTHCARE NHS FOUNDATION TRUST,160,4.0,May-2025
Y59,RXC,EAST SUSSEX HEALTHCARE NHS TRUST,123094,13.29282868525896,May-2025
Y59,RXQ,BUCKINGHAMSHIRE HEALTHCARE NHS TRUST,98064,15.19753086419753,May-2025
Y59,RYR,UNIVERSITY HOSPITALS SUSSEX NHS FOUNDATION TRUST,225964,17.59493177387914,May-2025
Y59,RYY,KENT COMMUNITY HEALTH NHS FOUNDATION TRUST,7616,5.190812720848056,May-2025
Y60,R1A,HEREFORDSHIRE AND WORCESTERSHIRE HEALTH AND CARE NHS TRUST,240,5.9,May-2025
Y60,R1D,SHROPSHIRE COMMUNITY HEALTH NHS TRUST,18436,14.93,May-2025
Y60,RBK,WALSALL HEALTHCARE NHS TRUST,56774,11.40186500888099,May-2025
Y60,RFS,CHESTERFIELD ROYAL HOSPITAL NHS FOUNDATION TRUST,62494,14.56041666666667,May-2025
Y60,RJC,SOUTH WARWICKSHIRE UNIVERSITY NHS FOUNDATION TRUST,65282,12.19165885660731,May-2025
Y60,RJE,UNIVERSITY HOSPITALS OF NORTH MIDLANDS NHS TRUST,128460,13.08654906284454,May-2025
Y60,RK5,SHERWOOD FOREST HOSPITALS NHS FOUNDATION TRUST,69382,12.94020356234097,May-2025
Y60,RKB,UNIVERSITY HOSPITALS COVENTRY AND WARWICKSHIRE NHS TRUST,160726,16.96744532803181,May-2025
Y60,RL1,THE ROBERT JONES AND AGNES HUNT ORTHOPAEDIC HOSPITAL NHS FOUNDATION TRUST,34560,20.57971014492754,May-2025
Y60,RL4,THE ROYAL WOLVERHAMPTON NHS TRUST,160226,16.21243654822335,May-2025
Y60,RLQ,WYE VALLEY NHS TRUST,47134,14.03480475382003,May-2025
Y60,RLT,GEORGE ELIOT HOSPITAL NHS TRUST,41148,14.80357142857143,May-2025
Y60,RNA,THE DUDLEY GROUP NHS FOUNDATION TRUST,92220,12.7184841453983,May-2025
Y60,RNQ,KETTERING GENERAL HOSPITAL NHS FOUNDATION TRUST,51308,11.60534759358289,May-2025
Y60,RNS,NORTHAMPTON GENERAL HOSPITAL NHS TRUST,81632,13.46106194690265,May-2025
Y60,RP7,LINCOLNSHIRE PARTNERSHIP NHS FOUNDATION TRUST,82,3.125,May-2025
Y60,RQ3,BIRMINGHAM WOMEN'S AND CHILDREN'S NHS FOUNDATION TRUST,54838,14.80133928571429,May-2025
Y60,RRE,MIDLANDS PARTNERSHIP UNIVERSITY NHS FOUNDATION TRUST,13310,3.7,May-2025
Y60,RRJ,THE ROYAL ORTHOPAEDIC HOSPITAL NHS FOUNDATION TRUST,25596,14.659375,May-2025
Y60,RRK,UNIVERSITY HOSPITALS BIRMINGHAM NHS FOUNDATION TRUST,210874,17.14635922330097,May-2025
Y60,RTG,UNIVERSITY HOSPITALS OF DERBY AND BURTON NHS FOUNDATION TRUST,213676,16.078022402472,May-2025
Y60,RWD,UNITED LINCOLNSHIRE TEACHING HOSPITALS NHS TRUST,140366,16.22569444444444,May-2025
Y60,RWE,UNIVERSITY HOSPITALS OF LEICESTER NHS TRUST,212708,15.48888162197515,May-2025
Y60,RWP,WORCESTERSHIRE ACUTE HOSPITALS NHS TRUST,110158,14.0210244648318,May-2025
Y60,RX1,NOTTINGHAM UNIVERSITY HOSPITALS NHS TRUST,166404,14.10093091621754,May-2025
Y60,RXK,SANDWELL AND WEST BIRMINGHAM HOSPITALS NHS TRUST,131606,15.44672131147541,May-2025
Y60,RXW,THE SHREWSBURY AND TELFORD HOSPITAL NHS TRUST,78084,16.84977375565611,May-2025
Y60,RYW,BIRMINGHAM COMMUNITY HEALTHCARE NHS FOUNDATION TRUST,32320,12.3444976076555,May-2025
Y61,RAJ,MID AND SOUTH ESSEX NHS FOUNDATION TRUST,348972,17.81706063720452,May-2025
Y61,RC9,BEDFORDSHIRE HOSPITALS NHS FOUNDATION TRUST,184072,14.87938868236266,May-2025
Y61,RCX,"THE QUEEN ELIZABETH HOSPITAL, KING'S LYNN, NHS FOUNDATION TRUST",54602,14.42511013215859,May-2025
Y61,RD8,MILTON KEYNES UNIVERSITY HOSPITAL NHS FOUNDATION TRUST,64216,18.38888888888889,May-2025
Y61,RDE,EAST SUFFOLK AND NORTH ESSEX NHS FOUNDATION TRUST,182124,15.24206866579748,May-2025
Y61,RGM,ROYAL PAPWORTH HOSPITAL NHS FOUNDATION TRUST,13592,12.86206896551724,May-2025
Y61,RGN,NORTH WEST ANGLIA NHS FOUNDATION TRUST,153296,16.51145475372279,May-2025
Y61,RGP,JAMES PAGET UNIVERSITY HOSPITALS NHS FOUNDATION TRUST,69636,16.16379310344828,May-2025
Y61,RGR,WEST SUFFOLK NHS FOUNDATION TRUST,70174,15.49240654205608,May-2025
Y61,RGT,CAMBRIDGE UNIVERSITY HOSPITALS NHS FOUNDATION TRUST,130432,14.61908127208481,May-2025
Y61,RM1,NORFOLK AND NORWICH UNIVERSITY HOSPITALS NHS FOUNDATION TRUST,160856,16.15393133997785,May-2025
Y61,RQW,THE PRINCESS ALEXANDRA HOSPITAL NHS TRUST,99184,17.65057067603161,May-2025
Y61,RT1,CAMBRIDGESHIRE AND PETERBOROUGH NHS FOUNDATION TRUST,632,18.90909090909091,May-2025
Y61,RWG,WEST HERTFORDSHIRE TEACHING HOSPITALS NHS TRUST,94102,13.38438133874239,May-2025
Y61,RWH,EAST AND NORTH HERTFORDSHIRE NHS TRUST,108774,13.18682955899881,May-2025
Y62,R0A,MANCHESTER UNIVERSITY NHS FOUNDATION TRUST,380258,16.85259650735294,May-2025
Y62,RBL,WIRRAL UNIVERSITY TEACHING HOSPITAL NHS FOUNDATION TRUST,91382,13.01905829596413,May-2025
Y62,RBN,MERSEY AND WEST LANCASHIRE TEACHING HOSPITALS NHS TRUST,150128,12.14788169464429,May-2025
Y62,RBQ,LIVERPOOL HEART AND CHEST HOSPITAL NHS FOUNDATION TRUST,10824,11.28260869565217,May-2025
Y62,RBS,ALDER HEY CHILDREN'S NHS FOUNDATION TRUST,38044,15.43006263048017,May-2025
Y62,RBT,MID CHESHIRE HOSPITALS NHS FOUNDATION TRUST,72482,15.04742857142857,May-2025
Y62,RBV,THE CHRISTIE NHS FOUNDATION TRUST,5668,4.727611940298507,May-2025
Y62,REM,LIVERPOOL UNIVERSITY HOSPITALS NHS FOUNDATION TRUST,137170,16.09707792207792,May-2025
Y62,REN,THE CLATTERBRIDGE CANCER CENTRE NHS FOUNDATION TRUST,2190,7.924657534246576,May-2025
Y62,REP,LIVERPOOL WOMEN'S NHS FOUNDATION TRUST,32212,17.62871287128713,May-2025
Y62,RET,THE WALTON CENTRE NHS FOUNDATION TRUST,28762,13.0079185520362,May-2025
Y62,RJN,EAST CHESHIRE NHS TRUST,26854,13.60826210826211,May-2025
Y62,RJR,COUNTESS OF CHESTER HOSPITAL NHS FOUNDATION TRUST,67442,19.07153614457831,May-2025
Y62,RM3,NORTHERN CARE ALLIANCE NHS FOUNDATION TRUST,275706,16.28743152769324,May-2025
Y62,RMC,BOLTON NHS FOUNDATION TRUST,74616,15.49778270509978,May-2025
Y62,RMP,TAMESIDE AND GLOSSOP INTEGRATED CARE NHS FOUNDATION TRUST,34304,10.54296160877514,May-2025
Y62,RRF,"WRIGHTINGTON, WIGAN AND LEIGH NHS FOUNDATION TRUST",100400,14.46820809248555,May-2025
Y62,RTX,UNIVERSITY HOSPITALS OF MORECAMBE BAY NHS FOUNDATION TRUST,69396,11.01052631578947,May-2025
Y62,RW4,MERSEY CARE NHS FOUNDATION TRUST,82,2.6875,May-2025
Y62,RW5,LANCASHIRE & SOUTH CUMBRIA NHS FOUNDATION TRUST,4902,4.532142857142857,May-2025
Y62,RWJ,STOCKPORT NHS FOUNDATION TRUST,69596,15.10066225165563,May-2025
Y62,RWW,WARRINGTON AND HALTON TEACHING HOSPITALS NHS FOUNDATION TRUST,66190,15.25690954773869,May-2025
Y62,RXL,BLACKPOOL TEACHING HOSPITALS NHS FOUNDATION TRUST,69998,14.98674242424242,May-2025
Y62,RXN,LANCASHIRE TEACHING HOSPITALS NHS FOUNDATION TRUST,124696,15.88449466415568,May-2025
Y62,RXR,EAST LANCASHIRE HOSPITALS NHS TRUST,115308,14.49893541518808,May-2025
Y63,R0B,SOUTH TYNESIDE AND SUNDERLAND NHS FOUNDATION TRUST,115330,9.53047153024911,May-2025
Y63,RAE,BRADFORD TEACHING HOSPITALS NHS FOUNDATION TRUST,65126,12.34487666034156,May-2025
Y63,RCB,YORK AND SCARBOROUGH TEACHING HOSPITALS NHS FOUNDATION TRUST,102802,14.27431539187913,May-2025
Y63,RCD,HARROGATE AND DISTRICT NHS FOUNDATION TRUST,40148,10.62688442211055,May-2025
Y63,RCF,AIREDALE NHS FOUNDATION TRUST,27476,10.23707664884135,May-2025
Y63,RCU,SHEFFIELD CHILDREN'S NHS FOUNDATION TRUST,24764,11.08684863523573,May-2025
Y63,RFF,BARNSLEY HOSPITAL NHS FOUNDATION TRUST,52076,10.75844421699079,May-2025
Y63,RFR,THE ROTHERHAM NHS FOUNDATION TRUST,62374,11.60473313192346,May-2025
Y63,RHQ,SHEFFIELD TEACHING HOSPITALS NHS FOUNDATION TRUST,184074,11.80980184005662,May-2025
Y63,RJL,NORTHERN LINCOLNSHIRE AND GOOLE NHS FOUNDATION TRUST,81148,13.60946196660482,May-2025
Y63,RNN,NORTH CUMBRIA INTEGRATED CARE NHS FOUNDATION TRUST,76132,15.25235602094241,May-2025
Y63,RP5,DONCASTER AND BASSETLAW TEACHING HOSPITALS NHS FOUNDATION TRUST,109774,13.37429971988795,May-2025
Y63,RR7,GATESHEAD HEALTH NHS FOUNDATION TRUST,25860,11.49111111111111,May-2025
Y63,RR8,LEEDS TEACHING HOSPITALS NHS TRUST,176288,11.40389562660786,May-2025
Y63,RTD,THE NEWCASTLE UPON TYNE HOSPITALS NHS FOUNDATION TRUST,178538,10.37611275964392,May-2025
Y63,RTF,NORTHUMBRIA HEALTHCARE NHS FOUNDATION TRUST,72790,9.939723320158103,May-2025
Y63,RTR,SOUTH TEES HOSPITALS NHS FOUNDATION TRUST,112952,13.51409836065574,May-2025
Y63,RVW,NORTH TEES AND HARTLEPOOL NHS FOUNDATION TRUST,41928,9.555040556199305,May-2025
Y63,RWA,HULL UNIVERSITY TEACHING HOSPITALS NHS TRUST,156448,14.60316593886463,May-2025
Y63,RWY,CALDERDALE AND HUDDERSFIELD NHS FOUNDATION TRUST,72208,11.49614197530864,May-2025
Y63,RX4,"CUMBRIA, NORTHUMBERLAND, TYNE AND WEAR NHS FOUNDATION TRUST",398,5.884615384615385,May-2025
Y63,RXF,MID YORKSHIRE TEACHING NHS TRUST,112292,13.14426877470356,May-2025
Y63,RXG,SOUTH WEST YORKSHIRE PARTNERSHIP NHS FOUNDATION TRUST,8302,6.145320197044335,May-2025
Y63,RXP,COUNTY DURHAM AND DARLINGTON NHS FOUNDATION TRUST,77826,10.90912256267409,May-2025
Y63,RY6,LEEDS COMMUNITY HEALTHCARE NHS TRUST,0,,May-2025
Y63,TAD,BRADFORD DISTRICT CARE NHS FOUNDATION TRUST,1146,10.59375,May-2025
Y56,R1H,BARTS HEALTH NHS TRUST,269372,14.84164305949009,June-2025
Y56,R1K,LONDON NORTH WEST UNIVERSITY HEALTHCARE NHS TRUST,172726,15.82217231523071,June-2025
Y56,RAL,ROYAL FREE LONDON NHS FOUNDATION TRUST,292220,15.06014851485149,June-2025
Y56,RAN,ROYAL NATIONAL ORTHOPAEDIC HOSPITAL NHS TRUST,17336,11.05447470817121,June-2025
Y56,RAS,THE HILLINGDON HOSPITALS NHS FOUNDATION TRUST,62400,15.91133004926108,June-2025
Y56,RAX,KINGSTON AND RICHMOND NHS FOUNDATION TRUST,83396,12.61596696490021,June-2025
Y56,RF4,"BARKING, HAVERING AND REDBRIDGE UNIVERSITY HOSPITALS NHS TRUST",113862,10.50283375314861,June-2025
Y56,RJ1,GUY'S AND ST THOMAS' NHS FOUNDATION TRUST,237376,12.97975492807672,June-2025
Y56,RJ2,LEWISHAM AND GREENWICH NHS TRUST,106052,14.31952662721893,June-2025
Y56,RJ6,CROYDON HEALTH SERVICES NHS TRUST,73264,11.53385826771654,June-2025
Y56,RJ7,ST GEORGE'S UNIVERSITY HOSPITALS NHS FOUNDATION TRUST,142094,13.29704232534421,June-2025
Y56,RJZ,KING'S COLLEGE HOSPITAL NHS FOUNDATION TRUST,168874,12.94346224677716,June-2025
Y56,RKE,WHITTINGTON HEALTH NHS TRUST,50634,12.13648124191462,June-2025
Y56,RP4,GREAT ORMOND STREET HOSPITAL FOR CHILDREN NHS FOUNDATION TRUST,16184,10.91145833333333,June-2025
Y56,RP6,MOORFIELDS EYE HOSPITAL NHS FOUNDATION TRUST,68982,7.627252867285637,June-2025
Y56,RPG,OXLEAS NHS FOUNDATION TRUST,3784,18.69047619047619,June-2025
Y56,RPY,THE ROYAL MARSDEN NHS FOUNDATION TRUST,3930,3.632450331125828,June-2025
Y56,RQM,CHELSEA AND WESTMINSTER HOSPITAL NHS FOUNDATION TRUST,140602,13.97014537902388,June-2025
Y56,RQX,HOMERTON HEALTHCARE NHS FOUNDATION TRUST,72238,12.12043795620438,June-2025
Y56,RRV,UNIVERSITY COLLEGE LONDON HOSPITALS NHS FOUNDATION TRUST,144362,14.00917647058824,June-2025
Y56,RVR,EPSOM AND ST HELIER UNIVERSITY HOSPITALS NHS TRUST,112218,12.41982427237781,June-2025
Y56,RYJ,IMPERIAL COLLEGE HEALTHCARE NHS TRUST,177942,13.52875147695943,June-2025
Y58,R0D,UNIVERSITY HOSPITALS DORSET NHS FOUNDATION TRUST,125366,12.69805555555556,June-2025
Y58,RA7,UNIVERSITY HOSPITALS BRISTOL AND WESTON NHS FOUNDATION TRUST,110246,11.98256501182033,June-2025
Y58,RA9,TORBAY AND SOUTH DEVON NHS FOUNDATION TRUST,66522,10.52781456953642,June-2025
Y58,RBD,DORSET COUNTY HOSPITAL NHS FOUNDATION TRUST,44822,14.32475083056478,June-2025
Y58,RD1,ROYAL UNITED HOSPITALS BATH NHS FOUNDATION TRUST,83696,14.1247582205029,June-2025
Y58,REF,ROYAL CORNWALL HOSPITALS NHS TRUST,81228,9.589702333065166,June-2025
Y58,RH5,SOMERSET NHS FOUNDATION TRUST,114780,12.32467532467532,June-2025
Y58,RH8,ROYAL DEVON UNIVERSITY HEALTHCARE NHS FOUNDATION TRUST,147480,13.7219387755102,June-2025
Y58,RJ8,CORNWALL PARTNERSHIP NHS FOUNDATION TRUST,898,4.620967741935484,June-2025
Y58,RK9,UNIVERSITY HOSPITALS PLYMOUTH NHS TRUST,96552,12.96875,June-2025
Y58,RN3,GREAT WESTERN HOSPITALS NHS FOUNDATION TRUST,76426,13.62073863636364,June-2025
Y58,RNZ,SALISBURY NHS FOUNDATION TRUST,58242,12.00855991943605,June-2025
Y58,RTE,GLOUCESTERSHIRE HOSPITALS NHS FOUNDATION TRUST,120562,10.03057795698925,June-2025
Y58,RVJ,NORTH BRISTOL NHS TRUST,87830,11.95766590389016,June-2025
Y59,R1F,ISLE OF WIGHT NHS TRUST,27896,12.69565217391304,June-2025
Y59,RA2,ROYAL SURREY COUNTY HOSPITAL NHS FOUNDATION TRUST,60404,15.94736842105263,June-2025
Y59,RDR,SUSSEX COMMUNITY NHS FOUNDATION TRUST,26654,9.041226215644821,June-2025
Y59,RDU,FRIMLEY HEALTH NHS FOUNDATION TRUST,148368,15.59887005649717,June-2025
Y59,RHM,UNIVERSITY HOSPITAL SOUTHAMPTON NHS FOUNDATION TRUST,125278,12.40390969162996,June-2025
Y59,RHU,PORTSMOUTH HOSPITALS UNIVERSITY NHS TRUST,118058,15.15110073382255,June-2025
Y59,RHW,ROYAL BERKSHIRE NHS FOUNDATION TRUST,73048,9.94229722373435,June-2025
Y59,RN5,HAMPSHIRE HOSPITALS NHS FOUNDATION TRUST,100692,14.10197869101979,June-2025
Y59,RN7,DARTFORD AND GRAVESHAM NHS TRUST,65154,14.28012820512821,June-2025
Y59,RPA,MEDWAY NHS FOUNDATION TRUST,79986,16.20929118773946,June-2025
Y59,RPC,QUEEN VICTORIA HOSPITAL NHS FOUNDATION TRUST,35738,13.70751341681574,June-2025
Y59,RTH,OXFORD UNIVERSITY HOSPITALS NHS FOUNDATION TRUST,173650,14.30810694264769,June-2025
Y59,RTK,ASHFORD AND ST PETER'S HOSPITALS NHS FOUNDATION TRUST,110684,14.02739726027397,June-2025
Y59,RTP,SURREY AND SUSSEX HEALTHCARE NHS TRUST,104824,15.41476880607315,June-2025
Y59,RVV,EAST KENT HOSPITALS UNIVERSITY NHS FOUNDATION TRUST,161378,15.89731707317073,June-2025
Y59,RW1,HAMPSHIRE AND ISLE OF WIGHT HEALTHCARE NHS FOUNDATION TRUST,7910,6.088039867109635,June-2025
Y59,RWF,MAIDSTONE AND TUNBRIDGE WELLS NHS TRUST,95960,10.64296187683284,June-2025
Y59,RWX,BERKSHIRE HEALTHCARE NHS FOUNDATION TRUST,180,4.4,June-2025
Y59,RXC,EAST SUSSEX HEALTHCARE NHS TRUST,123078,12.89094422970734,June-2025
Y59,RXQ,BUCKINGHAMSHIRE HEALTHCARE NHS TRUST,98812,15.29966101694915,June-2025
Y59,RYR,UNIVERSITY HOSPITALS SUSSEX NHS FOUNDATION TRUST,226244,17.39355105415461,June-2025
Y59,RYY,KENT COMMUNITY HEALTH NHS FOUNDATION TRUST,7416,4.447098976109215,June-2025
Y60,R1A,HEREFORDSHIRE AND WORCESTERSHIRE HEALTH AND CARE NHS TRUST,238,6.65,June-2025
Y60,R1D,SHROPSHIRE COMMUNITY HEALTH NHS TRUST,17814,13.71828358208955,June-2025
Y60,RBK,WALSALL HEALTHCARE NHS TRUST,56074,10.58058375634518,June-2025
Y60,RFS,CHESTERFIELD ROYAL HOSPITAL NHS FOUNDATION TRUST,63048,14.12457912457912,June-2025
Y60,RJC,SOUTH WARWICKSHIRE UNIVERSITY NHS FOUNDATION TRUST,66778,12.07251184834123,June-2025
Y60,RJE,UNIVERSITY HOSPITALS OF NORTH MIDLANDS NHS TRUST,129092,12.3376918703809,June-2025
Y60,RK5,SHERWOOD FOREST HOSPITALS NHS FOUNDATION TRUST,70880,12.87637595258256,June-2025
Y60,RKB,UNIVERSITY HOSPITALS COVENTRY AND WARWICKSHIRE NHS TRUST,153974,15.44498714652956,June-2025
Y60,RL1,THE ROBERT JONES AND AGNES HUNT ORTHOPAEDIC HOSPITAL NHS FOUNDATION TRUST,34648,20.09039548022599,June-2025
Y60,RL4,THE ROYAL WOLVERHAMPTON NHS TRUST,159498,15.6966929911155,June-2025
Y60,RLQ,WYE VALLEY NHS TRUST,45684,14.01842546063652,June-2025
Y60,RLT,GEORGE ELIOT HOSPITAL NHS TRUST,40558,13.60059171597633,June-2025
Y60,RNA,THE DUDLEY GROUP NHS FOUNDATION TRUST,93326,12.47414448669202,June-2025
Y60,RNQ,KETTERING GENERAL HOSPITAL NHS FOUNDATION TRUST,49910,12.25873655913978,June-2025
Y60,RNS,NORTHAMPTON GENERAL HOSPITAL NHS TRUST,84844,13.21178637200737,June-2025
Y60,RP7,LINCOLNSHIRE PARTNERSHIP NHS FOUNDATION TRUST,88,5.0,June-2025
Y60,RQ3,BIRMINGHAM WOMEN'S AND CHILDREN'S NHS FOUNDATION TRUST,56546,15.16891891891892,June-2025
Y60,RRE,MIDLANDS PARTNERSHIP UNIVERSITY NHS FOUNDATION TRUST,14786,3.986211901306241,June-2025
Y60,RRJ,THE ROYAL ORTHOPAEDIC HOSPITAL NHS FOUNDATION TRUST,25908,13.91218130311615,June-2025
Y60,RRK,UNIVERSITY HOSPITALS BIRMINGHAM NHS FOUNDATION TRUST,208284,16.79747386759582,June-2025
Y60,RTG,UNIVERSITY HOSPITALS OF DERBY AND BURTON NHS FOUNDATION TRUST,201910,14.9010067114094,June-2025
Y60,RWD,UNITED LINCOLNSHIRE TEACHING HOSPITALS NHS TRUST,140726,16.06367628607277,June-2025
Y60,RWE,UNIVERSITY HOSPITALS OF LEICESTER NHS TRUST,219154,15.50672572178478,June-2025
Y60,RWP,WORCESTERSHIRE ACUTE HOSPITALS NHS TRUST,110976,13.98153409090909,June-2025
Y60,RX1,NOTTINGHAM UNIVERSITY HOSPITALS NHS TRUST,163226,12.9376584953508,June-2025
Y60,RXK,SANDWELL AND WEST BIRMINGHAM HOSPITALS NHS TRUST,131080,15.10140845070423,June-2025
Y60,RXW,THE SHREWSBURY AND TELFORD HOSPITAL NHS TRUST,75260,16.24003984063745,June-2025
Y60,RYW,BIRMINGHAM COMMUNITY HEALTHCARE NHS FOUNDATION TRUST,30326,13.04659090909091,June-2025
Y61,RAJ,MID AND SOUTH ESSEX NHS FOUNDATION TRUST,344756,17.78991841491841,June-2025
Y61,RC9,BEDFORDSHIRE HOSPITALS NHS FOUNDATION TRUST,176564,14.39486963835156,June-2025
Y61,RCX,"THE QUEEN ELIZABETH HOSPITAL, KING'S LYNN, NHS FOUNDATION TRUST",54530,15.15246338215712,June-2025
Y61,RD8,MILTON KEYNES UNIVERSITY HOSPITAL NHS FOUNDATION TRUST,67026,17.66911764705882,June-2025
Y61,RDE,EAST SUFFOLK AND NORTH ESSEX NHS FOUNDATION TRUST,184100,15.16460723742277,June-2025
Y61,RGM,ROYAL PAPWORTH HOSPITAL NHS FOUNDATION TRUST,13296,12.00900900900901,June-2025
Y61,RGN,NORTH WEST ANGLIA NHS FOUNDATION TRUST,152504,16.16807195053401,June-2025
Y61,RGP,JAMES PAGET UNIVERSITY HOSPITALS NHS FOUNDATION TRUST,69230,16.4780701754386,June-2025
Y61,RGR,WEST SUFFOLK NHS FOUNDATION TRUST,70258,15.06697819314642,June-2025
Y61,RGT,CAMBRIDGE UNIVERSITY HOSPITALS NHS FOUNDATION TRUST,132258,14.34330867518494,June-2025
Y61,RM1,NORFOLK AND NORWICH UNIVERSITY HOSPITALS NHS FOUNDATION TRUST,161652,15.95025906735751,June-2025
Y61,RQW,THE PRINCESS ALEXANDRA HOSPITAL NHS TRUST,96886,17.51537785588752,June-2025
Y61,RT1,CAMBRIDGESHIRE AND PETERBOROUGH NHS FOUNDATION TRUST,666,17.75,June-2025
Y61,RWG,WEST HERTFORDSHIRE TEACHING HOSPITALS NHS TRUST,93828,12.83669609079445,June-2025
Y61,RWH,EAST AND NORTH HERTFORDSHIRE NHS TRUST,105026,12.83777915632754,June-2025
Y62,R0A,MANCHESTER UNIVERSITY NHS FOUNDATION TRUST,373730,16.57361268403171,June-2025
Y62,RBL,WIRRAL UNIVERSITY TEACHING HOSPITAL NHS FOUNDATION TRUST,93878,13.03858921161826,June-2025
Y62,RBN,MERSEY AND WEST LANCASHIRE TEACHING HOSPITALS NHS TRUST,148850,12.18423443889141,June-2025
Y62,RBQ,LIVERPOOL HEART AND CHEST HOSPITAL NHS FOUNDATION TRUST,10222,10.83913043478261,June-2025
Y62,RBS,ALDER HEY CHILDREN'S NHS FOUNDATION TRUST,36584,15.02918287937743,June-2025
Y62,RBT,MID CHESHIRE HOSPITALS NHS FOUNDATION TRUST,78426,15.4687825182102,June-2025
Y62,RBV,THE CHRISTIE NHS FOUNDATION TRUST,5532,4.305699481865285,June-2025
Y62,REM,LIVERPOOL UNIVERSITY HOSPITALS NHS FOUNDATION TRUST,136110,15.54451650943396,June-2025
Y62,REN,THE CLATTERBRIDGE CANCER CENTRE NHS FOUNDATION TRUST,2224,7.066666666666666,June-2025
Y62,REP,LIVERPOOL WOMEN'S NHS FOUNDATION TRUST,32580,18.56645569620253,June-2025
Y62,RET,THE WALTON CENTRE NHS FOUNDATION TRUST,28496,13.07042253521127,June-2025
Y62,RJN,EAST CHESHIRE NHS TRUST,28242,16.58510638297872,June-2025
Y62,RJR,COUNTESS OF CHESTER HOSPITAL NHS FOUNDATION TRUST,68492,18.64406779661017,June-2025
Y62,RM3,NORTHERN CARE ALLIANCE NHS FOUNDATION TRUST,272854,16.34955891619408,June-2025
Y62,RMC,BOLTON NHS FOUNDATION TRUST,74504,15.05754614549403,June-2025
Y62,RMP,TAMESIDE AND GLOSSOP INTEGRATED CARE NHS FOUNDATION TRUST,34034,10.29177377892031,June-2025
Y62,RRF,"WRIGHTINGTON, WIGAN AND LEIGH NHS FOUNDATION TRUST",98736,14.76893052302888,June-2025
Y62,RTX,UNIVERSITY HOSPITALS OF MORECAMBE BAY NHS FOUNDATION TRUST,70070,11.12993572084481,June-2025
Y62,RW4,MERSEY CARE NHS FOUNDATION TRUST,58,1.5,June-2025
Y62,RW5,LANCASHIRE & SOUTH CUMBRIA NHS FOUNDATION TRUST,4394,2.786173633440514,June-2025
Y62,RWJ,STOCKPORT NHS FOUNDATION TRUST,68712,15.01204819277108,June-2025
Y62,RWW,WARRINGTON AND HALTON TEACHING HOSPITALS NHS FOUNDATION TRUST,65084,15.07201086956522,June-2025
Y62,RXL,BLACKPOOL TEACHING HOSPITALS NHS FOUNDATION TRUST,74534,15.02507374631268,June-2025
Y62,RXN,LANCASHIRE TEACHING HOSPITALS NHS FOUNDATION TRUST,126506,16.05540631296172,June-2025
Y62,RXR,EAST LANCASHIRE HOSPITALS NHS TRUST,116374,13.36474064346684,June-2025
Y63,R0B,SOUTH TYNESIDE AND SUNDERLAND NHS FOUNDATION TRUST,116044,9.117930204572804,June-2025
Y63,RAE,BRADFORD TEACHING HOSPITALS NHS FOUNDATION TRUST,65830,12.13869693978282,June-2025
Y63,RCB,YORK AND SCARBOROUGH TEACHING HOSPITALS NHS FOUNDATION TRUST,106312,13.97073518915061,June-2025
Y63,RCD,HARROGATE AND DISTRICT NHS FOUNDATION TRUST,39854,10.34312080536913,June-2025
Y63,RCF,AIREDALE NHS FOUNDATION TRUST,27692,10.13684210526316,June-2025
Y63,RCU,SHEFFIELD CHILDREN'S NHS FOUNDATION TRUST,24374,11.14819944598338,June-2025
Y63,RFF,BARNSLEY HOSPITAL NHS FOUNDATION TRUST,50998,11.33649553571429,June-2025
Y63,RFR,THE ROTHERHAM NHS FOUNDATION TRUST,61908,11.49531835205993,June-2025
Y63,RHQ,SHEFFIELD TEACHING HOSPITALS NHS FOUNDATION TRUST,182512,11.61908311591502,June-2025
Y63,RJL,NORTHERN LINCOLNSHIRE AND GOOLE NHS FOUNDATION TRUST,79184,13.34533073929961,June-2025
Y63,RNN,NORTH CUMBRIA INTEGRATED CARE NHS FOUNDATION TRUST,76060,14.97448979591837,June-2025
Y63,RP5,DONCASTER AND BASSETLAW TEACHING HOSPITALS NHS FOUNDATION TRUST,110812,13.14074595355384,June-2025
Y63,RR7,GATESHEAD HEALTH NHS FOUNDATION TRUST,26404,11.26605504587156,June-2025
Y63,RR8,LEEDS TEACHING HOSPITALS NHS TRUST,176304,11.37032710280374,June-2025
Y63,RTD,THE NEWCASTLE UPON TYNE HOSPITALS NHS FOUNDATION TRUST,177900,9.871854432830043,June-2025
Y63,RTF,NORTHUMBRIA HEALTHCARE NHS FOUNDATION TRUST,73250,9.973268072289157,June-2025
Y63,RTR,SOUTH TEES HOSPITALS NHS FOUNDATION TRUST,113042,13.29147837314396,June-2025
Y63,RVW,NORTH TEES AND HARTLEPOOL NHS FOUNDATION TRUST,41740,9.73365231259968,June-2025
Y63,RWA,HULL UNIVERSITY TEACHING HOSPITALS NHS TRUST,158470,14.11544265593561,June-2025
Y63,RWY,CALDERDALE AND HUDDERSFIELD NHS FOUNDATION TRUST,73130,10.6895,June-2025
Y63,RX4,"CUMBRIA, NORTHUMBERLAND, TYNE AND WEAR NHS FOUNDATION TRUST",338,5.35,June-2025
Y63,RXF,MID YORKSHIRE TEACHING NHS TRUST,113262,12.91574754901961,June-2025
Y63,RXG,SOUTH WEST YORKSHIRE PARTNERSHIP NHS FOUNDATION TRUST,8228,5.5850622406639,June-2025
Y63,RXP,COUNTY DURHAM AND DARLINGTON NHS FOUNDATION TRUST,78810,11.06226971260133,June-2025
Y63,RY6,LEEDS COMMUNITY HEALTHCARE NHS TRUST,0,,June-2025
Y63,TAD,BRADFORD DISTRICT CARE NHS FOUNDATION TRUST,1148,11.375,June-2025
Y56,R1H,BARTS HEALTH NHS TRUST,268762,14.82313707451702,July-2025
Y56,R1K,LONDON NORTH WEST UNIVERSITY HEALTHCARE NHS TRUST,173580,14.8040027605245,July-2025
Y56,RAL,ROYAL FREE LONDON NHS FOUNDATION TRUST,286080,14.81547879317884,July-2025
Y56,RAN,ROYAL NATIONAL ORTHOPAEDIC HOSPITAL NHS TRUST,17418,10.46637426900585,July-2025
Y56,RAS,THE HILLINGDON HOSPITALS NHS FOUNDATION TRUST,64304,16.83705650459921,July-2025
Y56,RAX,KINGSTON AND RICHMOND NHS FOUNDATION TRUST,85276,12.38209219858156,July-2025
Y56,RF4,"BARKING, HAVERING AND REDBRIDGE UNIVERSITY HOSPITALS NHS TRUST",115816,9.796777546777546,July-2025
Y56,RJ1,GUY'S AND ST THOMAS' NHS FOUNDATION TRUST,225326,11.82046178343949,July-2025
Y56,RJ2,LEWISHAM AND GREENWICH NHS TRUST,111094,13.16081661891118,July-2025
Y56,RJ6,CROYDON HEALTH SERVICES NHS TRUST,74044,11.0514440433213,July-2025
Y56,RJ7,ST GEORGE'S UNIVERSITY HOSPITALS NHS FOUNDATION TRUST,143404,13.22786647314949,July-2025
Y56,RJZ,KING'S COLLEGE HOSPITAL NHS FOUNDATION TRUST,163334,13.4609158186864,July-2025
Y56,RKE,WHITTINGTON HEALTH NHS TRUST,52908,11.63594470046083,July-2025
Y56,RP4,GREAT ORMOND STREET HOSPITAL FOR CHILDREN NHS FOUNDATION TRUST,16160,10.64171122994652,July-2025
Y56,RP6,MOORFIELDS EYE HOSPITAL NHS FOUNDATION TRUST,69964,7.869632695292291,July-2025
Y56,RPG,OXLEAS NHS FOUNDATION TRUST,3490,13.65151515151515,July-2025
Y56,RPY,THE ROYAL MARSDEN NHS FOUNDATION TRUST,3870,3.799418604651163,July-2025
Y56,RQM,CHELSEA AND WESTMINSTER HOSPITAL NHS FOUNDATION TRUST,138918,13.8547261009667,July-2025
Y56,RQX,HOMERTON HEALTHCARE NHS FOUNDATION TRUST,70912,11.7229326513214,July-2025
Y56,RRV,UNIVERSITY COLLEGE LONDON HOSPITALS NHS FOUNDATION TRUST,146674,14.12736593059937,July-2025
Y56,RVR,EPSOM AND ST HELIER UNIVERSITY HOSPITALS NHS TRUST,116314,12.24652777777778,July-2025
Y56,RYJ,IMPERIAL COLLEGE HEALTHCARE NHS TRUST,179934,12.98853658536585,July-2025
Y58,R0D,UNIVERSITY HOSPITALS DORSET NHS FOUNDATION TRUST,124360,12.30818826563507,July-2025
Y58,RA7,UNIVERSITY HOSPITALS BRISTOL AND WESTON NHS FOUNDATION TRUST,108358,11.51648681055156,July-2025
Y58,RA9,TORBAY AND SOUTH DEVON NHS FOUNDATION TRUST,65918,9.67407809110629,July-2025
Y58,RBD,DORSET COUNTY HOSPITAL NHS FOUNDATION TRUST,44810,13.89123102866779,July-2025
Y58,RD1,ROYAL UNITED HOSPITALS BATH NHS FOUNDATION TRUST,82020,14.61832061068702,July-2025
Y58,REF,ROYAL CORNWALL HOSPITALS NHS TRUST,81718,9.348866498740554,July-2025
Y58,RH5,SOMERSET NHS FOUNDATION TRUST,115708,12.25098039215686,July-2025
Y58,RH8,ROYAL DEVON UNIVERSITY HEALTHCARE NHS FOUNDATION TRUST,149602,13.54484638255699,July-2025
Y58,RJ8,CORNWALL PARTNERSHIP NHS FOUNDATION TRUST,858,5.336538461538462,July-2025
Y58,RK9,UNIVERSITY HOSPITALS PLYMOUTH NHS TRUST,98624,12.83238095238095,July-2025
Y58,RN3,GREAT WESTERN HOSPITALS NHS FOUNDATION TRUST,78450,13.25718132854578,July-2025
Y58,RNZ,SALISBURY NHS FOUNDATION TRUST,60438,11.75973451327434,July-2025
Y58,RTE,GLOUCESTERSHIRE HOSPITALS NHS FOUNDATION TRUST,118292,10.49444444444444,July-2025
Y58,RVJ,NORTH BRISTOL NHS TRUST,88094,11.40960665658094,July-2025
Y59,R1F,ISLE OF WIGHT NHS TRUST,27520,12.33933933933934,July-2025
Y59,RA2,ROYAL SURREY COUNTY HOSPITAL NHS FOUNDATION TRUST,60944,15.6150234741784,July-2025
Y59,RDR,SUSSEX COMMUNITY NHS FOUNDATION TRUST,27922,8.903310104529616,July-2025
Y59,RDU,FRIMLEY HEALTH NHS FOUNDATION TRUST,143176,15.58807588075881,July-2025
Y59,RHM,UNIVERSITY HOSPITAL SOUTHAMPTON NHS FOUNDATION TRUST,126004,12.22923588039867,July-2025
Y59,RHU,PORTSMOUTH HOSPITALS UNIVERSITY NHS TRUST,117598,14.53907922912206,July-2025
Y59,RHW,ROYAL BERKSHIRE NHS FOUNDATION TRUST,73526,9.528187059577194,July-2025
Y59,RN5,HAMPSHIRE HOSPITALS NHS FOUNDATION TRUST,101120,13.76026392961877,July-2025
Y59,RN7,DARTFORD AND GRAVESHAM NHS TRUST,64658,13.21741637831603,July-2025
Y59,RPA,MEDWAY NHS FOUNDATION TRUST,78670,16.40964523281596,July-2025
Y59,RPC,QUEEN VICTORIA HOSPITAL NHS FOUNDATION TRUST,37454,12.91176470588235,July-2025
Y59,RTH,OXFORD UNIVERSITY HOSPITALS NHS FOUNDATION TRUST,173880,13.80841335162323,July-2025
Y59,RTK,ASHFORD AND ST PETER'S HOSPITALS NHS FOUNDATION TRUST,111736,14.58236057068742,July-2025
Y59,RTP,SURREY AND SUSSEX HEALTHCARE NHS TRUST,104356,15.37719969395562,July-2025
Y59,RVV,EAST KENT HOSPITALS UNIVERSITY NHS FOUNDATION TRUST,159976,15.91173617846751,July-2025
Y59,RW1,HAMPSHIRE AND ISLE OF WIGHT HEALTHCARE NHS FOUNDATION TRUST,8116,6.451737451737452,July-2025
Y59,RWF,MAIDSTONE AND TUNBRIDGE WELLS NHS TRUST,96612,10.57816091954023,July-2025
Y59,RWX,BERKSHIRE HEALTHCARE NHS FOUNDATION TRUST,164,5.333333333333333,July-2025
Y59,RXC,EAST SUSSEX HEALTHCARE NHS TRUST,124146,12.00173370319001,July-2025
Y59,RXQ,BUCKINGHAMSHIRE HEALTHCARE NHS TRUST,101658,15.17538126361656,July-2025
Y59,RYR,UNIVERSITY HOSPITALS SUSSEX NHS FOUNDATION TRUST,229758,17.3540385403854,July-2025
Y59,RYY,KENT COMMUNITY HEALTH NHS FOUNDATION TRUST,6386,4.785511363636363,July-2025
Y60,R1A,HEREFORDSHIRE AND WORCESTERSHIRE HEALTH AND CARE NHS TRUST,206,7.4375,July-2025
Y60,R1D,SHROPSHIRE COMMUNITY HEALTH NHS TRUST,17050,11.48333333333333,July-2025
Y60,RBK,WALSALL HEALTHCARE NHS TRUST,56616,10.07797681770285,July-2025
Y60,RFS,CHESTERFIELD ROYAL HOSPITAL NHS FOUNDATION TRUST,63654,13.96153846153846,July-2025
Y60,RJC,SOUTH WARWICKSHIRE UNIVERSITY NHS FOUNDATION TRUST,66602,11.67746005046257,July-2025
Y60,RJE,UNIVERSITY HOSPITALS OF NORTH MIDLANDS NHS TRUST,131274,11.84928229665072,July-2025
Y60,RK5,SHERWOOD FOREST HOSPITALS NHS FOUNDATION TRUST,72154,12.76535341830823,July-2025
Y60,RKB,UNIVERSITY HOSPITALS COVENTRY AND WARWICKSHIRE NHS TRUST,152258,14.75749625187406,July-2025
Y60,RL1,THE ROBERT JONES AND AGNES HUNT ORTHOPAEDIC HOSPITAL NHS FOUNDATION TRUST,34596,19.06603773584906,July-2025
Y60,RL4,THE ROYAL WOLVERHAMPTON NHS TRUST,156868,15.92980721700445,July-2025
Y60,RLQ,WYE VALLEY NHS TRUST,45408,12.98553345388788,July-2025
Y60,RLT,GEORGE ELIOT HOSPITAL NHS TRUST,41050,12.90776699029126,July-2025
Y60,RNA,THE DUDLEY GROUP NHS FOUNDATION TRUST,93676,11.97981906750174,July-2025
Y60,RNQ,KETTERING GENERAL HOSPITAL NHS FOUNDATION TRUST,51648,12.21439749608764,July-2025
Y60,RNS,NORTHAMPTON GENERAL HOSPITAL NHS TRUST,86880,12.5643115942029,July-2025
Y60,RP7,LINCOLNSHIRE PARTNERSHIP NHS FOUNDATION TRUST,98,5.1,July-2025
Y60,RQ3,BIRMINGHAM WOMEN'S AND CHILDREN'S NHS FOUNDATION TRUST,52022,15.11768802228412,July-2025
Y60,RRE,MIDLANDS PARTNERSHIP UNIVERSITY NHS FOUNDATION TRUST,14262,4.084201388888889,July-2025
Y60,RRJ,THE ROYAL ORTHOPAEDIC HOSPITAL NHS FOUNDATION TRUST,26690,13.43862275449102,July-2025
Y60,RRK,UNIVERSITY HOSPITALS BIRMINGHAM NHS FOUNDATION TRUST,202462,16.3171704450042,July-2025
Y60,RTG,UNIVERSITY HOSPITALS OF DERBY AND BURTON NHS FOUNDATION TRUST,197664,14.35915492957746,July-2025
Y60,RWD,UNITED LINCOLNSHIRE TEACHING HOSPITALS NHS TRUST,139522,16.14092219020173,July-2025
Y60,RWE,UNIVERSITY HOSPITALS OF LEICESTER NHS TRUST,219230,16.73581723397731,July-2025
Y60,RWP,WORCESTERSHIRE ACUTE HOSPITALS NHS TRUST,111332,14.00576036866359,July-2025
Y60,RX1,NOTTINGHAM UNIVERSITY HOSPITALS NHS TRUST,163062,12.6797128300139,July-2025
Y60,RXK,SANDWELL AND WEST BIRMINGHAM HOSPITALS NHS TRUST,127610,15.28684210526316,July-2025
Y60,RXW,THE SHREWSBURY AND TELFORD HOSPITAL NHS TRUST,69484,15.95818181818182,July-2025
Y60,RYW,BIRMINGHAM COMMUNITY HEALTHCARE NHS FOUNDATION TRUST,31328,11.62218370883882,July-2025
Y61,RAJ,MID AND SOUTH ESSEX NHS FOUNDATION TRUST,347534,18.13752325272389,July-2025
Y61,RC9,BEDFORDSHIRE HOSPITALS NHS FOUNDATION TRUST,175464,14.17930125247198,July-2025
Y61,RCX,"THE QUEEN ELIZABETH HOSPITAL, KING'S LYNN, NHS FOUNDATION TRUST",56082,15.30803571428571,July-2025
Y61,RD8,MILTON KEYNES UNIVERSITY HOSPITAL NHS FOUNDATION TRUST,69410,17.99590643274854,July-2025
Y61,RDE,EAST SUFFOLK AND NORTH ESSEX NHS FOUNDATION TRUST,184480,14.87518248175182,July-2025
Y61,RGM,ROYAL PAPWORTH HOSPITAL NHS FOUNDATION TRUST,12738,11.11658031088083,July-2025
Y61,RGN,NORTH WEST ANGLIA NHS FOUNDATION TRUST,157792,14.89478499542543,July-2025
Y61,RGP,JAMES PAGET UNIVERSITY HOSPITALS NHS FOUNDATION TRUST,70334,16.95084951456311,July-2025
Y61,RGR,WEST SUFFOLK NHS FOUNDATION TRUST,70436,15.39327146171694,July-2025
Y61,RGT,CAMBRIDGE UNIVERSITY HOSPITALS NHS FOUNDATION TRUST,133802,13.69874357509994,July-2025
Y61,RM1,NORFOLK AND NORWICH UNIVERSITY HOSPITALS NHS FOUNDATION TRUST,163668,16.43227815256876,July-2025
Y61,RQW,THE PRINCESS ALEXANDRA HOSPITAL NHS TRUST,93576,17.08716475095785,July-2025
Y61,RT1,CAMBRIDGESHIRE AND PETERBOROUGH NHS FOUNDATION TRUST,672,18.63636363636364,July-2025
Y61,RWG,WEST HERTFORDSHIRE TEACHING HOSPITALS NHS TRUST,93554,12.3903803131991,July-2025
Y61,RWH,EAST AND NORTH HERTFORDSHIRE NHS TRUST,103548,12.928125,July-2025
Y62,R0A,MANCHESTER UNIVERSITY NHS FOUNDATION TRUST,372176,16.4719319562576,July-2025
Y62,RBL,WIRRAL UNIVERSITY TEACHING HOSPITAL NHS FOUNDATION TRUST,94624,12.94408427876823,July-2025
Y62,RBN,MERSEY AND WEST LANCASHIRE TEACHING HOSPITALS NHS TRUST,151162,11.89569892473118,July-2025
Y62,RBQ,LIVERPOOL HEART AND CHEST HOSPITAL NHS FOUNDATION TRUST,10158,9.817241379310344,July-2025
Y62,RBS,ALDER HEY CHILDREN'S NHS FOUNDATION TRUST,36044,14.45945945945946,July-2025
Y62,RBT,MID CHESHIRE HOSPITALS NHS FOUNDATION TRUST,84228,16.06716417910448,July-2025
Y62,RBV,THE CHRISTIE NHS FOUNDATION TRUST,5470,4.119918699186992,July-2025
Y62,REM,LIVERPOOL UNIVERSITY HOSPITALS NHS FOUNDATION TRUST,131596,15.47514159848962,July-2025
Y62,REN,THE CLATTERBRIDGE CANCER CENTRE NHS FOUNDATION TRUST,2308,7.450704225352113,July-2025
Y62,REP,LIVERPOOL WOMEN'S NHS FOUNDATION TRUST,32820,19.78723404255319,July-2025
Y62,RET,THE WALTON CENTRE NHS FOUNDATION TRUST,28466,13.02784503631961,July-2025
Y62,RJN,EAST CHESHIRE NHS TRUST,33936,13.54175152749491,July-2025
Y62,RJR,COUNTESS OF CHESTER HOSPITAL NHS FOUNDATION TRUST,69978,17.88302752293578,July-2025
Y62,RM3,NORTHERN CARE ALLIANCE NHS FOUNDATION TRUST,274678,16.4027298399749,July-2025
Y62,RMC,BOLTON NHS FOUNDATION TRUST,75130,14.77058823529412,July-2025
Y62,RMP,TAMESIDE AND GLOSSOP INTEGRATED CARE NHS FOUNDATION TRUST,34406,10.14716006884682,July-2025
Y62,RRF,"WRIGHTINGTON, WIGAN AND LEIGH NHS FOUNDATION TRUST",97680,15.29209621993127,July-2025
Y62,RTX,UNIVERSITY HOSPITALS OF MORECAMBE BAY NHS FOUNDATION TRUST,69872,11.06802120141343,July-2025
Y62,RW4,MERSEY CARE NHS FOUNDATION TRUST,82,1.678571428571429,July-2025
Y62,RW5,LANCASHIRE & SOUTH CUMBRIA NHS FOUNDATION TRUST,4712,3.201834862385321,July-2025
Y62,RWJ,STOCKPORT NHS FOUNDATION TRUST,69544,15.27425149700599,July-2025
Y62,RWW,WARRINGTON AND HALTON TEACHING HOSPITALS NHS FOUNDATION TRUST,66622,14.80910852713178,July-2025
Y62,RXL,BLACKPOOL TEACHING HOSPITALS NHS FOUNDATION TRUST,81028,15.20501635768811,July-2025
Y62,RXN,LANCASHIRE TEACHING HOSPITALS NHS FOUNDATION TRUST,129146,16.17970914127424,July-2025
Y62,RXR,EAST LANCASHIRE HOSPITALS NHS TRUST,114736,12.95492742551566,July-2025
Y63,R0B,SOUTH TYNESIDE AND SUNDERLAND NHS FOUNDATION TRUST,118262,8.951711491442543,July-2025
Y63,RAE,BRADFORD TEACHING HOSPITALS NHS FOUNDATION TRUST,66298,11.8577057793345,July-2025
Y63,RCB,YORK AND SCARBOROUGH TEACHING HOSPITALS NHS FOUNDATION TRUST,110804,13.9985935302391,July-2025
Y63,RCD,HARROGATE AND DISTRICT NHS FOUNDATION TRUST,39766,10.02431011826544,July-2025
Y63,RCF,AIREDALE NHS FOUNDATION TRUST,28276,10.0294695481336,July-2025
Y63,RCU,SHEFFIELD CHILDREN'S NHS FOUNDATION TRUST,24516,10.8255033557047,July-2025
Y63,RFF,BARNSLEY HOSPITAL NHS FOUNDATION TRUST,51946,11.18591101694915,July-2025
Y63,RFR,THE ROTHERHAM NHS FOUNDATION TRUST,62616,11.47991313789359,July-2025
Y63,RJL,NORTHERN LINCOLNSHIRE AND GOOLE NHS FOUNDATION TRUST,78228,13.30250481695568,July-2025
Y63,RNN,NORTH CUMBRIA INTEGRATED CARE NHS FOUNDATION TRUST,75856,15.20049813200498,July-2025
Y63,RP5,DONCASTER AND BASSETLAW TEACHING HOSPITALS NHS FOUNDATION TRUST,113994,12.74473684210526,July-2025
Y63,RR7,GATESHEAD HEALTH NHS FOUNDATION TRUST,26688,10.54867256637168,July-2025
Y63,RR8,LEEDS TEACHING HOSPITALS NHS TRUST,176258,10.9599353215954,July-2025
Y63,RTD,THE NEWCASTLE UPON TYNE HOSPITALS NHS FOUNDATION TRUST,176102,9.512363122571529,July-2025
Y63,RTF,NORTHUMBRIA HEALTHCARE NHS FOUNDATION TRUST,73480,9.47845804988662,July-2025
Y63,RTR,SOUTH TEES HOSPITALS NHS FOUNDATION TRUST,113938,13.03409090909091,July-2025
Y63,RVW,NORTH TEES AND HARTLEPOOL NHS FOUNDATION TRUST,42462,9.34140625,July-2025
Y63,RWA,HULL UNIVERSITY TEACHING HOSPITALS NHS TRUST,159552,14.18875502008032,July-2025
Y63,RWY,CALDERDALE AND HUDDERSFIELD NHS FOUNDATION TRUST,73254,10.46658415841584,July-2025
Y63,RX4,"CUMBRIA, NORTHUMBERLAND, TYNE AND WEAR NHS FOUNDATION TRUST",322,4.525,July-2025
Y63,RXF,MID YORKSHIRE TEACHING NHS TRUST,114418,12.71644413211525,July-2025
Y63,RXG,SOUTH WEST YORKSHIRE PARTNERSHIP NHS FOUNDATION TRUST,8498,5.697916666666667,July-2025
Y63,RXP,COUNTY DURHAM AND DARLINGTON NHS FOUNDATION TRUST,81330,10.45156046814044,July-2025
Y63,TAD,BRADFORD DISTRICT CARE NHS FOUNDATION TRUST,1142,11.97368421052632,July-2025
Y56,R1H,BARTS HEALTH NHS TRUST,267978,15.39674220963173,August-2025
Y56,R1K,LONDON NORTH WEST UNIVERSITY HEALTHCARE NHS TRUST,172742,14.82751177394035,August-2025
Y56,RAL,ROYAL FREE LONDON NHS FOUNDATION TRUST,280488,14.58409638554217,August-2025
Y56,RAN,ROYAL NATIONAL ORTHOPAEDIC HOSPITAL NHS TRUST,17910,10.3296875,August-2025
Y56,RAS,THE HILLINGDON HOSPITALS NHS FOUNDATION TRUST,69226,15.78846153846154,August-2025
Y56,RAX,KINGSTON AND RICHMOND NHS FOUNDATION TRUST,85862,13.07255389718076,August-2025
Y56,RF4,"BARKING, HAVERING AND REDBRIDGE UNIVERSITY HOSPITALS NHS TRUST",115818,10.39244186046512,August-2025
Y56,RJ1,GUY'S AND ST THOMAS' NHS FOUNDATION TRUST,224396,12.16867469879518,August-2025
Y56,RJ2,LEWISHAM AND GREENWICH NHS TRUST,107066,13.95959147424512,August-2025
Y56,RJ6,CROYDON HEALTH SERVICES NHS TRUST,73772,11.61904761904762,August-2025
Y56,RJ7,ST GEORGE'S UNIVERSITY HOSPITALS NHS FOUNDATION TRUST,142398,13.84447852760736,August-2025
Y56,RJZ,KING'S COLLEGE HOSPITAL NHS FOUNDATION TRUST,159232,13.8149829738933,August-2025
Y56,RKE,WHITTINGTON HEALTH NHS TRUST,53944,12.74222797927461,August-2025
Y56,RP4,GREAT ORMOND STREET HOSPITAL FOR CHILDREN NHS FOUNDATION TRUST,16000,11.58359621451104,August-2025
Y56,RP6,MOORFIELDS EYE HOSPITAL NHS FOUNDATION TRUST,69576,8.478922716627634,August-2025
Y56,RPG,OXLEAS NHS FOUNDATION TRUST,3002,15.2027027027027,August-2025
Y56,RPY,THE ROYAL MARSDEN NHS FOUNDATION TRUST,3834,4.288194444444445,August-2025
Y56,RQM,CHELSEA AND WESTMINSTER HOSPITAL NHS FOUNDATION TRUST,144604,13.98744507219084,August-2025
Y56,RQX,HOMERTON HEALTHCARE NHS FOUNDATION TRUST,68680,12.29350893697084,August-2025
Y56,RRV,UNIVERSITY COLLEGE LONDON HOSPITALS NHS FOUNDATION TRUST,147292,14.7819175360159,August-2025
Y56,RVR,EPSOM AND ST HELIER UNIVERSITY HOSPITALS NHS TRUST,119390,12.85117302052786,August-2025
Y56,RYJ,IMPERIAL COLLEGE HEALTHCARE NHS TRUST,182118,13.46336898395722,August-2025
Y58,R0D,UNIVERSITY HOSPITALS DORSET NHS FOUNDATION TRUST,126296,12.75245986535474,August-2025
Y58,RA7,UNIVERSITY HOSPITALS BRISTOL AND WESTON NHS FOUNDATION TRUST,107710,12.13641520136132,August-2025
Y58,RA9,TORBAY AND SOUTH DEVON NHS FOUNDATION TRUST,64234,10.36857876712329,August-2025
Y58,RBD,DORSET COUNTY HOSPITAL NHS FOUNDATION TRUST,44600,14.21996615905245,August-2025
Y58,RD1,ROYAL UNITED HOSPITALS BATH NHS FOUNDATION TRUST,78648,14.48447789275635,August-2025
Y58,REF,ROYAL CORNWALL HOSPITALS NHS TRUST,82488,9.95827633378933,August-2025
Y58,RH5,SOMERSET NHS FOUNDATION TRUST,115328,13.13515509601182,August-2025
Y58,RH8,ROYAL DEVON UNIVERSITY HEALTHCARE NHS FOUNDATION TRUST,151820,14.002457002457,August-2025
Y58,RJ8,CORNWALL PARTNERSHIP NHS FOUNDATION TRUST,868,5.851063829787234,August-2025
Y58,RK9,UNIVERSITY HOSPITALS PLYMOUTH NHS TRUST,99922,13.36235662148071,August-2025
Y58,RN3,GREAT WESTERN HOSPITALS NHS FOUNDATION TRUST,80240,13.88663101604278,August-2025
Y58,RNZ,SALISBURY NHS FOUNDATION TRUST,60096,12.12037037037037,August-2025
Y58,RTE,GLOUCESTERSHIRE HOSPITALS NHS FOUNDATION TRUST,119594,10.73771834061135,August-2025
Y58,RVJ,NORTH BRISTOL NHS TRUST,88890,12.05628177196805,August-2025
Y59,R1F,ISLE OF WIGHT NHS TRUST,27798,12.81051344743276,August-2025
Y59,RA2,ROYAL SURREY COUNTY HOSPITAL NHS FOUNDATION TRUST,60376,14.51037851037851,August-2025
Y59,RDR,SUSSEX COMMUNITY NHS FOUNDATION TRUST,28174,9.83220910623946,August-2025
Y59,RDU,FRIMLEY HEALTH NHS FOUNDATION TRUST,142076,15.48143851508121,August-2025
Y59,RHM,UNIVERSITY HOSPITAL SOUTHAMPTON NHS FOUNDATION TRUST,126034,13.09740740740741,August-2025
Y59,RHU,PORTSMOUTH HOSPITALS UNIVERSITY NHS TRUST,114978,14.5484441301273,August-2025
Y59,RHW,ROYAL BERKSHIRE NHS FOUNDATION TRUST,70016,10.16221985058698,August-2025
Y59,RN5,HAMPSHIRE HOSPITALS NHS FOUNDATION TRUST,101674,14.08946980854197,August-2025
Y59,RN7,DARTFORD AND GRAVESHAM NHS TRUST,64350,13.82036316472114,August-2025
Y59,RPA,MEDWAY NHS FOUNDATION TRUST,79814,16.83923884514436,August-2025
Y59,RPC,QUEEN VICTORIA HOSPITAL NHS FOUNDATION TRUST,38036,13.57383177570093,August-2025
Y59,RTH,OXFORD UNIVERSITY HOSPITALS NHS FOUNDATION TRUST,172540,14.34657190635452,August-2025
Y59,RTK,ASHFORD AND ST PETER'S HOSPITALS NHS FOUNDATION TRUST,110462,14.98999354422208,August-2025
Y59,RTP,SURREY AND SUSSEX HEALTHCARE NHS TRUST,100888,15.19436997319035,August-2025
Y59,RVV,EAST KENT HOSPITALS UNIVERSITY NHS FOUNDATION TRUST,160098,15.92644944896981,August-2025
Y59,RW1,HAMPSHIRE AND ISLE OF WIGHT HEALTHCARE NHS FOUNDATION TRUST,8304,7.063241106719367,August-2025
Y59,RWF,MAIDSTONE AND TUNBRIDGE WELLS NHS TRUST,97690,11.23819009675583,August-2025
Y59,RWX,BERKSHIRE HEALTHCARE NHS FOUNDATION TRUST,164,5.222222222222222,August-2025
Y59,RXC,EAST SUSSEX HEALTHCARE NHS TRUST,124276,12.44257425742574,August-2025
Y59,RXQ,BUCKINGHAMSHIRE HEALTHCARE NHS TRUST,100506,14.55398288347597,August-2025
Y59,RYR,UNIVERSITY HOSPITALS SUSSEX NHS FOUNDATION TRUST,229400,17.62980963953017,August-2025
Y59,RYY,KENT COMMUNITY HEALTH NHS FOUNDATION TRUST,7282,4.71484375,August-2025
Y60,R1A,HEREFORDSHIRE AND WORCESTERSHIRE HEALTH AND CARE NHS TRUST,216,11.0,August-2025
Y60,R1D,SHROPSHIRE COMMUNITY HEALTH NHS TRUST,15944,10.58186397984887,August-2025
Y60,RBK,WALSALL HEALTHCARE NHS TRUST,56706,10.80655893536122,August-2025
Y60,RFS,CHESTERFIELD ROYAL HOSPITAL NHS FOUNDATION TRUST,64792,14.72067714631197,August-2025
Y60,RJC,SOUTH WARWICKSHIRE UNIVERSITY NHS FOUNDATION TRUST,66198,12.09255813953488,August-2025
Y60,RJE,UNIVERSITY HOSPITALS OF NORTH MIDLANDS NHS TRUST,132790,12.7266050054407,August-2025
Y60,RK5,SHERWOOD FOREST HOSPITALS NHS FOUNDATION TRUST,72260,13.55194805194805,August-2025
Y60,RKB,UNIVERSITY HOSPITALS COVENTRY AND WARWICKSHIRE NHS TRUST,150788,14.89637079142982,August-2025
Y60,RL1,THE ROBERT JONES AND AGNES HUNT ORTHOPAEDIC HOSPITAL NHS FOUNDATION TRUST,34002,19.02188552188552,August-2025
Y60,RL4,THE ROYAL WOLVERHAMPTON NHS TRUST,154294,15.97867085765604,August-2025
Y60,RLQ,WYE VALLEY NHS TRUST,45316,13.41580041580042,August-2025
Y60,RLT,GEORGE ELIOT HOSPITAL NHS TRUST,40434,13.06022727272727,August-2025
Y60,RNA,THE DUDLEY GROUP NHS FOUNDATION TRUST,92754,12.43382899628253,August-2025
Y60,RNQ,KETTERING GENERAL HOSPITAL NHS FOUNDATION TRUST,51236,13.45070422535211,August-2025
Y60,RNS,NORTHAMPTON GENERAL HOSPITAL NHS TRUST,87242,13.49372197309417,August-2025
Y60,RP7,LINCOLNSHIRE PARTNERSHIP NHS FOUNDATION TRUST,76,5.4,August-2025
Y60,RQ3,BIRMINGHAM WOMEN'S AND CHILDREN'S NHS FOUNDATION TRUST,49786,15.55433186490455,August-2025
Y60,RRE,MIDLANDS PARTNERSHIP UNIVERSITY NHS FOUNDATION TRUST,14658,5.563531353135313,August-2025
Y60,RRJ,THE ROYAL ORTHOPAEDIC HOSPITAL NHS FOUNDATION TRUST,26894,13.53971119133574,August-2025
Y60,RRK,UNIVERSITY HOSPITALS BIRMINGHAM NHS FOUNDATION TRUST,195714,15.12143170838823,August-2025
Y60,RTG,UNIVERSITY HOSPITALS OF DERBY AND BURTON NHS FOUNDATION TRUST,191320,14.37838869797633,August-2025
Y60,RWD,UNITED LINCOLNSHIRE TEACHING HOSPITALS NHS TRUST,139252,16.52276559865093,August-2025
Y60,RWE,UNIVERSITY HOSPITALS OF LEICESTER NHS TRUST,221414,17.31201171875,August-2025
Y60,RWP,WORCESTERSHIRE ACUTE HOSPITALS NHS TRUST,113184,14.48604492852281,August-2025
Y60,RX1,NOTTINGHAM UNIVERSITY HOSPITALS NHS TRUST,165988,13.55106382978723,August-2025
Y60,RXK,SANDWELL AND WEST BIRMINGHAM HOSPITALS NHS TRUST,131208,15.02216494845361,August-2025
Y60,RXW,THE SHREWSBURY AND TELFORD HOSPITAL NHS TRUST,65340,14.90971625107481,August-2025
Y60,RYW,BIRMINGHAM COMMUNITY HEALTHCARE NHS FOUNDATION TRUST,32458,11.97723704866562,August-2025
Y61,RAJ,MID AND SOUTH ESSEX NHS FOUNDATION TRUST,353432,17.7278311965812,August-2025
Y61,RC9,BEDFORDSHIRE HOSPITALS NHS FOUNDATION TRUST,173878,14.30878007598143,August-2025
Y61,RCX,"THE QUEEN ELIZABETH HOSPITAL, KING'S LYNN, NHS FOUNDATION TRUST",56986,14.05758683729433,August-2025
Y61,RD8,MILTON KEYNES UNIVERSITY HOSPITAL NHS FOUNDATION TRUST,75228,17.73198482932996,August-2025
Y61,RDE,EAST SUFFOLK AND NORTH ESSEX NHS FOUNDATION TRUST,186552,14.98664047151277,August-2025
Y61,RGM,ROYAL PAPWORTH HOSPITAL NHS FOUNDATION TRUST,12282,11.09907834101383,August-2025
Y61,RGN,NORTH WEST ANGLIA NHS FOUNDATION TRUST,156010,15.08238045738046,August-2025
Y61,RGP,JAMES PAGET UNIVERSITY HOSPITALS NHS FOUNDATION TRUST,70842,17.45360195360195,August-2025
Y61,RGR,WEST SUFFOLK NHS FOUNDATION TRUST,67338,14.57165271966527,August-2025
Y61,RGT,CAMBRIDGE UNIVERSITY HOSPITALS NHS FOUNDATION TRUST,132240,14.44352941176471,August-2025
Y61,RM1,NORFOLK AND NORWICH UNIVERSITY HOSPITALS NHS FOUNDATION TRUST,165144,17.1504424778761,August-2025
Y61,RQW,THE PRINCESS ALEXANDRA HOSPITAL NHS TRUST,88734,16.79328621908127,August-2025
Y61,RT1,CAMBRIDGESHIRE AND PETERBOROUGH NHS FOUNDATION TRUST,670,21.70833333333333,August-2025
Y61,RWG,WEST HERTFORDSHIRE TEACHING HOSPITALS NHS TRUST,93892,13.19773519163763,August-2025
Y61,RWH,EAST AND NORTH HERTFORDSHIRE NHS TRUST,101684,13.41496062992126,August-2025
Y62,R0A,MANCHESTER UNIVERSITY NHS FOUNDATION TRUST,375824,16.69385593220339,August-2025
Y62,RBL,WIRRAL UNIVERSITY TEACHING HOSPITAL NHS FOUNDATION TRUST,94542,13.61327762302693,August-2025
Y62,RBN,MERSEY AND WEST LANCASHIRE TEACHING HOSPITALS NHS TRUST,152092,12.00291686922703,August-2025
Y62,RBQ,LIVERPOOL HEART AND CHEST HOSPITAL NHS FOUNDATION TRUST,9934,9.73076923076923,August-2025
Y62,RBS,ALDER HEY CHILDREN'S NHS FOUNDATION TRUST,35986,14.32646420824295,August-2025
Y62,RBT,MID CHESHIRE HOSPITALS NHS FOUNDATION TRUST,88678,15.73809523809524,August-2025
Y62,RBV,THE CHRISTIE NHS FOUNDATION TRUST,5400,4.835087719298246,August-2025
Y62,REM,LIVERPOOL UNIVERSITY HOSPITALS NHS FOUNDATION TRUST,133086,15.43715697036224,August-2025
Y62,REN,THE CLATTERBRIDGE CANCER CENTRE NHS FOUNDATION TRUST,2242,7.809859154929578,August-2025
Y62,REP,LIVERPOOL WOMEN'S NHS FOUNDATION TRUST,33134,20.32445141065831,August-2025
Y62,RET,THE WALTON CENTRE NHS FOUNDATION TRUST,29532,12.98564593301435,August-2025
Y62,RJN,EAST CHESHIRE NHS TRUST,36480,14.05314009661836,August-2025
Y62,RJR,COUNTESS OF CHESTER HOSPITAL NHS FOUNDATION TRUST,68954,19.1229674796748,August-2025
Y62,RM3,NORTHERN CARE ALLIANCE NHS FOUNDATION TRUST,278032,16.7982799061767,August-2025
Y62,RMC,BOLTON NHS FOUNDATION TRUST,75042,14.51519756838906,August-2025
Y62,RMP,TAMESIDE AND GLOSSOP INTEGRATED CARE NHS FOUNDATION TRUST,34192,10.89108910891089,August-2025
Y62,RRF,"WRIGHTINGTON, WIGAN AND LEIGH NHS FOUNDATION TRUST",98674,15.14683447749809,August-2025
Y62,RTX,UNIVERSITY HOSPITALS OF MORECAMBE BAY NHS FOUNDATION TRUST,68936,11.29355149181906,August-2025
Y62,RW4,MERSEY CARE NHS FOUNDATION TRUST,110,2.125,August-2025
Y62,RW5,LANCASHIRE & SOUTH CUMBRIA NHS FOUNDATION TRUST,4434,3.310276679841897,August-2025
Y62,RWJ,STOCKPORT NHS FOUNDATION TRUST,70462,15.3695652173913,August-2025
Y62,RWW,WARRINGTON AND HALTON TEACHING HOSPITALS NHS FOUNDATION TRUST,64996,14.75396825396825,August-2025
Y62,RXL,BLACKPOOL TEACHING HOSPITALS NHS FOUNDATION TRUST,85204,15.46924603174603,August-2025
Y62,RXN,LANCASHIRE TEACHING HOSPITALS NHS FOUNDATION TRUST,130656,16.5522491349481,August-2025
Y62,RXR,EAST LANCASHIRE HOSPITALS NHS TRUST,114424,13.2536231884058,August-2025
Y63,R0B,SOUTH TYNESIDE AND SUNDERLAND NHS FOUNDATION TRUST,118488,9.761118170266837,August-2025
Y63,RAE,BRADFORD TEACHING HOSPITALS NHS FOUNDATION TRUST,67456,12.3148717948718,August-2025
Y63,RCB,YORK AND SCARBOROUGH TEACHING HOSPITALS NHS FOUNDATION TRUST,113620,14.84129032258065,August-2025
Y63,RCD,HARROGATE AND DISTRICT NHS FOUNDATION TRUST,40188,10.31812255541069,August-2025
Y63,RCF,AIREDALE NHS FOUNDATION TRUST,28064,10.61094224924012,August-2025
Y63,RCU,SHEFFIELD CHILDREN'S NHS FOUNDATION TRUST,24544,11.84031413612565,August-2025
Y63,RFF,BARNSLEY HOSPITAL NHS FOUNDATION TRUST,52664,12.06571087216249,August-2025
Y63,RFR,THE ROTHERHAM NHS FOUNDATION TRUST,63410,12.47278911564626,August-2025
Y63,RJL,NORTHERN LINCOLNSHIRE AND GOOLE NHS FOUNDATION TRUST,79396,14.09496676163343,August-2025
Y63,RNN,NORTH CUMBRIA INTEGRATED CARE NHS FOUNDATION TRUST,70074,16.03769230769231,August-2025
Y63,RP5,DONCASTER AND BASSETLAW TEACHING HOSPITALS NHS FOUNDATION TRUST,114436,13.58765989465764,August-2025
Y63,RR7,GATESHEAD HEALTH NHS FOUNDATION TRUST,27066,10.90599173553719,August-2025
Y63,RR8,LEEDS TEACHING HOSPITALS NHS TRUST,176700,11.19334795321637,August-2025
Y63,RTD,THE NEWCASTLE UPON TYNE HOSPITALS NHS FOUNDATION TRUST,177032,10.11629372833281,August-2025
Y63,RTF,NORTHUMBRIA HEALTHCARE NHS FOUNDATION TRUST,72742,9.945051608986034,August-2025
Y63,RTR,SOUTH TEES HOSPITALS NHS FOUNDATION TRUST,114768,13.64027671022291,August-2025
Y63,RVW,NORTH TEES AND HARTLEPOOL NHS FOUNDATION TRUST,41842,10.11727528089888,August-2025
Y63,RWA,HULL UNIVERSITY TEACHING HOSPITALS NHS TRUST,161310,14.98907992565056,August-2025
Y63,RWY,CALDERDALE AND HUDDERSFIELD NHS FOUNDATION TRUST,73290,11.01905132192846,August-2025
Y63,RX4,"CUMBRIA, NORTHUMBERLAND, TYNE AND WEAR NHS FOUNDATION TRUST",310,6.642857142857143,August-2025
Y63,RXF,MID YORKSHIRE TEACHING NHS TRUST,113034,13.24165275459099,August-2025
Y63,RXG,SOUTH WEST YORKSHIRE PARTNERSHIP NHS FOUNDATION TRUST,8864,6.214659685863874,August-2025
Y63,RXP,COUNTY DURHAM AND DARLINGTON NHS FOUNDATION TRUST,82888,11.06818181818182,August-2025
Y63,TAD,BRADFORD DISTRICT CARE NHS FOUNDATION TRUST,1168,13.8125,August-2025
Y56,R1H,BARTS HEALTH NHS TRUST,266868,15.19160104986877,September-2025
Y56,R1K,LONDON NORTH WEST UNIVERSITY HEALTHCARE NHS TRUST,172272,14.96936370777691,September-2025
Y56,RAL,ROYAL FREE LONDON NHS FOUNDATION TRUST,274322,14.18237597911227,September-2025
Y56,RAN,ROYAL NATIONAL ORTHOPAEDIC HOSPITAL NHS TRUST,18104,10.18207282913165,September-2025
Y56,RAS,THE HILLINGDON HOSPITALS NHS FOUNDATION TRUST,73828,14.22255489021956,September-2025
Y56,RAX,KINGSTON AND RICHMOND NHS FOUNDATION TRUST,87782,12.45836324479541,September-2025
Y56,RF4,"BARKING, HAVERING AND REDBRIDGE UNIVERSITY HOSPITALS NHS TRUST",121044,10.32432432432432,September-2025
Y56,RJ1,GUY'S AND ST THOMAS' NHS FOUNDATION TRUST,221604,12.19666374012291,September-2025
Y56,RJ2,LEWISHAM AND GREENWICH NHS TRUST,108976,13.33956619296933,September-2025
Y56,RJ6,CROYDON HEALTH SERVICES NHS TRUST,73640,11.70977675134719,September-2025
Y56,RJ7,ST GEORGE'S UNIVERSITY HOSPITALS NHS FOUNDATION TRUST,140764,13.67574786324786,September-2025
Y56,RJZ,KING'S COLLEGE HOSPITAL NHS FOUNDATION TRUST,162448,13.22548076923077,September-2025
Y56,RKE,WHITTINGTON HEALTH NHS TRUST,54100,13.49869451697128,September-2025
Y56,RP4,GREAT ORMOND STREET HOSPITAL FOR CHILDREN NHS FOUNDATION TRUST,15900,11.24825174825175,September-2025
Y56,RP6,MOORFIELDS EYE HOSPITAL NHS FOUNDATION TRUST,68296,8.40154711673699,September-2025
Y56,RPG,OXLEAS NHS FOUNDATION TRUST,2898,16.75490196078431,September-2025
Y56,RPY,THE ROYAL MARSDEN NHS FOUNDATION TRUST,3822,3.839041095890411,September-2025
Y56,RQM,CHELSEA AND WESTMINSTER HOSPITAL NHS FOUNDATION TRUST,150520,13.70601959869342,September-2025
Y56,RQX,HOMERTON HEALTHCARE NHS FOUNDATION TRUST,66310,12.04411764705882,September-2025
Y56,RRV,UNIVERSITY COLLEGE LONDON HOSPITALS NHS FOUNDATION TRUST,145526,14.63983463035019,September-2025
Y56,RVR,EPSOM AND ST HELIER UNIVERSITY HOSPITALS NHS TRUST,117272,13.25675675675676,September-2025
Y56,RYJ,IMPERIAL COLLEGE HEALTHCARE NHS TRUST,182510,13.2687984496124,September-2025
Y58,R0D,UNIVERSITY HOSPITALS DORSET NHS FOUNDATION TRUST,125366,12.9203516249334,September-2025
Y58,RA7,UNIVERSITY HOSPITALS BRISTOL AND WESTON NHS FOUNDATION TRUST,107314,12.00844277673546,September-2025
Y58,RA9,TORBAY AND SOUTH DEVON NHS FOUNDATION TRUST,64212,10.23211169284468,September-2025
Y58,RBD,DORSET COUNTY HOSPITAL NHS FOUNDATION TRUST,42820,13.86762075134168,September-2025
Y58,RD1,ROYAL UNITED HOSPITALS BATH NHS FOUNDATION TRUST,77034,13.92042318307268,September-2025
Y58,REF,ROYAL CORNWALL HOSPITALS NHS TRUST,80972,10.02921348314607,September-2025
Y58,RH5,SOMERSET NHS FOUNDATION TRUST,115834,13.08689205219454,September-2025
Y58,RH8,ROYAL DEVON UNIVERSITY HEALTHCARE NHS FOUNDATION TRUST,148440,13.80965147453083,September-2025
Y58,RJ8,CORNWALL PARTNERSHIP NHS FOUNDATION TRUST,1078,5.572916666666667,September-2025
Y58,RK9,UNIVERSITY HOSPITALS PLYMOUTH NHS TRUST,97462,13.50810185185185,September-2025
Y58,RN3,GREAT WESTERN HOSPITALS NHS FOUNDATION TRUST,81262,13.65757575757576,September-2025
Y58,RNZ,SALISBURY NHS FOUNDATION TRUST,60294,12.53688524590164,September-2025
Y58,RTE,GLOUCESTERSHIRE HOSPITALS NHS FOUNDATION TRUST,126844,10.43021201413428,September-2025
Y58,RVJ,NORTH BRISTOL NHS TRUST,88116,11.91216216216216,September-2025
Y59,R1F,ISLE OF WIGHT NHS TRUST,27476,12.58375634517767,September-2025
Y59,RA2,ROYAL SURREY NHS FOUNDATION TRUST,59394,14.06295843520782,September-2025
Y59,RDR,SUSSEX COMMUNITY NHS FOUNDATION TRUST,28474,10.17277992277992,September-2025
Y59,RDU,FRIMLEY HEALTH NHS FOUNDATION TRUST,140468,15.16176470588235,September-2025
Y59,RHM,UNIVERSITY HOSPITAL SOUTHAMPTON NHS FOUNDATION TRUST,126314,13.34814578005115,September-2025
Y59,RHU,PORTSMOUTH HOSPITALS UNIVERSITY NHS TRUST,118392,14.41071428571429,September-2025
Y59,RHW,ROYAL BERKSHIRE NHS FOUNDATION TRUST,69024,10.12982074959261,September-2025
Y59,RN5,HAMPSHIRE HOSPITALS NHS FOUNDATION TRUST,101280,14.05829596412556,September-2025
Y59,RN7,DARTFORD AND GRAVESHAM NHS TRUST,63956,13.54808590102708,September-2025
Y59,RPA,MEDWAY NHS FOUNDATION TRUST,78178,16.49747983870968,September-2025
Y59,RPC,QUEEN VICTORIA HOSPITAL NHS FOUNDATION TRUST,39534,13.36329305135952,September-2025
Y59,RTH,OXFORD UNIVERSITY HOSPITALS NHS FOUNDATION TRUST,170652,14.00238549618321,September-2025
Y59,RTK,ASHFORD AND ST PETER'S HOSPITALS NHS FOUNDATION TRUST,111682,14.87266042780749,September-2025
Y59,RTP,SURREY AND SUSSEX HEALTHCARE NHS TRUST,92074,15.44311172035641,September-2025
Y59,RVV,EAST KENT HOSPITALS UNIVERSITY NHS FOUNDATION TRUST,157802,16.21264367816092,September-2025
Y59,RW1,HAMPSHIRE AND ISLE OF WIGHT HEALTHCARE NHS FOUNDATION TRUST,7966,7.493243243243243,September-2025
Y59,RWF,MAIDSTONE AND TUNBRIDGE WELLS NHS TRUST,97386,10.92618384401114,September-2025
Y59,RWX,BERKSHIRE HEALTHCARE NHS FOUNDATION TRUST,154,4.75,September-2025
Y59,RXC,EAST SUSSEX HEALTHCARE NHS TRUST,122668,12.49602964531498,September-2025
Y59,RXQ,BUCKINGHAMSHIRE HEALTHCARE NHS TRUST,97776,14.80698835274542,September-2025
Y59,RYR,UNIVERSITY HOSPITALS SUSSEX NHS FOUNDATION TRUST,226504,17.2924071082391,September-2025
Y59,RYY,KENT COMMUNITY HEALTH NHS FOUNDATION TRUST,7720,4.675324675324675,September-2025
Y60,R1A,HEREFORDSHIRE AND WORCESTERSHIRE HEALTH AND CARE NHS TRUST,182,12.875,September-2025
Y60,R1D,SHROPSHIRE COMMUNITY HEALTH NHS TRUST,15690,10.67117117117117,September-2025
Y60,RBK,WALSALL HEALTHCARE NHS TRUST,58862,10.67998027613412,September-2025
Y60,RFS,CHESTERFIELD ROYAL HOSPITAL NHS FOUNDATION TRUST,64080,14.77877094972067,September-2025
Y60,RJC,SOUTH WARWICKSHIRE UNIVERSITY NHS FOUNDATION TRUST,65260,11.96217264791465,September-2025
Y60,RJE,UNIVERSITY HOSPITALS OF NORTH MIDLANDS NHS TRUST,130562,12.67026315789474,September-2025
Y60,RK5,SHERWOOD FOREST HOSPITALS NHS FOUNDATION TRUST,72744,13.71146245059288,September-2025
Y60,RKB,UNIVERSITY HOSPITALS COVENTRY AND WARWICKSHIRE NHS TRUST,149046,14.93037404236142,September-2025
Y60,RL1,THE ROBERT JONES AND AGNES HUNT ORTHOPAEDIC HOSPITAL NHS FOUNDATION TRUST,34170,16.58985507246377,September-2025
Y60,RL4,THE ROYAL WOLVERHAMPTON NHS TRUST,150130,15.99426719840478,September-2025
Y60,RLQ,WYE VALLEY NHS TRUST,45190,12.96310832025118,September-2025
Y60,RLT,GEORGE ELIOT HOSPITAL NHS TRUST,40876,12.81021897810219,September-2025
Y60,RNA,THE DUDLEY GROUP NHS FOUNDATION TRUST,93536,12.44978165938865,September-2025
Y60,RNQ,KETTERING GENERAL HOSPITAL NHS FOUNDATION TRUST,50524,13.6038338658147,September-2025
Y60,RNS,NORTHAMPTON GENERAL HOSPITAL NHS TRUST,89806,14.2264351523742,September-2025
Y60,RP7,LINCOLNSHIRE PARTNERSHIP NHS FOUNDATION TRUST,80,5.0,September-2025
Y60,RQ3,BIRMINGHAM WOMEN'S AND CHILDREN'S NHS FOUNDATION TRUST,48864,14.99079754601227,September-2025
Y60,RRE,MIDLANDS PARTNERSHIP UNIVERSITY NHS FOUNDATION TRUST,15034,5.027217741935484,September-2025
Y60,RRJ,THE ROYAL ORTHOPAEDIC HOSPITAL NHS FOUNDATION TRUST,26702,13.55456852791878,September-2025
Y60,RRK,UNIVERSITY HOSPITALS BIRMINGHAM NHS FOUNDATION TRUST,195140,14.19095869056898,September-2025
Y60,RTG,UNIVERSITY HOSPITALS OF DERBY AND BURTON NHS FOUNDATION TRUST,189656,14.1223969400765,September-2025
Y60,RWD,UNITED LINCOLNSHIRE TEACHING HOSPITALS NHS TRUST,137438,16.28975535168196,September-2025
Y60,RWE,UNIVERSITY HOSPITALS OF LEICESTER NHS TRUST,218422,17.39058022922636,September-2025
Y60,RWP,WORCESTERSHIRE ACUTE HOSPITALS NHS TRUST,114704,14.10261437908497,September-2025
Y60,RX1,NOTTINGHAM UNIVERSITY HOSPITALS NHS TRUST,170502,13.73243933588761,September-2025
Y60,RXK,SANDWELL AND WEST BIRMINGHAM HOSPITALS NHS TRUST,133048,14.85603314344899,September-2025
Y60,RXW,THE SHREWSBURY AND TELFORD HOSPITAL NHS TRUST,63304,14.17951127819549,September-2025
Y60,RYW,BIRMINGHAM COMMUNITY HEALTHCARE NHS FOUNDATION TRUST,30710,11.76825127334465,September-2025
Y61,RAJ,MID AND SOUTH ESSEX NHS FOUNDATION TRUST,357698,17.69712468896876,September-2025
Y61,RC9,BEDFORDSHIRE HOSPITALS NHS FOUNDATION TRUST,171738,14.00021312872975,September-2025
Y61,RCX,"THE QUEEN ELIZABETH HOSPITAL, KING'S LYNN, NHS FOUNDATION TRUST",56104,15.75037147102526,September-2025
Y61,RD8,MILTON KEYNES UNIVERSITY HOSPITAL NHS FOUNDATION TRUST,71156,17.94858611825193,September-2025
Y61,RDE,EAST SUFFOLK AND NORTH ESSEX NHS FOUNDATION TRUST,186098,15.27639751552795,September-2025
Y61,RGM,ROYAL PAPWORTH HOSPITAL NHS FOUNDATION TRUST,12160,10.37327188940092,September-2025
Y61,RGN,NORTH WEST ANGLIA NHS FOUNDATION TRUST,156172,14.89010416666667,September-2025
Y61,RGP,JAMES PAGET UNIVERSITY HOSPITALS NHS FOUNDATION TRUST,69654,17.66093535075654,September-2025
Y61,RGR,WEST SUFFOLK NHS FOUNDATION TRUST,65248,13.58777120315582,September-2025
Y61,RGT,CAMBRIDGE UNIVERSITY HOSPITALS NHS FOUNDATION TRUST,132738,14.00459558823529,September-2025
Y61,RM1,NORFOLK AND NORWICH UNIVERSITY HOSPITALS NHS FOUNDATION TRUST,166624,16.93599160545645,September-2025
Y61,RQW,THE PRINCESS ALEXANDRA HOSPITAL NHS TRUST,86880,16.33723021582734,September-2025
Y61,RT1,CAMBRIDGESHIRE AND PETERBOROUGH NHS FOUNDATION TRUST,26,43.5,September-2025
Y61,RWG,WEST HERTFORDSHIRE TEACHING HOSPITALS NHS TRUST,93190,13.33657465495608,September-2025
Y61,RWH,EAST AND NORTH HERTFORDSHIRE TEACHING NHS TRUST,101984,12.62298387096774,September-2025
Y62,R0A,MANCHESTER UNIVERSITY NHS FOUNDATION TRUST,371380,16.26297491929476,September-2025
Y62,RBL,WIRRAL UNIVERSITY TEACHING HOSPITAL NHS FOUNDATION TRUST,96390,13.4182892906815,September-2025
Y62,RBN,MERSEY AND WEST LANCASHIRE TEACHING HOSPITALS NHS TRUST,153968,12.05415002219263,September-2025
Y62,RBQ,LIVERPOOL HEART AND CHEST HOSPITAL NHS FOUNDATION TRUST,9752,9.018779342723004,September-2025
Y62,RBS,ALDER HEY CHILDREN'S NHS FOUNDATION TRUST,34938,13.81878557874763,September-2025
Y62,RBT,MID CHESHIRE HOSPITALS NHS FOUNDATION TRUST,87408,15.89774078478002,September-2025
Y62,RBV,THE CHRISTIE NHS FOUNDATION TRUST,5572,4.105726872246696,September-2025
Y62,REM,LIVERPOOL UNIVERSITY HOSPITALS NHS FOUNDATION TRUST,131162,15.35705169112955,September-2025
Y62,REN,THE CLATTERBRIDGE CANCER CENTRE NHS FOUNDATION TRUST,1880,7.311475409836065,September-2025
Y62,REP,LIVERPOOL WOMEN'S NHS FOUNDATION TRUST,34070,19.8716814159292,September-2025
Y62,RET,THE WALTON CENTRE NHS FOUNDATION TRUST,29066,13.17386091127098,September-2025
Y62,RJN,EAST CHESHIRE NHS TRUST,38656,15.66298342541436,September-2025
Y62,RJR,COUNTESS OF CHESTER HOSPITAL NHS FOUNDATION TRUST,68206,17.26359516616314,September-2025
Y62,RM3,NORTHERN CARE ALLIANCE NHS FOUNDATION TRUST,280808,16.30332681017612,September-2025
Y62,RMC,BOLTON NHS FOUNDATION TRUST,75110,14.09757505773672,September-2025
Y62,RMP,TAMESIDE AND GLOSSOP INTEGRATED CARE NHS FOUNDATION TRUST,34546,10.57787610619469,September-2025
Y62,RRF,"WRIGHTINGTON, WIGAN AND LEIGH NHS FOUNDATION TRUST",96946,14.69290263876251,September-2025
Y62,RTX,UNIVERSITY HOSPITALS OF MORECAMBE BAY NHS FOUNDATION TRUST,68098,10.76941287878788,September-2025
Y62,RW4,MERSEY CARE NHS FOUNDATION TRUST,88,1.846153846153846,September-2025
Y62,RW5,LANCASHIRE & SOUTH CUMBRIA NHS FOUNDATION TRUST,5026,3.336858006042296,September-2025
Y62,RWJ,STOCKPORT NHS FOUNDATION TRUST,69908,14.88526434195725,September-2025
Y62,RWW,WARRINGTON AND HALTON TEACHING HOSPITALS NHS FOUNDATION TRUST,64922,14.1916354556804,September-2025
Y62,RXL,BLACKPOOL TEACHING HOSPITALS NHS FOUNDATION TRUST,85260,15.38313473877177,September-2025
Y62,RXN,LANCASHIRE TEACHING HOSPITALS NHS FOUNDATION TRUST,130644,16.17589576547231,September-2025
Y62,RXR,EAST LANCASHIRE HOSPITALS NHS TRUST,111246,13.34615384615385,September-2025
Y63,R0B,SOUTH TYNESIDE AND SUNDERLAND NHS FOUNDATION TRUST,117414,9.418905715681484,September-2025
Y63,RAE,BRADFORD TEACHING HOSPITALS NHS FOUNDATION TRUST,66810,12.1430568499534,September-2025
Y63,RCB,YORK AND SCARBOROUGH TEACHING HOSPITALS NHS FOUNDATION TRUST,114890,15.38636363636364,September-2025
Y63,RCD,HARROGATE AND DISTRICT NHS FOUNDATION TRUST,40728,9.499369482976041,September-2025
Y63,RCF,AIREDALE NHS FOUNDATION TRUST,27638,10.63078703703704,September-2025
Y63,RCU,SHEFFIELD CHILDREN'S NHS FOUNDATION TRUST,23414,11.9451871657754,September-2025
Y63,RFF,BARNSLEY HOSPITAL NHS FOUNDATION TRUST,50106,12.57421383647799,September-2025
Y63,RFR,THE ROTHERHAM NHS FOUNDATION TRUST,62358,12.49221357063404,September-2025
Y63,RJL,NORTHERN LINCOLNSHIRE AND GOOLE NHS FOUNDATION TRUST,80292,13.83104125736739,September-2025
Y63,RNN,NORTH CUMBRIA INTEGRATED CARE NHS FOUNDATION TRUST,78264,15.11909650924025,September-2025
Y63,RP5,DONCASTER AND BASSETLAW TEACHING HOSPITALS NHS FOUNDATION TRUST,112728,13.5197328476017,September-2025
Y63,RR7,GATESHEAD HEALTH NHS FOUNDATION TRUST,26798,11.38594164456233,September-2025
Y63,RR8,LEEDS TEACHING HOSPITALS NHS TRUST,175292,11.2829754601227,September-2025
Y63,RTD,THE NEWCASTLE UPON TYNE HOSPITALS NHS FOUNDATION TRUST,175038,10.20496794871795,September-2025
Y63,RTF,NORTHUMBRIA HEALTHCARE NHS FOUNDATION TRUST,70808,9.740585774058577,September-2025
Y63,RTR,SOUTH TEES HOSPITALS NHS FOUNDATION TRUST,112866,13.38706500328299,September-2025
Y63,RVW,NORTH TEES AND HARTLEPOOL NHS FOUNDATION TRUST,42980,9.742196531791908,September-2025
Y63,RWA,HULL UNIVERSITY TEACHING HOSPITALS NHS TRUST,161166,15.12429811128127,September-2025
Y63,RWY,CALDERDALE AND HUDDERSFIELD NHS FOUNDATION TRUST,73886,10.54816326530612,September-2025
Y63,RX4,"CUMBRIA, NORTHUMBERLAND, TYNE AND WEAR NHS FOUNDATION TRUST",324,4.625,September-2025
Y63,RXF,MID YORKSHIRE TEACHING NHS TRUST,114296,13.33419521654816,September-2025
Y63,RXG,SOUTH WEST YORKSHIRE PARTNERSHIP NHS FOUNDATION TRUST,9370,4.960407239819005,September-2025
Y63,RXP,COUNTY DURHAM AND DARLINGTON NHS FOUNDATION TRUST,84620,11.06392961876833,September-2025
Y63,TAD,BRADFORD DISTRICT CARE NHS FOUNDATION TRUST,1076,14.52380952380952,September-2025
Y56,R1H,BARTS HEALTH NHS TRUST,265622,15.2412084398977,October-2025
Y56,R1K,LONDON NORTH WEST UNIVERSITY HEALTHCARE NHS TRUST,171164,14.96408619313647,October-2025
Y56,RAL,ROYAL FREE LONDON NHS FOUNDATION TRUST,274176,14.4955192409067,October-2025
Y56,RAN,ROYAL NATIONAL ORTHOPAEDIC HOSPITAL NHS TRUST,18120,10.5792507204611,October-2025
Y56,RAS,THE HILLINGDON HOSPITALS NHS FOUNDATION TRUST,71504,14.50751879699248,October-2025
Y56,RAX,KINGSTON AND RICHMOND NHS FOUNDATION TRUST,90428,12.26825266611977,October-2025
Y56,RF4,"BARKING, HAVERING AND REDBRIDGE UNIVERSITY HOSPITALS NHS TRUST",117324,10.61358695652174,October-2025
Y56,RJ1,GUY'S AND ST THOMAS' NHS FOUNDATION TRUST,220904,11.90357464704115,October-2025
Y56,RJ2,LEWISHAM AND GREENWICH NHS TRUST,111916,13.1803896920176,October-2025
Y56,RJ6,CROYDON HEALTH SERVICES NHS TRUST,74210,11.9172268907563,October-2025
Y56,RJ7,ST GEORGE'S UNIVERSITY HOSPITALS NHS FOUNDATION TRUST,138396,13.84939759036145,October-2025
Y56,RJZ,KING'S COLLEGE HOSPITAL NHS FOUNDATION TRUST,169130,12.59255226480836,October-2025
Y56,RKE,WHITTINGTON HEALTH NHS TRUST,53398,14.11044176706827,October-2025
Y56,RP4,GREAT ORMOND STREET HOSPITAL FOR CHILDREN NHS FOUNDATION TRUST,15492,11.29457364341085,October-2025
Y56,RP6,MOORFIELDS EYE HOSPITAL NHS FOUNDATION TRUST,69678,7.44865671641791,October-2025
Y56,RPG,OXLEAS NHS FOUNDATION TRUST,2476,14.42307692307692,October-2025
Y56,RPY,THE ROYAL MARSDEN NHS FOUNDATION TRUST,3936,3.795180722891566,October-2025
Y56,RQM,CHELSEA AND WESTMINSTER HOSPITAL NHS FOUNDATION TRUST,151860,13.78704910908301,October-2025
Y56,RQX,HOMERTON HEALTHCARE NHS FOUNDATION TRUST,61452,11.1815107102593,October-2025
Y56,RRV,UNIVERSITY COLLEGE LONDON HOSPITALS NHS FOUNDATION TRUST,143926,14.57644946126219,October-2025
Y56,RVR,EPSOM AND ST HELIER UNIVERSITY HOSPITALS NHS TRUST,115746,13.47766432673899,October-2025
Y56,RYJ,IMPERIAL COLLEGE HEALTHCARE NHS TRUST,180348,13.2785802723896,October-2025
Y58,R0D,UNIVERSITY HOSPITALS DORSET NHS FOUNDATION TRUST,130180,12.79236641221374,October-2025
Y58,RA7,UNIVERSITY HOSPITALS BRISTOL AND WESTON NHS FOUNDATION TRUST,104992,11.57152542372881,October-2025
Y58,RA9,TORBAY AND SOUTH DEVON NHS FOUNDATION TRUST,63550,10.0280612244898,October-2025
Y58,RBD,DORSET COUNTY HOSPITAL NHS FOUNDATION TRUST,42476,13.86689419795222,October-2025
Y58,RD1,ROYAL UNITED HOSPITALS BATH NHS FOUNDATION TRUST,77696,14.02750665483585,October-2025
Y58,REF,ROYAL CORNWALL HOSPITALS NHS TRUST,81484,9.300173010380623,October-2025
Y58,RH5,SOMERSET NHS FOUNDATION TRUST,116102,13.03360488798371,October-2025
Y58,RH8,ROYAL DEVON UNIVERSITY HEALTHCARE NHS FOUNDATION TRUST,147460,13.77093462992977,October-2025
Y58,RJ8,CORNWALL PARTNERSHIP NHS FOUNDATION TRUST,1370,4.93956043956044,October-2025
Y58,RK9,UNIVERSITY HOSPITALS PLYMOUTH NHS TRUST,98476,13.35008103727715,October-2025
Y58,RN3,GREAT WESTERN HOSPITALS NHS FOUNDATION TRUST,83204,13.68322399250234,October-2025
Y58,RNZ,SALISBURY NHS FOUNDATION TRUST,58242,12.09564777327935,October-2025
Y58,RTE,GLOUCESTERSHIRE HOSPITALS NHS FOUNDATION TRUST,124576,9.874251497005988,October-2025
Y58,RVJ,NORTH BRISTOL NHS TRUST,87092,11.69463340891912,October-2025
Y59,R1F,ISLE OF WIGHT NHS TRUST,27922,12.37667560321716,October-2025
Y59,RA2,ROYAL SURREY NHS FOUNDATION TRUST,59070,13.52241594022416,October-2025
Y59,RDR,SUSSEX COMMUNITY NHS FOUNDATION TRUST,28296,10.6875,October-2025
Y59,RDU,FRIMLEY HEALTH NHS FOUNDATION TRUST,137984,14.89920586438607,October-2025
Y59,RHM,UNIVERSITY HOSPITAL SOUTHAMPTON NHS FOUNDATION TRUST,127914,13.22016861219196,October-2025
Y59,RHU,PORTSMOUTH HOSPITALS UNIVERSITY NHS TRUST,117234,14.39706987227648,October-2025
Y59,RHW,ROYAL BERKSHIRE NHS FOUNDATION TRUST,71122,9.879928315412187,October-2025
Y59,RN5,HAMPSHIRE HOSPITALS NHS FOUNDATION TRUST,101428,14.06590724165989,October-2025
Y59,RN7,DARTFORD AND GRAVESHAM NHS TRUST,62894,13.29453836150845,October-2025
Y59,RPA,MEDWAY NHS FOUNDATION TRUST,76204,16.11027837259101,October-2025
Y59,RPC,QUEEN VICTORIA HOSPITAL NHS FOUNDATION TRUST,39614,13.72222222222222,October-2025
Y59,RTH,OXFORD UNIVERSITY HOSPITALS NHS FOUNDATION TRUST,168722,13.70767441860465,October-2025
Y59,RTK,ASHFORD AND ST PETER'S HOSPITALS NHS FOUNDATION TRUST,108756,14.35167785234899,October-2025
Y59,RTP,SURREY AND SUSSEX HEALTHCARE NHS TRUST,91582,14.57046178343949,October-2025
Y59,RVV,EAST KENT HOSPITALS UNIVERSITY NHS FOUNDATION TRUST,156864,16.33780880773362,October-2025
Y59,RW1,HAMPSHIRE AND ISLE OF WIGHT HEALTHCARE NHS FOUNDATION TRUST,8132,6.643410852713179,October-2025
Y59,RWF,MAIDSTONE AND TUNBRIDGE WELLS NHS TRUST,99706,10.84407294832827,October-2025
Y59,RWX,BERKSHIRE HEALTHCARE NHS FOUNDATION TRUST,170,4.576923076923077,October-2025
Y59,RXC,EAST SUSSEX HEALTHCARE NHS TRUST,123084,12.5589953271028,October-2025
Y59,RXQ,BUCKINGHAMSHIRE HEALTHCARE NHS TRUST,96568,14.39127163280662,October-2025
Y59,RYR,UNIVERSITY HOSPITALS SUSSEX NHS FOUNDATION TRUST,232276,16.98672911787666,October-2025
Y59,RYY,KENT COMMUNITY HEALTH NHS FOUNDATION TRUST,7906,4.871298405466971,October-2025
Y60,R1A,HEREFORDSHIRE AND WORCESTERSHIRE HEALTH AND CARE NHS TRUST,180,8.875,October-2025
Y60,R1D,SHROPSHIRE COMMUNITY HEALTH NHS TRUST,15726,10.37381703470032,October-2025
Y60,RBK,WALSALL HEALTHCARE NHS TRUST,60774,10.58014861995754,October-2025
Y60,RFS,CHESTERFIELD ROYAL HOSPITAL NHS FOUNDATION TRUST,62590,15.3111254851229,October-2025
Y60,RJC,SOUTH WARWICKSHIRE UNIVERSITY NHS FOUNDATION TRUST,64708,11.91606960081883,October-2025
Y60,RJE,UNIVERSITY HOSPITALS OF NORTH MIDLANDS NHS TRUST,131516,12.50487012987013,October-2025
Y60,RK5,SHERWOOD FOREST HOSPITALS NHS FOUNDATION TRUST,72510,13.83712871287129,October-2025
Y60,RKB,UNIVERSITY HOSPITALS COVENTRY AND WARWICKSHIRE NHS TRUST,147036,15.14064697609001,October-2025
Y60,RL1,THE ROBERT JONES AND AGNES HUNT ORTHOPAEDIC HOSPITAL NHS FOUNDATION TRUST,34782,15.14125,October-2025
Y60,RL4,THE ROYAL WOLVERHAMPTON NHS TRUST,153312,16.0431654676259,October-2025
Y60,RLQ,WYE VALLEY NHS TRUST,44806,12.45879556259905,October-2025
Y60,RLT,GEORGE ELIOT HOSPITAL NHS TRUST,40116,12.38353765323993,October-2025
Y60,RNA,THE DUDLEY GROUP NHS FOUNDATION TRUST,93798,12.66342692584593,October-2025
Y60,RNQ,KETTERING GENERAL HOSPITAL NHS FOUNDATION TRUST,50866,13.15984251968504,October-2025
Y60,RNS,NORTHAMPTON GENERAL HOSPITAL NHS TRUST,87898,14.32293762575453,October-2025
Y60,RP7,LINCOLNSHIRE PARTNERSHIP NHS FOUNDATION TRUST,68,5.666666666666667,October-2025
Y60,RQ3,BIRMINGHAM WOMEN'S AND CHILDREN'S NHS FOUNDATION TRUST,46588,14.57463884430177,October-2025
Y60,RRE,MIDLANDS PARTNERSHIP UNIVERSITY NHS FOUNDATION TRUST,15624,4.913114754098361,October-2025
Y60,RRJ,THE ROYAL ORTHOPAEDIC HOSPITAL NHS FOUNDATION TRUST,26904,13.73504273504274,October-2025
Y60,RRK,UNIVERSITY HOSPITALS BIRMINGHAM NHS FOUNDATION TRUST,191610,13.37184562097971,October-2025
Y60,RTG,UNIVERSITY HOSPITALS OF DERBY AND BURTON NHS FOUNDATION TRUST,191908,14.15460656385923,October-2025
Y60,RWD,UNITED LINCOLNSHIRE TEACHING HOSPITALS NHS TRUST,137610,16.48867595818815,October-2025
Y60,RWE,UNIVERSITY HOSPITALS OF LEICESTER NHS TRUST,218778,17.26009791921665,October-2025
Y60,RWP,WORCESTERSHIRE ACUTE HOSPITALS NHS TRUST,116108,14.22816519972918,October-2025
Y60,RX1,NOTTINGHAM UNIVERSITY HOSPITALS NHS TRUST,176264,14.12225445503523,October-2025
Y60,RXK,SANDWELL AND WEST BIRMINGHAM HOSPITALS NHS TRUST,129510,15.26683222958057,October-2025
Y60,RXW,THE SHREWSBURY AND TELFORD HOSPITAL NHS TRUST,64526,13.50550964187328,October-2025
Y60,RYW,BIRMINGHAM COMMUNITY HEALTHCARE NHS FOUNDATION TRUST,30926,11.71214788732394,October-2025
Y61,RAJ,MID AND SOUTH ESSEX NHS FOUNDATION TRUST,362154,18.05255754475703,October-2025
Y61,RC9,BEDFORDSHIRE HOSPITALS NHS FOUNDATION TRUST,175116,14.11709120788825,October-2025
Y61,RCX,"THE QUEEN ELIZABETH HOSPITAL, KING'S LYNN, NHS FOUNDATION TRUST",54246,15.73551829268293,October-2025
Y61,RD8,MILTON KEYNES UNIVERSITY HOSPITAL NHS FOUNDATION TRUST,70310,17.24470457079153,October-2025
Y61,RDE,EAST SUFFOLK AND NORTH ESSEX NHS FOUNDATION TRUST,195238,15.56605611847233,October-2025
Y61,RGM,ROYAL PAPWORTH HOSPITAL NHS FOUNDATION TRUST,11786,9.845911949685535,October-2025
Y61,RGN,NORTH WEST ANGLIA NHS FOUNDATION TRUST,156796,14.88418932527694,October-2025
Y61,RGP,JAMES PAGET UNIVERSITY HOSPITALS NHS FOUNDATION TRUST,68798,17.32486263736264,October-2025
Y61,RGR,WEST SUFFOLK NHS FOUNDATION TRUST,66392,13.3202846975089,October-2025
Y61,RGT,CAMBRIDGE UNIVERSITY HOSPITALS NHS FOUNDATION TRUST,130888,13.81366087477531,October-2025
Y61,RM1,NORFOLK AND NORWICH UNIVERSITY HOSPITALS NHS FOUNDATION TRUST,165414,17.49249482401656,October-2025
Y61,RQW,THE PRINCESS ALEXANDRA HOSPITAL NHS TRUST,84388,15.82952548330404,October-2025
Y61,RT1,CAMBRIDGESHIRE AND PETERBOROUGH NHS FOUNDATION TRUST,550,18.625,October-2025
Y61,RWG,WEST HERTFORDSHIRE TEACHING HOSPITALS NHS TRUST,92984,13.28979857050033,October-2025
Y61,RWH,EAST AND NORTH HERTFORDSHIRE TEACHING NHS TRUST,104598,12.20474683544304,October-2025
Y62,R0A,MANCHESTER UNIVERSITY NHS FOUNDATION TRUST,367730,16.33520384791571,October-2025
Y62,RBL,WIRRAL UNIVERSITY TEACHING HOSPITAL NHS FOUNDATION TRUST,98906,13.71412803532009,October-2025
Y62,RBN,MERSEY AND WEST LANCASHIRE TEACHING HOSPITALS NHS TRUST,152960,12.1287988422576,October-2025
Y62,RBQ,LIVERPOOL HEART AND CHEST HOSPITAL NHS FOUNDATION TRUST,9804,8.426724137931034,October-2025
Y62,RBS,ALDER HEY CHILDREN'S NHS FOUNDATION TRUST,34980,13.36829836829837,October-2025
Y62,RBT,MID CHESHIRE HOSPITALS NHS FOUNDATION TRUST,86404,16.04283054003724,October-2025
Y62,RBV,THE CHRISTIE NHS FOUNDATION TRUST,7304,4.178272980501393,October-2025
Y62,REM,LIVERPOOL UNIVERSITY HOSPITALS NHS FOUNDATION TRUST,130650,15.28790849673203,October-2025
Y62,REN,THE CLATTERBRIDGE CANCER CENTRE NHS FOUNDATION TRUST,1976,6.491803278688525,October-2025
Y62,REP,LIVERPOOL WOMEN'S NHS FOUNDATION TRUST,30674,18.97368421052632,October-2025
Y62,RET,THE WALTON CENTRE NHS FOUNDATION TRUST,28598,13.1521164021164,October-2025
Y62,RJN,EAST CHESHIRE NHS TRUST,41546,15.56694915254237,October-2025
Y62,RJR,COUNTESS OF CHESTER HOSPITAL NHS FOUNDATION TRUST,66524,17.00956284153006,October-2025
Y62,RM3,NORTHERN CARE ALLIANCE NHS FOUNDATION TRUST,281870,16.28663055872292,October-2025
Y62,RMC,BOLTON NHS FOUNDATION TRUST,74732,14.24375,October-2025
Y62,RMP,TAMESIDE AND GLOSSOP INTEGRATED CARE NHS FOUNDATION TRUST,34232,10.25208681135225,October-2025
Y62,RRF,"WRIGHTINGTON, WIGAN AND LEIGH NHS FOUNDATION TRUST",97028,14.74354704412989,October-2025
Y62,RTX,UNIVERSITY HOSPITALS OF MORECAMBE BAY NHS FOUNDATION TRUST,68052,10.41338582677165,October-2025
Y62,RW4,MERSEY CARE NHS FOUNDATION TRUST,94,2.136363636363636,October-2025
Y62,RW5,LANCASHIRE & SOUTH CUMBRIA NHS FOUNDATION TRUST,5854,3.516369047619047,October-2025
Y62,RWJ,STOCKPORT NHS FOUNDATION TRUST,70098,14.63757225433526,October-2025
Y62,RWW,WARRINGTON AND HALTON TEACHING HOSPITALS NHS FOUNDATION TRUST,65464,14.03855140186916,October-2025
Y62,RXL,BLACKPOOL TEACHING HOSPITALS NHS FOUNDATION TRUST,87060,15.90860215053763,October-2025
Y62,RXN,LANCASHIRE TEACHING HOSPITALS NHS FOUNDATION TRUST,128608,16.29663810151615,October-2025
Y62,RXR,EAST LANCASHIRE HOSPITALS NHS TRUST,108592,13.64785172704297,October-2025
Y63,R0B,SOUTH TYNESIDE AND SUNDERLAND NHS FOUNDATION TRUST,117378,8.832813891362422,October-2025
Y63,RAE,BRADFORD TEACHING HOSPITALS NHS FOUNDATION TRUST,64408,12.37955465587044,October-2025
Y63,RCB,YORK AND SCARBOROUGH TEACHING HOSPITALS NHS FOUNDATION TRUST,117448,15.35348506401138,October-2025
Y63,RCD,HARROGATE AND DISTRICT NHS FOUNDATION TRUST,38984,9.360443622920517,October-2025
Y63,RCF,AIREDALE NHS FOUNDATION TRUST,28196,10.2579185520362,October-2025
Y63,RCU,SHEFFIELD CHILDREN'S NHS FOUNDATION TRUST,23122,11.33283132530121,October-2025
Y63,RFF,BARNSLEY HOSPITAL NHS FOUNDATION TRUST,49944,12.22714681440443,October-2025
Y63,RFR,THE ROTHERHAM NHS FOUNDATION TRUST,62322,12.3453276047261,October-2025
Y63,RJL,NORTHERN LINCOLNSHIRE AND GOOLE NHS FOUNDATION TRUST,80312,13.4930332261522,October-2025
Y63,RNN,NORTH CUMBRIA INTEGRATED CARE NHS FOUNDATION TRUST,78864,15.55239179954442,October-2025
Y63,RP5,DONCASTER AND BASSETLAW TEACHING HOSPITALS NHS FOUNDATION TRUST,111796,13.56796116504854,October-2025
Y63,RR7,GATESHEAD HEALTH NHS FOUNDATION TRUST,26450,11.46065989847716,October-2025
Y63,RR8,LEEDS TEACHING HOSPITALS NHS TRUST,175524,11.21883881445392,October-2025
Y63,RTD,THE NEWCASTLE UPON TYNE HOSPITALS NHS FOUNDATION TRUST,178350,9.791975308641975,October-2025
Y63,RTF,NORTHUMBRIA HEALTHCARE NHS FOUNDATION TRUST,70056,9.291814946619217,October-2025
Y63,RTR,SOUTH TEES HOSPITALS NHS FOUNDATION TRUST,113192,13.28247422680412,October-2025
Y63,RVW,NORTH TEES AND HARTLEPOOL NHS FOUNDATION TRUST,44582,9.5,October-2025
Y63,RWA,HULL UNIVERSITY TEACHING HOSPITALS NHS TRUST,162558,15.04480483782298,October-2025
Y63,RWY,CALDERDALE AND HUDDERSFIELD NHS FOUNDATION TRUST,71874,10.43457538994801,October-2025
Y63,RX4,"CUMBRIA, NORTHUMBERLAND, TYNE AND WEAR NHS FOUNDATION TRUST",316,5.0,October-2025
Y63,RXF,MID YORKSHIRE TEACHING NHS TRUST,112912,13.32027491408935,October-2025
Y63,RXG,SOUTH WEST YORKSHIRE PARTNERSHIP NHS FOUNDATION TRUST,9560,5.441102756892231,October-2025
Y63,RXP,COUNTY DURHAM AND DARLINGTON NHS FOUNDATION TRUST,84574,11.26603773584906,October-2025
Y63,TAD,BRADFORD DISTRICT CARE NHS FOUNDATION TRUST,992,16.8,October-2025
Y56,R1H,BARTS HEALTH NHS TRUST,266412,15.10656883298393,November-2025
Y56,R1K,LONDON NORTH WEST UNIVERSITY HEALTHCARE NHS TRUST,168692,14.64724480578139,November-2025
Y56,RAL,ROYAL FREE LONDON NHS FOUNDATION TRUST,273802,14.40297408716137,November-2025
Y56,RAN,ROYAL NATIONAL ORTHOPAEDIC HOSPITAL NHS TRUST,19364,10.22028985507246,November-2025
Y56,RAS,THE HILLINGDON HOSPITALS NHS FOUNDATION TRUST,70106,14.48650234741784,November-2025
Y56,RAX,KINGSTON AND RICHMOND NHS FOUNDATION TRUST,90804,12.29591836734694,November-2025
Y56,RJ1,GUY'S AND ST THOMAS' NHS FOUNDATION TRUST,217684,11.3061858874728,November-2025
Y56,RJ2,LEWISHAM AND GREENWICH NHS TRUST,112662,12.88429054054054,November-2025
Y56,RJ6,CROYDON HEALTH SERVICES NHS TRUST,74656,11.79748822605965,November-2025
Y56,RJ7,ST GEORGE'S UNIVERSITY HOSPITALS NHS FOUNDATION TRUST,136950,13.61603221083455,November-2025
Y56,RJZ,KING'S COLLEGE HOSPITAL NHS FOUNDATION TRUST,172394,12.03762084909626,November-2025
Y56,RKE,WHITTINGTON HEALTH NHS TRUST,55882,13.45535714285714,November-2025
Y56,RP4,GREAT ORMOND STREET HOSPITAL FOR CHILDREN NHS FOUNDATION TRUST,15350,10.37804878048781,November-2025
Y56,RP6,MOORFIELDS EYE HOSPITAL NHS FOUNDATION TRUST,69056,7.349056603773585,November-2025
Y56,RPG,OXLEAS NHS FOUNDATION TRUST,2626,8.766666666666667,November-2025
Y56,RPY,THE ROYAL MARSDEN NHS FOUNDATION TRUST,4132,4.097744360902255,November-2025
Y56,RQM,CHELSEA AND WESTMINSTER HOSPITAL NHS FOUNDATION TRUST,149354,13.73888221153846,November-2025
Y56,RQX,HOMERTON HEALTHCARE NHS FOUNDATION TRUST,55654,10.71709786276715,November-2025
Y56,RRV,UNIVERSITY COLLEGE LONDON HOSPITALS NHS FOUNDATION TRUST,145522,14.21305555555556,November-2025
Y56,RVR,EPSOM AND ST HELIER UNIVERSITY HOSPITALS NHS TRUST,115592,13.39391304347826,November-2025
Y56,RYJ,IMPERIAL COLLEGE HEALTHCARE NHS TRUST,180446,12.77291204730229,November-2025
Y58,R0D,UNIVERSITY HOSPITALS DORSET NHS FOUNDATION TRUST,125926,12.58962520369364,November-2025
Y58,RA7,UNIVERSITY HOSPITALS BRISTOL AND WESTON NHS FOUNDATION TRUST,104208,10.80326876513317,November-2025
Y58,RA9,TORBAY AND SOUTH DEVON NHS FOUNDATION TRUST,63960,9.88512241054614,November-2025
Y58,RBD,DORSET COUNTY HOSPITAL NHS FOUNDATION TRUST,42250,13.51076555023923,November-2025
Y58,RD1,ROYAL UNITED HOSPITALS BATH NHS FOUNDATION TRUST,77176,12.90893470790378,November-2025
Y58,REF,ROYAL CORNWALL HOSPITALS NHS TRUST,81968,8.828642901813634,November-2025
Y58,RH5,SOMERSET NHS FOUNDATION TRUST,113286,12.79568106312292,November-2025
Y58,RH8,ROYAL DEVON UNIVERSITY HEALTHCARE NHS FOUNDATION TRUST,145340,12.9025974025974,November-2025
Y58,RJ8,CORNWALL PARTNERSHIP NHS FOUNDATION TRUST,1396,5.35,November-2025
Y58,RK9,UNIVERSITY HOSPITALS PLYMOUTH NHS TRUST,98262,12.94653846153846,November-2025
Y58,RN3,GREAT WESTERN HOSPITALS NHS FOUNDATION TRUST,83606,13.75978647686833,November-2025
Y58,RNZ,SALISBURY NHS FOUNDATION TRUST,58374,11.7804757185332,November-2025
Y58,RTE,GLOUCESTERSHIRE HOSPITALS NHS FOUNDATION TRUST,126294,9.955428812843262,November-2025
Y58,RVJ,NORTH BRISTOL NHS TRUST,86624,11.30382775119617,November-2025
Y59,R1F,ISLE OF WIGHT NHS TRUST,28758,11.98026315789474,November-2025
Y59,RA2,ROYAL SURREY NHS FOUNDATION TRUST,58506,12.94457978075518,November-2025
Y59,RDR,SUSSEX COMMUNITY NHS FOUNDATION TRUST,27598,10.58023483365949,November-2025
Y59,RDU,FRIMLEY HEALTH NHS FOUNDATION TRUST,136414,14.89165497896213,November-2025
Y59,RHM,UNIVERSITY HOSPITAL SOUTHAMPTON NHS FOUNDATION TRUST,126798,12.89433617539586,November-2025
Y59,RHU,PORTSMOUTH HOSPITALS UNIVERSITY NHS TRUST,114996,13.68080185042406,November-2025
Y59,RHW,ROYAL BERKSHIRE NHS FOUNDATION TRUST,68348,9.34527518172378,November-2025
Y59,RN5,HAMPSHIRE HOSPITALS NHS FOUNDATION TRUST,100422,13.97138228941685,November-2025
Y59,RN7,DARTFORD AND GRAVESHAM NHS TRUST,63522,13.06778523489933,November-2025
Y59,RPA,MEDWAY NHS FOUNDATION TRUST,74208,15.50486486486487,November-2025
Y59,RPC,QUEEN VICTORIA HOSPITAL NHS FOUNDATION TRUST,40036,13.66600397614314,November-2025
Y59,RTH,OXFORD UNIVERSITY HOSPITALS NHS FOUNDATION TRUST,168116,13.41243275552899,November-2025
Y59,RTK,ASHFORD AND ST PETER'S HOSPITALS NHS FOUNDATION TRUST,103912,14.19677419354839,November-2025
Y59,RTP,SURREY AND SUSSEX HEALTHCARE NHS TRUST,91318,13.90079760717846,November-2025
Y59,RVV,EAST KENT HOSPITALS UNIVERSITY NHS FOUNDATION TRUST,153684,16.37909604519774,November-2025
Y59,RW1,HAMPSHIRE AND ISLE OF WIGHT HEALTHCARE NHS FOUNDATION TRUST,8960,6.421818181818182,November-2025
Y59,RWF,MAIDSTONE AND TUNBRIDGE WELLS NHS TRUST,99190,10.65096418732782,November-2025
Y59,RWX,BERKSHIRE HEALTHCARE NHS FOUNDATION TRUST,182,5.083333333333333,November-2025
Y59,RXC,EAST SUSSEX HEALTHCARE NHS TRUST,123300,12.18739989321943,November-2025
Y59,RXQ,BUCKINGHAMSHIRE HEALTHCARE NHS TRUST,96010,13.80878186968839,November-2025
Y59,RYR,UNIVERSITY HOSPITALS SUSSEX NHS FOUNDATION TRUST,231960,17.19612314709236,November-2025
Y59,RYY,KENT COMMUNITY HEALTH NHS FOUNDATION TRUST,8256,5.033670033670034,November-2025
Y60,R1A,HEREFORDSHIRE AND WORCESTERSHIRE HEALTH AND CARE NHS TRUST,164,7.666666666666667,November-2025
Y60,R1D,SHROPSHIRE COMMUNITY HEALTH NHS TRUST,15636,10.13207547169811,November-2025
Y60,RBK,WALSALL HEALTHCARE NHS TRUST,60816,10.49012567324955,November-2025
Y60,RFS,CHESTERFIELD ROYAL HOSPITAL NHS FOUNDATION TRUST,60318,15.76666666666667,November-2025
Y60,RJC,SOUTH WARWICKSHIRE UNIVERSITY NHS FOUNDATION TRUST,63352,11.5382323733863,November-2025
Y60,RJE,UNIVERSITY HOSPITALS OF NORTH MIDLANDS NHS TRUST,128690,12.28330658105939,November-2025
Y60,RK5,SHERWOOD FOREST HOSPITALS NHS FOUNDATION TRUST,72628,13.79886685552408,November-2025
Y60,RKB,UNIVERSITY HOSPITALS COVENTRY AND WARWICKSHIRE NHS TRUST,142276,15.31465517241379,November-2025
Y60,RL1,THE ROBERT JONES AND AGNES HUNT ORTHOPAEDIC HOSPITAL NHS FOUNDATION TRUST,33774,14.55700712589074,November-2025
Y60,RL4,THE ROYAL WOLVERHAMPTON NHS TRUST,153154,15.83706331877729,November-2025
Y60,RLQ,WYE VALLEY NHS TRUST,43826,12.26023890784983,November-2025
Y60,RLT,GEORGE ELIOT HOSPITAL NHS TRUST,39360,12.0718954248366,November-2025
Y60,RNA,THE DUDLEY GROUP NHS FOUNDATION TRUST,94360,12.02775574940523,November-2025
Y60,RNQ,KETTERING GENERAL HOSPITAL NHS FOUNDATION TRUST,50122,12.84019204389575,November-2025
Y60,RNS,NORTHAMPTON GENERAL HOSPITAL NHS TRUST,87152,14.28358208955224,November-2025
Y60,RP7,LINCOLNSHIRE PARTNERSHIP NHS FOUNDATION TRUST,66,7.833333333333333,November-2025
Y60,RQ3,BIRMINGHAM WOMEN'S AND CHILDREN'S NHS FOUNDATION TRUST,44718,14.6867816091954,November-2025
Y60,RRE,MIDLANDS PARTNERSHIP UNIVERSITY NHS FOUNDATION TRUST,14802,5.403881700554528,November-2025
Y60,RRJ,THE ROYAL ORTHOPAEDIC HOSPITAL NHS FOUNDATION TRUST,26392,13.0077519379845,November-2025
Y60,RRK,UNIVERSITY HOSPITALS BIRMINGHAM NHS FOUNDATION TRUST,190438,12.88819979886021,November-2025
Y60,RTG,UNIVERSITY HOSPITALS OF DERBY AND BURTON NHS FOUNDATION TRUST,192974,14.21589940323956,November-2025
Y60,RWD,UNITED LINCOLNSHIRE TEACHING HOSPITALS NHS TRUST,134942,16.32733585858586,November-2025
Y60,RWE,UNIVERSITY HOSPITALS OF LEICESTER NHS TRUST,218378,16.83526821457166,November-2025
Y60,RWP,WORCESTERSHIRE ACUTE HOSPITALS NHS TRUST,115100,14.56895193065406,November-2025
Y60,RX1,NOTTINGHAM UNIVERSITY HOSPITALS NHS TRUST,175900,14.95909926470588,November-2025
Y60,RXK,SANDWELL AND WEST BIRMINGHAM HOSPITALS NHS TRUST,135238,14.3702614379085,November-2025
Y60,RXW,THE SHREWSBURY AND TELFORD HOSPITAL NHS TRUST,67242,12.35842433697348,November-2025
Y60,RYW,BIRMINGHAM COMMUNITY HEALTHCARE NHS FOUNDATION TRUST,29724,11.29887218045113,November-2025
Y61,RAJ,MID AND SOUTH ESSEX NHS FOUNDATION TRUST,360472,18.38664596273292,November-2025
Y61,RC9,BEDFORDSHIRE HOSPITALS NHS FOUNDATION TRUST,172208,13.70883777239709,November-2025
Y61,RCX,"THE QUEEN ELIZABETH HOSPITAL, KING'S LYNN, NHS FOUNDATION TRUST",52614,15.42239858906526,November-2025
Y61,RD8,MILTON KEYNES UNIVERSITY HOSPITAL NHS FOUNDATION TRUST,70020,16.23427866831073,November-2025
Y61,RDE,EAST SUFFOLK AND NORTH ESSEX NHS FOUNDATION TRUST,186832,16.14762340036563,November-2025
Y61,RGM,ROYAL PAPWORTH HOSPITAL NHS FOUNDATION TRUST,11404,9.524229074889869,November-2025
Y61,RGN,NORTH WEST ANGLIA NHS FOUNDATION TRUST,158214,14.64027027027027,November-2025
Y61,RGP,JAMES PAGET UNIVERSITY HOSPITALS NHS FOUNDATION TRUST,67780,16.73660714285714,November-2025
Y61,RGR,WEST SUFFOLK NHS FOUNDATION TRUST,65860,12.71643394199785,November-2025
Y61,RGT,CAMBRIDGE UNIVERSITY HOSPITALS NHS FOUNDATION TRUST,128138,13.54155844155844,November-2025
Y61,RM1,NORFOLK AND NORWICH UNIVERSITY HOSPITALS NHS FOUNDATION TRUST,154130,15.63034441805226,November-2025
Y61,RQW,THE PRINCESS ALEXANDRA HOSPITAL NHS TRUST,82310,15.24469214437367,November-2025
Y61,RT1,CAMBRIDGESHIRE AND PETERBOROUGH NHS FOUNDATION TRUST,590,19.95454545454545,November-2025
Y61,RWG,WEST HERTFORDSHIRE TEACHING HOSPITALS NHS TRUST,93150,12.92232704402516,November-2025
Y61,RWH,EAST AND NORTH HERTFORDSHIRE TEACHING NHS TRUST,106366,11.67760942760943,November-2025
Y62,R0A,MANCHESTER UNIVERSITY NHS FOUNDATION TRUST,359302,16.0552203567681,November-2025
Y62,RBL,WIRRAL UNIVERSITY TEACHING HOSPITAL NHS FOUNDATION TRUST,96132,13.88514225500527,November-2025
Y62,RBN,MERSEY AND WEST LANCASHIRE TEACHING HOSPITALS NHS TRUST,149676,12.4138411518811,November-2025
Y62,RBQ,LIVERPOOL HEART AND CHEST HOSPITAL NHS FOUNDATION TRUST,9752,9.018779342723004,November-2025
Y62,RBS,ALDER HEY CHILDREN'S NHS FOUNDATION TRUST,33784,12.58512720156556,November-2025
Y62,RBT,MID CHESHIRE HOSPITALS NHS FOUNDATION TRUST,83778,15.92631058358061,November-2025
Y62,RBV,THE CHRISTIE NHS FOUNDATION TRUST,7050,4.338046272493573,November-2025
Y62,REM,LIVERPOOL UNIVERSITY HOSPITALS NHS FOUNDATION TRUST,127300,15.11164057181756,November-2025
Y62,REN,THE CLATTERBRIDGE CANCER CENTRE NHS FOUNDATION TRUST,1868,6.761904761904762,November-2025
Y62,REP,LIVERPOOL WOMEN'S NHS FOUNDATION TRUST,28406,18.65277777777778,November-2025
Y62,RET,THE WALTON CENTRE NHS FOUNDATION TRUST,28040,12.49591280653951,November-2025
Y62,RJN,EAST CHESHIRE NHS TRUST,38798,17.5,November-2025
Y62,RJR,COUNTESS OF CHESTER HOSPITAL NHS FOUNDATION TRUST,63494,16.54238618524333,November-2025
Y62,RM3,NORTHERN CARE ALLIANCE NHS FOUNDATION TRUST,275572,16.22858099062918,November-2025
Y62,RMC,BOLTON NHS FOUNDATION TRUST,74956,14.38502673796791,November-2025
Y62,RMP,TAMESIDE AND GLOSSOP INTEGRATED CARE NHS FOUNDATION TRUST,34018,9.956934306569343,November-2025
Y62,RRF,"WRIGHTINGTON, WIGAN AND LEIGH NHS FOUNDATION TRUST",94820,14.25252525252525,November-2025
Y62,RTX,UNIVERSITY HOSPITALS OF MORECAMBE BAY NHS FOUNDATION TRUST,67774,10.40139116202946,November-2025
Y62,RW4,MERSEY CARE NHS FOUNDATION TRUST,106,2.035714285714286,November-2025
Y62,RW5,LANCASHIRE & SOUTH CUMBRIA NHS FOUNDATION TRUST,6432,4.073770491803279,November-2025
Y62,RWJ,STOCKPORT NHS FOUNDATION TRUST,69294,14.89463840399002,November-2025
Y62,RWW,WARRINGTON AND HALTON TEACHING HOSPITALS NHS FOUNDATION TRUST,65178,13.87029569892473,November-2025
Y62,RXL,BLACKPOOL TEACHING HOSPITALS NHS FOUNDATION TRUST,86584,15.79454722492697,November-2025
Y62,RXN,LANCASHIRE TEACHING HOSPITALS NHS FOUNDATION TRUST,128756,16.31287878787879,November-2025
Y62,RXR,EAST LANCASHIRE HOSPITALS NHS TRUST,104626,12.60158201498751,November-2025
Y63,R0B,SOUTH TYNESIDE AND SUNDERLAND NHS FOUNDATION TRUST,115300,8.96329913180742,November-2025
Y63,RAE,BRADFORD TEACHING HOSPITALS NHS FOUNDATION TRUST,63664,12.22091886608016,November-2025
Y63,RCB,YORK AND SCARBOROUGH TEACHING HOSPITALS NHS FOUNDATION TRUST,115532,15.49189570119803,November-2025
Y63,RCD,HARROGATE AND DISTRICT NHS FOUNDATION TRUST,38442,9.580346106304079,November-2025
Y63,RCF,AIREDALE NHS FOUNDATION TRUST,28250,9.926424050632912,November-2025
Y63,RCU,SHEFFIELD CHILDREN'S NHS FOUNDATION TRUST,22752,10.87192118226601,November-2025
Y63,RFF,BARNSLEY HOSPITAL NHS FOUNDATION TRUST,48478,11.70286085825748,November-2025
Y63,RFR,THE ROTHERHAM NHS FOUNDATION TRUST,62246,11.95151199165798,November-2025
Y63,RJL,NORTHERN LINCOLNSHIRE AND GOOLE NHS FOUNDATION TRUST,78592,13.54593874833555,November-2025
Y63,RNN,NORTH CUMBRIA INTEGRATED CARE NHS FOUNDATION TRUST,77694,15.58935128518972,November-2025
Y63,RP5,DONCASTER AND BASSETLAW TEACHING HOSPITALS NHS FOUNDATION TRUST,108330,13.43388791593695,November-2025
Y63,RR7,GATESHEAD HEALTH NHS FOUNDATION TRUST,25510,10.50612745098039,November-2025
Y63,RR8,LEEDS TEACHING HOSPITALS NHS TRUST,174158,10.89971977582066,November-2025
Y63,RTD,THE NEWCASTLE UPON TYNE HOSPITALS NHS FOUNDATION TRUST,172930,9.945600756859035,November-2025
Y63,RTF,NORTHUMBRIA HEALTHCARE NHS FOUNDATION TRUST,69872,9.2890625,November-2025
Y63,RTR,SOUTH TEES HOSPITALS NHS FOUNDATION TRUST,112018,12.89170225747407,November-2025
Y63,RVW,NORTH TEES AND HARTLEPOOL NHS FOUNDATION TRUST,43982,9.529207232267037,November-2025
Y63,RWA,HULL UNIVERSITY TEACHING HOSPITALS NHS TRUST,161580,15.2828947368421,November-2025
Y63,RWY,CALDERDALE AND HUDDERSFIELD NHS FOUNDATION TRUST,72402,9.748183139534884,November-2025
Y63,RX4,"CUMBRIA, NORTHUMBERLAND, TYNE AND WEAR NHS FOUNDATION TRUST",316,5.307692307692307,November-2025
Y63,RXF,MID YORKSHIRE TEACHING NHS TRUST,112364,12.81013431013431,November-2025
Y63,RXG,SOUTH WEST YORKSHIRE PARTNERSHIP NHS FOUNDATION TRUST,9232,5.765171503957784,November-2025
Y63,RXP,COUNTY DURHAM AND DARLINGTON NHS FOUNDATION TRUST,81670,11.06708945260347,November-2025
Y63,TAD,BRADFORD DISTRICT CARE NHS FOUNDATION TRUST,1230,10.21875,November-2025
Y56,R1H,BARTS HEALTH NHS TRUST,264780,15.20264175257732,December-2025
Y56,R1K,LONDON NORTH WEST UNIVERSITY HEALTHCARE NHS TRUST,165430,14.28037587412587,December-2025
Y56,RAL,ROYAL FREE LONDON NHS FOUNDATION TRUST,277266,14.41535326086957,December-2025
Y56,RAN,ROYAL NATIONAL ORTHOPAEDIC HOSPITAL NHS TRUST,19078,11.30176767676768,December-2025
Y56,RAS,THE HILLINGDON HOSPITALS NHS FOUNDATION TRUST,68674,14.1741214057508,December-2025
Y56,RAX,KINGSTON AND RICHMOND NHS FOUNDATION TRUST,90950,14.17245042492918,December-2025
Y56,RF4,"BARKING, HAVERING AND REDBRIDGE UNIVERSITY HOSPITALS NHS TRUST",137826,12.06914184081814,December-2025
Y56,RJ1,GUY'S AND ST THOMAS' NHS FOUNDATION TRUST,216608,11.79418162044589,December-2025
Y56,RJ2,LEWISHAM AND GREENWICH NHS TRUST,111838,13.49911556603774,December-2025
Y56,RJ6,CROYDON HEALTH SERVICES NHS TRUST,72014,12.6309980806142,December-2025
Y56,RJ7,ST GEORGE'S UNIVERSITY HOSPITALS NHS FOUNDATION TRUST,137306,13.80672926447574,December-2025
Y56,RJZ,KING'S COLLEGE HOSPITAL NHS FOUNDATION TRUST,176016,12.90902964959569,December-2025
Y56,RKE,WHITTINGTON HEALTH NHS TRUST,57566,14.20804911323329,December-2025
Y56,RP4,GREAT ORMOND STREET HOSPITAL FOR CHILDREN NHS FOUNDATION TRUST,16104,10.76557863501484,December-2025
Y56,RP6,MOORFIELDS EYE HOSPITAL NHS FOUNDATION TRUST,69584,8.173264486517498,December-2025
Y56,RPG,OXLEAS NHS FOUNDATION TRUST,4020,11.15492957746479,December-2025
Y56,RPY,THE ROYAL MARSDEN NHS FOUNDATION TRUST,3738,4.858552631578947,December-2025
Y56,RQM,CHELSEA AND WESTMINSTER HOSPITAL NHS FOUNDATION TRUST,146722,14.1622399291722,December-2025
Y56,RQX,HOMERTON HEALTHCARE NHS FOUNDATION TRUST,49828,10.30657894736842,December-2025
Y56,RRV,UNIVERSITY COLLEGE LONDON HOSPITALS NHS FOUNDATION TRUST,148766,13.99772727272727,December-2025
Y56,RVR,EPSOM AND ST HELIER UNIVERSITY HOSPITALS NHS TRUST,117430,13.9997084548105,December-2025
Y56,RYJ,IMPERIAL COLLEGE HEALTHCARE NHS TRUST,179436,12.90133607399794,December-2025
Y58,R0D,UNIVERSITY HOSPITALS DORSET NHS FOUNDATION TRUST,126624,13.24372146118722,December-2025
Y58,RA7,UNIVERSITY HOSPITALS BRISTOL AND WESTON NHS FOUNDATION TRUST,100802,11.58277130594727,December-2025
Y58,RA9,TORBAY AND SOUTH DEVON NHS FOUNDATION TRUST,65632,10.96414342629482,December-2025
Y58,RBD,DORSET COUNTY HOSPITAL NHS FOUNDATION TRUST,41668,13.5419734904271,December-2025
Y58,RD1,ROYAL UNITED HOSPITALS BATH NHS FOUNDATION TRUST,80220,13.26210350584307,December-2025
Y58,REF,ROYAL CORNWALL HOSPITALS NHS TRUST,82374,9.46989966555184,December-2025
Y58,RH5,SOMERSET NHS FOUNDATION TRUST,107536,13.16397675919948,December-2025
Y58,RH8,ROYAL DEVON UNIVERSITY HEALTHCARE NHS FOUNDATION TRUST,144646,13.28783592644979,December-2025
Y58,RJ8,CORNWALL PARTNERSHIP NHS FOUNDATION TRUST,1326,6.821428571428571,December-2025
Y58,RK9,UNIVERSITY HOSPITALS PLYMOUTH NHS TRUST,96226,13.38924302788845,December-2025
Y58,RN3,GREAT WESTERN HOSPITALS NHS FOUNDATION TRUST,85646,14.21639202081526,December-2025
Y58,RNZ,SALISBURY NHS FOUNDATION TRUST,57878,12.02446619217082,December-2025
Y58,RTE,GLOUCESTERSHIRE HOSPITALS NHS FOUNDATION TRUST,124314,10.16015104398045,December-2025
Y58,RVJ,NORTH BRISTOL NHS TRUST,85622,11.64107142857143,December-2025
Y59,R1F,ISLE OF WIGHT NHS TRUST,28272,12.95813953488372,December-2025
Y59,RA2,ROYAL SURREY NHS FOUNDATION TRUST,58970,13.65337423312883,December-2025
Y59,RDR,SUSSEX COMMUNITY NHS FOUNDATION TRUST,27986,11.65408163265306,December-2025
Y59,RDU,FRIMLEY HEALTH NHS FOUNDATION TRUST,134710,15.50742741390952,December-2025
Y59,RHM,UNIVERSITY HOSPITAL SOUTHAMPTON NHS FOUNDATION TRUST,127020,13.38457207207207,December-2025
Y59,RHU,PORTSMOUTH HOSPITALS UNIVERSITY NHS TRUST,113642,14.58177044261065,December-2025
Y59,RHW,ROYAL BERKSHIRE NHS FOUNDATION TRUST,68472,9.894361633182113,December-2025
Y59,RN5,HAMPSHIRE HOSPITALS NHS FOUNDATION TRUST,100942,14.33687943262411,December-2025
Y59,RN7,DARTFORD AND GRAVESHAM NHS TRUST,63550,13.89712643678161,December-2025
Y59,RPA,MEDWAY NHS FOUNDATION TRUST,73836,15.24973544973545,December-2025
Y59,RPC,QUEEN VICTORIA HOSPITAL NHS FOUNDATION TRUST,40354,14.29464285714286,December-2025
Y59,RTH,OXFORD UNIVERSITY HOSPITALS NHS FOUNDATION TRUST,167350,13.94369063772049,December-2025
Y59,RTK,ASHFORD AND ST PETER'S HOSPITALS NHS FOUNDATION TRUST,102614,14.50106534090909,December-2025
Y59,RTP,SURREY AND SUSSEX HEALTHCARE NHS TRUST,93722,13.68981481481481,December-2025
Y59,RVV,EAST KENT HOSPITALS UNIVERSITY NHS FOUNDATION TRUST,151896,17.21291448516579,December-2025
Y59,RW1,HAMPSHIRE AND ISLE OF WIGHT HEALTHCARE NHS FOUNDATION TRUST,8334,7.049407114624506,December-2025
Y59,RWF,MAIDSTONE AND TUNBRIDGE WELLS NHS TRUST,98882,11.35207756232687,December-2025
Y59,RWX,BERKSHIRE HEALTHCARE NHS FOUNDATION TRUST,214,5.875,December-2025
Y59,RXC,EAST SUSSEX HEALTHCARE NHS TRUST,122700,12.59392987964416,December-2025
Y59,RXQ,BUCKINGHAMSHIRE HEALTHCARE NHS TRUST,94840,14.57,December-2025
Y59,RYR,UNIVERSITY HOSPITALS SUSSEX NHS FOUNDATION TRUST,232604,17.40413111809609,December-2025
Y59,RYY,KENT COMMUNITY HEALTH NHS FOUNDATION TRUST,8002,5.815035799522673,December-2025
Y60,R1A,HEREFORDSHIRE AND WORCESTERSHIRE HEALTH AND CARE NHS TRUST,142,10.46428571428571,December-2025
Y60,R1D,SHROPSHIRE COMMUNITY HEALTH NHS TRUST,15150,10.75552486187845,December-2025
Y60,RBK,WALSALL HEALTHCARE NHS TRUST,60590,11.06536926147705,December-2025
Y60,RFS,CHESTERFIELD ROYAL HOSPITAL NHS FOUNDATION TRUST,57682,16.15829145728643,December-2025
Y60,RJC,SOUTH WARWICKSHIRE UNIVERSITY NHS FOUNDATION TRUST,61776,11.87422680412371,December-2025
Y60,RJE,UNIVERSITY HOSPITALS OF NORTH MIDLANDS NHS TRUST,129180,13.2,December-2025
Y60,RK5,SHERWOOD FOREST HOSPITALS NHS FOUNDATION TRUST,71950,14.3104674796748,December-2025
Y60,RKB,UNIVERSITY HOSPITALS COVENTRY AND WARWICKSHIRE NHS TRUST,139434,15.44359654943597,December-2025
Y60,RL1,THE ROBERT JONES AND AGNES HUNT ORTHOPAEDIC HOSPITAL NHS FOUNDATION TRUST,32976,16.00563909774436,December-2025
Y60,RL4,THE ROYAL WOLVERHAMPTON NHS TRUST,151128,16.29876796714579,December-2025
Y60,RLQ,WYE VALLEY NHS TRUST,43506,12.68788343558282,December-2025
Y60,RLT,GEORGE ELIOT HOSPITAL NHS TRUST,39394,12.64636075949367,December-2025
Y60,RNA,THE DUDLEY GROUP NHS FOUNDATION TRUST,93762,13.09707646176911,December-2025
Y60,RNQ,KETTERING GENERAL HOSPITAL NHS FOUNDATION TRUST,51490,13.05483490566038,December-2025
Y60,RNS,NORTHAMPTON GENERAL HOSPITAL NHS TRUST,86670,14.96687158469945,December-2025
Y60,RP7,LINCOLNSHIRE PARTNERSHIP NHS FOUNDATION TRUST,72,5.5,December-2025
Y60,RQ3,BIRMINGHAM WOMEN'S AND CHILDREN'S NHS FOUNDATION TRUST,44328,14.50946372239748,December-2025
Y60,RRE,MIDLANDS PARTNERSHIP UNIVERSITY NHS FOUNDATION TRUST,15952,5.232175502742231,December-2025
Y60,RRJ,THE ROYAL ORTHOPAEDIC HOSPITAL NHS FOUNDATION TRUST,26354,13.58118556701031,December-2025
Y60,RRK,UNIVERSITY HOSPITALS BIRMINGHAM NHS FOUNDATION TRUST,189824,13.50817236255572,December-2025
Y60,RTG,UNIVERSITY HOSPITALS OF DERBY AND BURTON NHS FOUNDATION TRUST,193648,14.62663495838288,December-2025
Y60,RWD,UNITED LINCOLNSHIRE TEACHING HOSPITALS NHS TRUST,133720,16.25876354365838,December-2025
Y60,RWE,UNIVERSITY HOSPITALS OF LEICESTER NHS TRUST,215516,17.08365019011407,December-2025
Y60,RWP,WORCESTERSHIRE ACUTE HOSPITALS NHS TRUST,114908,14.64022485946284,December-2025
Y60,RX1,NOTTINGHAM UNIVERSITY HOSPITALS NHS TRUST,190038,15.4642154935116,December-2025
Y60,RXK,SANDWELL AND WEST BIRMINGHAM HOSPITALS NHS TRUST,131450,14.69327282434597,December-2025
Y60,RXW,THE SHREWSBURY AND TELFORD HOSPITAL NHS TRUST,65580,13.38671519563239,December-2025
Y60,RYW,BIRMINGHAM COMMUNITY HEALTHCARE NHS FOUNDATION TRUST,29832,11.23234200743494,December-2025
Y61,RAJ,MID AND SOUTH ESSEX NHS FOUNDATION TRUST,358096,19.2016933776837,December-2025
Y61,RC9,BEDFORDSHIRE HOSPITALS NHS FOUNDATION TRUST,170818,13.98192258613356,December-2025
Y61,RCX,"THE QUEEN ELIZABETH HOSPITAL, KING'S LYNN, NHS FOUNDATION TRUST",52562,16.15192926045016,December-2025
Y61,RD8,MILTON KEYNES UNIVERSITY HOSPITAL NHS FOUNDATION TRUST,70040,15.84785133565621,December-2025
Y61,RDE,EAST SUFFOLK AND NORTH ESSEX NHS FOUNDATION TRUST,185406,16.30834092980857,December-2025
Y61,RGM,ROYAL PAPWORTH HOSPITAL NHS FOUNDATION TRUST,11046,10.12025316455696,December-2025
Y61,RGN,NORTH WEST ANGLIA NHS FOUNDATION TRUST,157732,14.68614609571788,December-2025
Y61,RGP,JAMES PAGET UNIVERSITY HOSPITALS NHS FOUNDATION TRUST,67860,16.64503311258278,December-2025
Y61,RGR,WEST SUFFOLK NHS FOUNDATION TRUST,65082,13.11643835616438,December-2025
Y61,RGT,CAMBRIDGE UNIVERSITY HOSPITALS NHS FOUNDATION TRUST,128564,13.79480840543881,December-2025
Y61,RM1,NORFOLK AND NORWICH UNIVERSITY HOSPITALS NHS FOUNDATION TRUST,152602,15.65682967959528,December-2025
Y61,RQW,THE PRINCESS ALEXANDRA HOSPITAL NHS TRUST,80012,15.28986866791745,December-2025
Y61,RT1,CAMBRIDGESHIRE AND PETERBOROUGH NHS FOUNDATION TRUST,602,22.83333333333333,December-2025
Y61,RWG,WEST HERTFORDSHIRE TEACHING HOSPITALS NHS TRUST,91540,13.57245901639344,December-2025
Y61,RWH,EAST AND NORTH HERTFORDSHIRE TEACHING NHS TRUST,107222,11.92434823091248,December-2025
Y62,R0A,MANCHESTER UNIVERSITY NHS FOUNDATION TRUST,356186,15.42203999101326,December-2025
Y62,RBL,WIRRAL UNIVERSITY TEACHING HOSPITAL NHS FOUNDATION TRUST,94250,13.970700152207,December-2025
Y62,RBN,MERSEY AND WEST LANCASHIRE TEACHING HOSPITALS NHS TRUST,147560,12.7351164797239,December-2025
Y62,RBQ,LIVERPOOL HEART AND CHEST HOSPITAL NHS FOUNDATION TRUST,9818,8.900442477876107,December-2025
Y62,RBS,ALDER HEY CHILDREN'S NHS FOUNDATION TRUST,33446,13.44302554027505,December-2025
Y62,RBT,MID CHESHIRE HOSPITALS NHS FOUNDATION TRUST,79140,16.21274298056155,December-2025
Y62,RBV,THE CHRISTIE NHS FOUNDATION TRUST,6532,4.08125,December-2025
Y62,REM,LIVERPOOL UNIVERSITY HOSPITALS NHS FOUNDATION TRUST,126012,15.70942912123156,December-2025
Y62,REN,THE CLATTERBRIDGE CANCER CENTRE NHS FOUNDATION TRUST,1720,7.148648648648648,December-2025
Y62,REP,LIVERPOOL WOMEN'S NHS FOUNDATION TRUST,28258,18.17875647668394,December-2025
Y62,RET,THE WALTON CENTRE NHS FOUNDATION TRUST,27752,12.80184331797235,December-2025
Y62,RJN,EAST CHESHIRE NHS TRUST,38302,19.61831275720165,December-2025
Y62,RJR,COUNTESS OF CHESTER HOSPITAL NHS FOUNDATION TRUST,61316,16.19133034379671,December-2025
Y62,RM3,NORTHERN CARE ALLIANCE NHS FOUNDATION TRUST,270708,16.65207030086387,December-2025
Y62,RMC,BOLTON NHS FOUNDATION TRUST,75064,14.93482688391039,December-2025
Y62,RMP,TAMESIDE AND GLOSSOP INTEGRATED CARE NHS FOUNDATION TRUST,33616,10.80483870967742,December-2025
Y62,RRF,"WRIGHTINGTON, WIGAN AND LEIGH NHS FOUNDATION TRUST",92900,14.68598615916955,December-2025
Y62,RTX,UNIVERSITY HOSPITALS OF MORECAMBE BAY NHS FOUNDATION TRUST,70736,11.16999132697311,December-2025
Y62,RW4,MERSEY CARE NHS FOUNDATION TRUST,80,2.142857142857143,December-2025
Y62,RW5,LANCASHIRE & SOUTH CUMBRIA NHS FOUNDATION TRUST,6900,5.388888888888889,December-2025
Y62,RWJ,STOCKPORT NHS FOUNDATION TRUST,69112,14.44383259911894,December-2025
Y62,RWW,WARRINGTON AND HALTON TEACHING HOSPITALS NHS FOUNDATION TRUST,66334,13.70955483170467,December-2025
Y62,RXL,BLACKPOOL TEACHING HOSPITALS NHS FOUNDATION TRUST,85036,15.34941912421805,December-2025
Y62,RXN,LANCASHIRE TEACHING HOSPITALS NHS FOUNDATION TRUST,128070,16.71006944444444,December-2025
Y62,RXR,EAST LANCASHIRE HOSPITALS NHS TRUST,105340,12.29098966026588,December-2025
Y63,R0B,SOUTH TYNESIDE AND SUNDERLAND NHS FOUNDATION TRUST,115090,9.6426296633303,December-2025
Y63,RAE,BRADFORD TEACHING HOSPITALS NHS FOUNDATION TRUST,63864,12.6518668012109,December-2025
Y63,RCB,YORK AND SCARBOROUGH TEACHING HOSPITALS NHS FOUNDATION TRUST,115938,15.62490815576782,December-2025
Y63,RCD,HARROGATE AND DISTRICT NHS FOUNDATION TRUST,37754,10.2350069735007,December-2025
Y63,RCF,AIREDALE NHS FOUNDATION TRUST,28672,10.27066115702479,December-2025
Y63,RCU,SHEFFIELD CHILDREN'S NHS FOUNDATION TRUST,23292,10.80056179775281,December-2025
Y63,RFF,BARNSLEY HOSPITAL NHS FOUNDATION TRUST,45918,12.63892709766162,December-2025
Y63,RFR,THE ROTHERHAM NHS FOUNDATION TRUST,60562,12.51429980276134,December-2025
Y63,RJL,NORTHERN LINCOLNSHIRE AND GOOLE NHS FOUNDATION TRUST,78588,14.07014028056112,December-2025
Y63,RNN,NORTH CUMBRIA INTEGRATED CARE NHS FOUNDATION TRUST,77800,15.48559231590181,December-2025
Y63,RP5,DONCASTER AND BASSETLAW TEACHING HOSPITALS NHS FOUNDATION TRUST,106534,13.70208655332303,December-2025
Y63,RR7,GATESHEAD HEALTH NHS FOUNDATION TRUST,25042,11.06395348837209,December-2025
Y63,RR8,LEEDS TEACHING HOSPITALS NHS TRUST,171914,11.48086303939962,December-2025
Y63,RTD,THE NEWCASTLE UPON TYNE HOSPITALS NHS FOUNDATION TRUST,170840,10.64645799011532,December-2025
Y63,RTF,NORTHUMBRIA HEALTHCARE NHS FOUNDATION TRUST,70590,9.85501269035533,December-2025
Y63,RTR,SOUTH TEES HOSPITALS NHS FOUNDATION TRUST,111172,13.3787969029184,December-2025
Y63,RVW,NORTH TEES AND HARTLEPOOL NHS FOUNDATION TRUST,44118,10.65397727272727,December-2025
Y63,RWA,HULL UNIVERSITY TEACHING HOSPITALS NHS TRUST,163286,15.51309034907598,December-2025
Y63,RWY,CALDERDALE AND HUDDERSFIELD NHS FOUNDATION TRUST,70536,10.15612382234186,December-2025
Y63,RX4,"CUMBRIA, NORTHUMBERLAND, TYNE AND WEAR NHS FOUNDATION TRUST",348,5.111111111111111,December-2025
Y63,RXF,MID YORKSHIRE TEACHING NHS TRUST,111330,13.29880873593647,December-2025
Y63,RXG,SOUTH WEST YORKSHIRE PARTNERSHIP NHS FOUNDATION TRUST,8792,5.948228882833788,December-2025
Y63,RXP,COUNTY DURHAM AND DARLINGTON NHS FOUNDATION TRUST,82864,11.96541074737492,December-2025
Y63,TAD,BRADFORD DISTRICT CARE NHS FOUNDATION TRUST,1308,9.85,December-2025
Y56,R1H,BARTS HEALTH NHS TRUST,264020,15.2470051340559,January-2026
Y56,R1K,LONDON NORTH WEST UNIVERSITY HEALTHCARE NHS TRUST,165620,14.42749901224812,January-2026
Y56,RAL,ROYAL FREE LONDON NHS FOUNDATION TRUST,280320,14.46033402922756,January-2026
Y56,RAN,ROYAL NATIONAL ORTHOPAEDIC HOSPITAL NHS TRUST,18284,11.59938837920489,January-2026
Y56,RAS,THE HILLINGDON HOSPITALS NHS FOUNDATION TRUST,66902,14.01019313304721,January-2026
Y56,RAX,KINGSTON AND RICHMOND NHS FOUNDATION TRUST,89892,15.0300395256917,January-2026
Y56,RF4,"BARKING, HAVERING AND REDBRIDGE UNIVERSITY HOSPITALS NHS TRUST",138668,12.94636251541307,January-2026
Y56,RJ1,GUY'S AND ST THOMAS' NHS FOUNDATION TRUST,215182,11.97662238119571,January-2026
Y56,RJ2,LEWISHAM AND GREENWICH NHS TRUST,112734,13.5894578313253,January-2026
Y56,RJ6,CROYDON HEALTH SERVICES NHS TRUST,72470,12.54058908045977,January-2026
Y56,RJ7,ST GEORGE'S UNIVERSITY HOSPITALS NHS FOUNDATION TRUST,136068,13.82060864922584,January-2026
Y56,RJZ,KING'S COLLEGE HOSPITAL NHS FOUNDATION TRUST,167862,13.25420599097251,January-2026
Y56,RKE,WHITTINGTON HEALTH NHS TRUST,55842,14.81135531135531,January-2026
Y56,RP4,GREAT ORMOND STREET HOSPITAL FOR CHILDREN NHS FOUNDATION TRUST,16500,10.42767295597484,January-2026
Y56,RP6,MOORFIELDS EYE HOSPITAL NHS FOUNDATION TRUST,68220,8.547449259462425,January-2026
Y56,RPG,OXLEAS NHS FOUNDATION TRUST,5326,19.43103448275862,January-2026
Y56,RPY,THE ROYAL MARSDEN NHS FOUNDATION TRUST,3814,3.633333333333333,January-2026
Y56,RQM,CHELSEA AND WESTMINSTER HOSPITAL NHS FOUNDATION TRUST,148214,14.13206307490145,January-2026
Y56,RQX,HOMERTON HEALTHCARE NHS FOUNDATION TRUST,48948,9.698614318706698,January-2026
Y56,RRV,UNIVERSITY COLLEGE LONDON HOSPITALS NHS FOUNDATION TRUST,151358,13.74327689243028,January-2026
Y56,RVR,EPSOM AND ST HELIER UNIVERSITY HOSPITALS NHS TRUST,120118,13.56949685534591,January-2026
Y56,RYJ,IMPERIAL COLLEGE HEALTHCARE NHS TRUST,176676,12.90512465373961,January-2026
Y58,R0D,UNIVERSITY HOSPITALS DORSET NHS FOUNDATION TRUST,131868,12.72574055158325,January-2026
Y58,RA7,UNIVERSITY HOSPITALS BRISTOL AND WESTON NHS FOUNDATION TRUST,100376,11.9261744966443,January-2026
Y58,RA9,TORBAY AND SOUTH DEVON NHS FOUNDATION TRUST,66102,11.23876953125,January-2026
Y58,RBD,DORSET COUNTY HOSPITAL NHS FOUNDATION TRUST,42410,13.6412037037037,January-2026
Y58,RD1,ROYAL UNITED HOSPITALS BATH NHS FOUNDATION TRUST,80266,13.26473063973064,January-2026
Y58,REF,ROYAL CORNWALL HOSPITALS NHS TRUST,81832,9.799083769633508,January-2026
Y58,RH5,SOMERSET NHS FOUNDATION TRUST,106256,13.49755757152826,January-2026
Y58,RH8,ROYAL DEVON UNIVERSITY HEALTHCARE NHS FOUNDATION TRUST,146338,13.38560606060606,January-2026
Y58,RJ8,CORNWALL PARTNERSHIP NHS FOUNDATION TRUST,1328,7.517857142857143,January-2026
Y58,RK9,UNIVERSITY HOSPITALS PLYMOUTH NHS TRUST,95886,13.38119590873328,January-2026
Y58,RN3,GREAT WESTERN HOSPITALS NHS FOUNDATION TRUST,87880,15.03761242845462,January-2026
Y58,RNZ,SALISBURY NHS FOUNDATION TRUST,58680,12.26420454545454,January-2026
Y58,RTE,GLOUCESTERSHIRE HOSPITALS NHS FOUNDATION TRUST,125724,10.37592698231603,January-2026
Y58,RVJ,NORTH BRISTOL NHS TRUST,83878,11.88293943870015,January-2026
Y59,R1F,ISLE OF WIGHT NHS TRUST,27726,13.70720720720721,January-2026
Y59,RA2,ROYAL SURREY NHS FOUNDATION TRUST,59136,13.76951672862454,January-2026
Y59,RDR,SUSSEX COMMUNITY NHS FOUNDATION TRUST,28820,13.44398340248963,January-2026
Y59,RDU,FRIMLEY HEALTH NHS FOUNDATION TRUST,133650,15.30030864197531,January-2026
Y59,RHM,UNIVERSITY HOSPITAL SOUTHAMPTON NHS FOUNDATION TRUST,125340,13.64509803921569,January-2026
Y59,RHU,PORTSMOUTH HOSPITALS UNIVERSITY NHS TRUST,113522,14.9135231316726,January-2026
Y59,RHW,ROYAL BERKSHIRE NHS FOUNDATION TRUST,69120,10.09983896940419,January-2026
Y59,RN5,HAMPSHIRE HOSPITALS NHS FOUNDATION TRUST,101504,14.75176194205168,January-2026
Y59,RN7,DARTFORD AND GRAVESHAM NHS TRUST,61772,14.56548223350254,January-2026
Y59,RPA,MEDWAY NHS FOUNDATION TRUST,70634,14.98309426229508,January-2026
Y59,RPC,QUEEN VICTORIA HOSPITAL NHS FOUNDATION TRUST,39812,14.81715210355987,January-2026
Y59,RTH,OXFORD UNIVERSITY HOSPITALS NHS FOUNDATION TRUST,170020,14.16803811173668,January-2026
Y59,RTK,ASHFORD AND ST PETER'S HOSPITALS NHS FOUNDATION TRUST,101232,14.64614243323442,January-2026
Y59,RTP,SURREY AND SUSSEX HEALTHCARE NHS TRUST,93546,13.29258443465492,January-2026
Y59,RVV,EAST KENT HOSPITALS UNIVERSITY NHS FOUNDATION TRUST,150386,17.46252036936448,January-2026
Y59,RW1,HAMPSHIRE AND ISLE OF WIGHT HEALTHCARE NHS FOUNDATION TRUST,8340,7.212355212355212,January-2026
Y59,RWF,MAIDSTONE AND TUNBRIDGE WELLS NHS TRUST,99046,11.37442791762014,January-2026
Y59,RWX,BERKSHIRE HEALTHCARE NHS FOUNDATION TRUST,204,7.5,January-2026
Y59,RXC,EAST SUSSEX HEALTHCARE NHS TRUST,119432,13.1873576309795,January-2026
Y59,RXQ,BUCKINGHAMSHIRE HEALTHCARE NHS TRUST,94020,14.1614539306847,January-2026
Y59,RYR,UNIVERSITY HOSPITALS SUSSEX NHS FOUNDATION TRUST,232356,17.70384764865915,January-2026
Y59,RYY,KENT COMMUNITY HEALTH NHS FOUNDATION TRUST,7920,6.339943342776204,January-2026
Y60,R1A,HEREFORDSHIRE AND WORCESTERSHIRE HEALTH AND CARE NHS TRUST,106,13.25,January-2026
Y60,R1D,SHROPSHIRE COMMUNITY HEALTH NHS TRUST,15196,10.55874673629243,January-2026
Y60,RBK,WALSALL HEALTHCARE NHS TRUST,59142,11.64108251996451,January-2026
Y60,RFS,CHESTERFIELD ROYAL HOSPITAL NHS FOUNDATION TRUST,56584,16.31375579598145,January-2026
Y60,RJC,SOUTH WARWICKSHIRE UNIVERSITY NHS FOUNDATION TRUST,60658,11.89840823970037,January-2026
Y60,RJE,UNIVERSITY HOSPITALS OF NORTH MIDLANDS NHS TRUST,130750,13.37396204033215,January-2026
Y60,RK5,SHERWOOD FOREST HOSPITALS NHS FOUNDATION TRUST,71342,14.31044957472661,January-2026
Y60,RKB,UNIVERSITY HOSPITALS COVENTRY AND WARWICKSHIRE NHS TRUST,139396,15.45674157303371,January-2026
Y60,RL1,THE ROBERT JONES AND AGNES HUNT ORTHOPAEDIC HOSPITAL NHS FOUNDATION TRUST,32894,16.05790960451978,January-2026
Y60,RL4,THE ROYAL WOLVERHAMPTON NHS TRUST,157658,15.52681618722574,January-2026
Y60,RLQ,WYE VALLEY NHS TRUST,42846,12.51071428571429,January-2026
Y60,RLT,GEORGE ELIOT HOSPITAL NHS TRUST,40574,12.93298969072165,January-2026
Y60,RNA,THE DUDLEY GROUP NHS FOUNDATION TRUST,93354,13.68446601941748,January-2026
Y60,RNQ,KETTERING GENERAL HOSPITAL NHS FOUNDATION TRUST,49178,13.73066485753053,January-2026
Y60,RNS,NORTHAMPTON GENERAL HOSPITAL NHS TRUST,85556,14.78235779060181,January-2026
Y60,RP7,LINCOLNSHIRE PARTNERSHIP NHS FOUNDATION TRUST,36,3.0,January-2026
Y60,RQ3,BIRMINGHAM WOMEN'S AND CHILDREN'S NHS FOUNDATION TRUST,42544,15.05124450951684,January-2026
Y60,RRE,MIDLANDS PARTNERSHIP UNIVERSITY NHS FOUNDATION TRUST,16582,3.858547655068079,January-2026
Y60,RRJ,THE ROYAL ORTHOPAEDIC HOSPITAL NHS FOUNDATION TRUST,25978,13.93080939947781,January-2026
Y60,RRK,UNIVERSITY HOSPITALS BIRMINGHAM NHS FOUNDATION TRUST,186170,13.64052651093808,January-2026
Y60,RTG,UNIVERSITY HOSPITALS OF DERBY AND BURTON NHS FOUNDATION TRUST,195356,15.18704512372635,January-2026
Y60,RWD,UNITED LINCOLNSHIRE TEACHING HOSPITALS NHS TRUST,134720,16.38990017615972,January-2026
Y60,RWE,UNIVERSITY HOSPITALS OF LEICESTER NHS TRUST,211618,17.33238958097395,January-2026
Y60,RWP,WORCESTERSHIRE ACUTE HOSPITALS NHS TRUST,112638,15.10556687033266,January-2026
Y60,RX1,NOTTINGHAM UNIVERSITY HOSPITALS NHS TRUST,185564,16.11465948441708,January-2026
Y60,RXK,SANDWELL AND WEST BIRMINGHAM HOSPITALS NHS TRUST,128472,15.65184436584133,January-2026
Y60,RXW,THE SHREWSBURY AND TELFORD HOSPITAL NHS TRUST,67274,13.87037037037037,January-2026
Y60,RYW,BIRMINGHAM COMMUNITY HEALTHCARE NHS FOUNDATION TRUST,30718,11.32924528301887,January-2026
Y61,RAJ,MID AND SOUTH ESSEX NHS FOUNDATION TRUST,353080,18.44041313559322,January-2026
Y61,RC9,BEDFORDSHIRE HOSPITALS NHS FOUNDATION TRUST,172414,14.00061450225317,January-2026
Y61,RCX,"THE QUEEN ELIZABETH HOSPITAL, KING'S LYNN, NHS FOUNDATION TRUST",52288,16.45042492917847,January-2026
Y61,RD8,MILTON KEYNES UNIVERSITY HOSPITAL NHS FOUNDATION TRUST,69502,15.42467948717949,January-2026
Y61,RDE,EAST SUFFOLK AND NORTH ESSEX NHS FOUNDATION TRUST,181552,16.13585638039786,January-2026
Y61,RGM,ROYAL PAPWORTH HOSPITAL NHS FOUNDATION TRUST,10670,9.986772486772487,January-2026
Y61,RGN,NORTH WEST ANGLIA NHS FOUNDATION TRUST,156812,14.64405986903648,January-2026
Y61,RGP,JAMES PAGET UNIVERSITY HOSPITALS NHS FOUNDATION TRUST,66756,16.62073027090695,January-2026
Y61,RGR,WEST SUFFOLK NHS FOUNDATION TRUST,63846,13.58853006681514,January-2026
Y61,RGT,CAMBRIDGE UNIVERSITY HOSPITALS NHS FOUNDATION TRUST,124964,13.9969040247678,January-2026
Y61,RM1,NORFOLK AND NORWICH UNIVERSITY HOSPITALS NHS FOUNDATION TRUST,137898,14.18938944872555,January-2026
Y61,RQW,THE PRINCESS ALEXANDRA HOSPITAL NHS TRUST,80330,15.70157756354075,January-2026
Y61,RT1,CAMBRIDGESHIRE AND PETERBOROUGH NHS FOUNDATION TRUST,640,22.5,January-2026
Y61,RWG,WEST HERTFORDSHIRE TEACHING HOSPITALS NHS TRUST,90132,13.37324840764331,January-2026
Y61,RWH,EAST AND NORTH HERTFORDSHIRE TEACHING NHS TRUST,106222,12.33429018789144,January-2026
Y62,R0A,MANCHESTER UNIVERSITY NHS FOUNDATION TRUST,349112,15.00360857567395,January-2026
Y62,RBL,WIRRAL UNIVERSITY TEACHING HOSPITAL NHS FOUNDATION TRUST,92956,14.21841890790546,January-2026
Y62,RBN,MERSEY AND WEST LANCASHIRE TEACHING HOSPITALS NHS TRUST,145494,13.38604525862069,January-2026
Y62,RBQ,LIVERPOOL HEART AND CHEST HOSPITAL NHS FOUNDATION TRUST,10104,8.854368932038835,January-2026
Y62,RBS,ALDER HEY CHILDREN'S NHS FOUNDATION TRUST,33070,13.44510739856802,January-2026
Y62,RBT,MID CHESHIRE HOSPITALS NHS FOUNDATION TRUST,74790,16.015,January-2026
Y62,RBV,THE CHRISTIE NHS FOUNDATION TRUST,6874,3.67296511627907,January-2026
Y62,REM,LIVERPOOL UNIVERSITY HOSPITALS NHS FOUNDATION TRUST,126222,15.79888758782201,January-2026
Y62,REN,THE CLATTERBRIDGE CANCER CENTRE NHS FOUNDATION TRUST,1930,6.456521739130435,January-2026
Y62,REP,LIVERPOOL WOMEN'S NHS FOUNDATION TRUST,26916,18.55212355212355,January-2026
Y62,RET,THE WALTON CENTRE NHS FOUNDATION TRUST,26182,12.82109004739337,January-2026
Y62,RJN,EAST CHESHIRE NHS TRUST,39576,17.94042553191489,January-2026
Y62,RJR,COUNTESS OF CHESTER HOSPITAL NHS FOUNDATION TRUST,59646,15.67196132596685,January-2026
Y62,RM3,NORTHERN CARE ALLIANCE NHS FOUNDATION TRUST,268220,16.95457516339869,January-2026
Y62,RMC,BOLTON NHS FOUNDATION TRUST,77672,14.85949612403101,January-2026
Y62,RMP,TAMESIDE AND GLOSSOP INTEGRATED CARE NHS FOUNDATION TRUST,33968,10.55499153976311,January-2026
Y62,RRF,"WRIGHTINGTON, WIGAN AND LEIGH TEACHING HOSPITALS NHS FOUNDATION TRUST",91080,14.68705673758865,January-2026
Y62,RTX,UNIVERSITY HOSPITALS OF MORECAMBE BAY NHS FOUNDATION TRUST,70738,11.26203966005666,January-2026
Y62,RW4,MERSEY CARE NHS FOUNDATION TRUST,104,1.764705882352941,January-2026
Y62,RW5,LANCASHIRE & SOUTH CUMBRIA NHS FOUNDATION TRUST,7184,5.936507936507937,January-2026
Y62,RWJ,STOCKPORT NHS FOUNDATION TRUST,68638,14.29512735326689,January-2026
Y62,RWW,WARRINGTON AND HALTON TEACHING HOSPITALS NHS FOUNDATION TRUST,66492,13.84623773173391,January-2026
Y62,RXL,BLACKPOOL TEACHING HOSPITALS NHS FOUNDATION TRUST,84514,15.06843575418994,January-2026
Y62,RXN,LANCASHIRE TEACHING HOSPITALS NHS FOUNDATION TRUST,126640,16.70246367656349,January-2026
Y62,RXR,EAST LANCASHIRE HOSPITALS NHS TRUST,102950,11.88137557959815,January-2026
Y63,R0B,SOUTH TYNESIDE AND SUNDERLAND NHS FOUNDATION TRUST,114510,9.941243194192378,January-2026
Y63,RAE,BRADFORD TEACHING HOSPITALS NHS FOUNDATION TRUST,63216,12.90998043052838,January-2026
Y63,RCB,YORK AND SCARBOROUGH TEACHING HOSPITALS NHS FOUNDATION TRUST,113536,16.22535211267606,January-2026
Y63,RCD,HARROGATE AND DISTRICT NHS FOUNDATION TRUST,38672,9.897208121827411,January-2026
Y63,RCF,AIREDALE NHS FOUNDATION TRUST,28876,10.55009823182711,January-2026
Y63,RCU,SHEFFIELD CHILDREN'S NHS FOUNDATION TRUST,22852,10.92583732057416,January-2026
Y63,RFF,BARNSLEY HOSPITAL NHS FOUNDATION TRUST,44286,11.99658469945355,January-2026
Y63,RFR,THE ROTHERHAM NHS FOUNDATION TRUST,59322,12.17570385818561,January-2026
Y63,RJL,NORTHERN LINCOLNSHIRE AND GOOLE NHS FOUNDATION TRUST,79288,14.48977604673807,January-2026
Y63,RNN,NORTH CUMBRIA INTEGRATED CARE NHS FOUNDATION TRUST,77030,15.59884332281809,January-2026
Y63,RP5,DONCASTER AND BASSETLAW TEACHING HOSPITALS NHS FOUNDATION TRUST,103938,14.20673425054308,January-2026
Y63,RR7,GATESHEAD HEALTH NHS FOUNDATION TRUST,25156,10.59649122807017,January-2026
Y63,RR8,LEEDS TEACHING HOSPITALS NHS TRUST,173788,11.86411411411411,January-2026
Y63,RTD,THE NEWCASTLE UPON TYNE HOSPITALS NHS FOUNDATION TRUST,167558,10.84128237523689,January-2026
Y63,RTF,NORTHUMBRIA HEALTHCARE NHS FOUNDATION TRUST,71458,9.876656151419558,January-2026
Y63,RTR,SOUTH TEES HOSPITALS NHS FOUNDATION TRUST,111848,13.54042553191489,January-2026
Y63,RVW,NORTH TEES AND HARTLEPOOL NHS FOUNDATION TRUST,43796,11.35643564356436,January-2026
Y63,RWA,HULL UNIVERSITY TEACHING HOSPITALS NHS TRUST,162674,15.97947851279575,January-2026
Y63,RWY,CALDERDALE AND HUDDERSFIELD NHS FOUNDATION TRUST,70894,10.38297101449275,January-2026
Y63,RX4,"CUMBRIA, NORTHUMBERLAND, TYNE AND WEAR NHS FOUNDATION TRUST",352,5.545454545454545,January-2026
Y63,RXF,MID YORKSHIRE TEACHING NHS TRUST,108644,13.12833827893175,January-2026
Y63,RXG,SOUTH WEST YORKSHIRE PARTNERSHIP NHS FOUNDATION TRUST,8058,5.435393258426966,January-2026
Y63,RXP,COUNTY DURHAM AND DARLINGTON NHS FOUNDATION TRUST,84244,12.61111111111111,January-2026
Y63,TAD,BRADFORD DISTRICT CARE NHS FOUNDATION TRUST,1332,11.55555555555556,January-2026
Y56,R1H,BARTS HEALTH NHS TRUST,256474,14.38276418392041,February-2026
Y56,R1K,LONDON NORTH WEST UNIVERSITY HEALTHCARE NHS TRUST,166978,13.75667388167388,February-2026
Y56,RAL,ROYAL FREE LONDON NHS FOUNDATION TRUST,279816,13.76708795460408,February-2026
Y56,RAN,ROYAL NATIONAL ORTHOPAEDIC HOSPITAL NHS TRUST,18250,11.24098360655738,February-2026
Y56,RAS,THE HILLINGDON HOSPITALS NHS FOUNDATION TRUST,66772,13.66208251473477,February-2026
Y56,RAX,KINGSTON AND RICHMOND NHS FOUNDATION TRUST,88316,14.28603945371775,February-2026
Y56,RF4,"BARKING, HAVERING AND REDBRIDGE UNIVERSITY HOSPITALS NHS TRUST",139830,12.79771880819367,February-2026
Y56,RJ1,GUY'S AND ST THOMAS' NHS FOUNDATION TRUST,213856,11.77379961143492,February-2026
Y56,RJ2,LEWISHAM AND GREENWICH NHS TRUST,109832,13.50889679715302,February-2026
Y56,RJ6,CROYDON HEALTH SERVICES NHS TRUST,69512,12.33664349553128,February-2026
Y56,RJ7,ST GEORGE'S UNIVERSITY HOSPITALS NHS FOUNDATION TRUST,136112,13.39503042596349,February-2026
Y56,RJZ,KING'S COLLEGE HOSPITAL NHS FOUNDATION TRUST,167714,13.02029377657518,February-2026
Y56,RKE,WHITTINGTON HEALTH NHS TRUST,50190,13.56122448979592,February-2026
Y56,RP4,GREAT ORMOND STREET HOSPITAL FOR CHILDREN NHS FOUNDATION TRUST,16896,10.57853403141361,February-2026
Y56,RP6,MOORFIELDS EYE HOSPITAL NHS FOUNDATION TRUST,69604,7.023228803716608,February-2026
Y56,RPG,OXLEAS NHS FOUNDATION TRUST,5588,19.15189873417722,February-2026
Y56,RPY,THE ROYAL MARSDEN NHS FOUNDATION TRUST,3938,3.597058823529412,February-2026
Y56,RQM,CHELSEA AND WESTMINSTER HOSPITAL NHS FOUNDATION TRUST,149408,13.59621179509255,February-2026
Y56,RQX,HOMERTON HEALTHCARE NHS FOUNDATION TRUST,50342,8.924757281553399,February-2026
Y56,RRV,UNIVERSITY COLLEGE LONDON HOSPITALS NHS FOUNDATION TRUST,150642,13.45270577535243,February-2026
Y56,RVR,EPSOM AND ST HELIER UNIVERSITY HOSPITALS NHS TRUST,120526,12.87772050400916,February-2026
Y56,RYJ,IMPERIAL COLLEGE HEALTHCARE NHS TRUST,174746,12.22797319932998,February-2026
Y58,R0D,UNIVERSITY HOSPITALS DORSET NHS FOUNDATION TRUST,132224,12.58484714222419,February-2026
Y58,RA7,UNIVERSITY HOSPITALS BRISTOL AND WESTON NHS FOUNDATION TRUST,99672,11.80346435709527,February-2026
Y58,RA9,TORBAY AND SOUTH DEVON NHS FOUNDATION TRUST,67202,11.28987898789879,February-2026
Y58,RBD,DORSET COUNTY HOSPITAL NHS FOUNDATION TRUST,42268,14.01060606060606,February-2026
Y58,RD1,ROYAL UNITED HOSPITALS BATH NHS FOUNDATION TRUST,80604,12.26357199055862,February-2026
Y58,REF,ROYAL CORNWALL HOSPITALS NHS TRUST,81678,9.721436984687868,February-2026
Y58,RH5,SOMERSET NHS FOUNDATION TRUST,105934,12.69845179451091,February-2026
Y58,RH8,ROYAL DEVON UNIVERSITY HEALTHCARE NHS FOUNDATION TRUST,144050,13.4751756440281,February-2026
Y58,RJ8,CORNWALL PARTNERSHIP NHS FOUNDATION TRUST,1356,7.2,February-2026
Y58,RK9,UNIVERSITY HOSPITALS PLYMOUTH NHS TRUST,94708,12.86042692939245,February-2026
Y58,RN3,GREAT WESTERN HOSPITALS NHS FOUNDATION TRUST,88554,15.17023907666941,February-2026
Y58,RNZ,SALISBURY NHS FOUNDATION TRUST,59898,11.97596606974552,February-2026
Y58,RTE,GLOUCESTERSHIRE HOSPITALS NHS FOUNDATION TRUST,134524,10.1322188449848,February-2026
Y58,RVJ,NORTH BRISTOL NHS TRUST,82386,11.51856435643564,February-2026
Y59,R1F,ISLE OF WIGHT NHS TRUST,26158,13.4941348973607,February-2026
Y59,RA2,ROYAL SURREY NHS FOUNDATION TRUST,60024,13.40185950413223,February-2026
Y59,RDR,SUSSEX COMMUNITY NHS FOUNDATION TRUST,26004,16.59661835748792,February-2026
Y59,RDU,FRIMLEY HEALTH NHS FOUNDATION TRUST,132284,14.6833000665336,February-2026
Y59,RHM,UNIVERSITY HOSPITAL SOUTHAMPTON NHS FOUNDATION TRUST,125404,13.20954742715437,February-2026
Y59,RHU,PORTSMOUTH HOSPITALS UNIVERSITY NHS TRUST,113420,14.68952234206471,February-2026
Y59,RHW,ROYAL BERKSHIRE NHS FOUNDATION TRUST,69534,10.14178272980501,February-2026
Y59,RN5,HAMPSHIRE HOSPITALS NHS FOUNDATION TRUST,100152,14.11138211382114,February-2026
Y59,RN7,DARTFORD AND GRAVESHAM NHS TRUST,61438,14.54287515762926,February-2026
Y59,RPA,MEDWAY NHS FOUNDATION TRUST,69548,14.32003891050584,February-2026
Y59,RPC,QUEEN VICTORIA HOSPITAL NHS FOUNDATION TRUST,40050,14.27293577981651,February-2026
Y59,RTH,OXFORD UNIVERSITY HOSPITALS NHS FOUNDATION TRUST,173866,13.83645833333333,February-2026
Y59,RTK,ASHFORD AND ST PETER'S HOSPITALS NHS FOUNDATION TRUST,99264,13.76916932907348,February-2026
Y59,RTP,SURREY AND SUSSEX HEALTHCARE NHS TRUST,94910,12.60034364261168,February-2026
Y59,RVV,EAST KENT HOSPITALS UNIVERSITY NHS FOUNDATION TRUST,147750,17.4157134256472,February-2026
Y59,RW1,HAMPSHIRE AND ISLE OF WIGHT HEALTHCARE NHS FOUNDATION TRUST,8850,6.604166666666667,February-2026
Y59,RWF,MAIDSTONE AND TUNBRIDGE WELLS NHS TRUST,100414,11.3841533180778,February-2026
Y59,RWX,BERKSHIRE HEALTHCARE NHS FOUNDATION TRUST,188,6.181818181818182,February-2026
Y59,RXC,EAST SUSSEX HEALTHCARE NHS TRUST,119448,13.07089552238806,February-2026
Y59,RXQ,BUCKINGHAMSHIRE HEALTHCARE NHS TRUST,92152,13.35252918287938,February-2026
Y59,RYR,UNIVERSITY HOSPITALS SUSSEX NHS FOUNDATION TRUST,228106,16.86038961038961,February-2026
Y59,RYY,KENT COMMUNITY HEALTH NHS FOUNDATION TRUST,8252,5.928,February-2026
Y60,R1A,HEREFORDSHIRE AND WORCESTERSHIRE HEALTH AND CARE NHS TRUST,86,7.75,February-2026
Y60,R1D,SHROPSHIRE COMMUNITY HEALTH NHS TRUST,15096,10.33950617283951,February-2026
Y60,RBK,WALSALL HEALTHCARE NHS TRUST,57054,10.89449064449065,February-2026
Y60,RFS,CHESTERFIELD ROYAL HOSPITAL NHS FOUNDATION TRUST,55258,14.75264750378215,February-2026
Y60,RJC,SOUTH WARWICKSHIRE UNIVERSITY NHS FOUNDATION TRUST,60234,11.95773979107312,February-2026
Y60,RJE,UNIVERSITY HOSPITALS OF NORTH MIDLANDS NHS TRUST,129100,13.2732342007435,February-2026
Y60,RK5,SHERWOOD FOREST HOSPITALS NHS FOUNDATION TRUST,68702,13.73372465314835,February-2026
Y60,RKB,UNIVERSITY HOSPITALS COVENTRY AND WARWICKSHIRE NHS TRUST,141626,14.66047120418848,February-2026
Y60,RL1,THE ROBERT JONES AND AGNES HUNT ORTHOPAEDIC HOSPITAL NHS FOUNDATION TRUST,31112,15.29639889196676,February-2026
Y60,RL4,THE ROYAL WOLVERHAMPTON NHS TRUST,155116,15.21963470319635,February-2026
Y60,RLQ,WYE VALLEY NHS TRUST,42966,12.39180107526882,February-2026
Y60,RLT,GEORGE ELIOT HOSPITAL NHS TRUST,39888,12.79757785467128,February-2026
Y60,RNA,THE DUDLEY GROUP NHS FOUNDATION TRUST,93728,13.33951137320977,February-2026
Y60,RNQ,KETTERING GENERAL HOSPITAL NHS FOUNDATION TRUST,48096,13.24209078404402,February-2026
Y60,RNS,NORTHAMPTON GENERAL HOSPITAL NHS TRUST,85074,14.51069137562366,February-2026
Y60,RP7,LINCOLNSHIRE PARTNERSHIP NHS FOUNDATION TRUST,32,4.5,February-2026
Y60,RQ3,BIRMINGHAM WOMEN'S AND CHILDREN'S NHS FOUNDATION TRUST,43066,14.80217028380634,February-2026
Y60,RRE,MIDLANDS PARTNERSHIP UNIVERSITY NHS FOUNDATION TRUST,17186,4.108386075949367,February-2026
Y60,RRJ,THE ROYAL ORTHOPAEDIC HOSPITAL NHS FOUNDATION TRUST,25606,13.50386597938144,February-2026
Y60,RRK,UNIVERSITY HOSPITALS BIRMINGHAM NHS FOUNDATION TRUST,182372,13.35247592847318,February-2026
Y60,RTG,UNIVERSITY HOSPITALS OF DERBY AND BURTON NHS FOUNDATION TRUST,193682,14.94979838709677,February-2026
Y60,RWD,UNITED LINCOLNSHIRE TEACHING HOSPITALS NHS TRUST,138102,15.40573111944296,February-2026
Y60,RWE,UNIVERSITY HOSPITALS OF LEICESTER NHS TRUST,234850,15.57913072329131,February-2026
Y60,RWP,WORCESTERSHIRE ACUTE HOSPITALS NHS TRUST,111346,14.35454545454546,February-2026
Y60,RX1,NOTTINGHAM UNIVERSITY HOSPITALS NHS TRUST,183440,15.40837696335078,February-2026
Y60,RXK,SANDWELL AND WEST BIRMINGHAM HOSPITALS NHS TRUST,133744,14.88799571275456,February-2026
Y60,RXW,THE SHREWSBURY AND TELFORD HOSPITAL NHS TRUST,66718,13.73624887285843,February-2026
Y60,RYW,BIRMINGHAM COMMUNITY HEALTHCARE NHS FOUNDATION TRUST,29634,11.72736220472441,February-2026
Y61,RAJ,MID AND SOUTH ESSEX NHS FOUNDATION TRUST,353712,17.79114270092947,February-2026
Y61,RC9,BEDFORDSHIRE HOSPITALS NHS FOUNDATION TRUST,168864,14.05423445974134,February-2026
Y61,RCX,"THE QUEEN ELIZABETH HOSPITAL, KING'S LYNN, NHS FOUNDATION TRUST",50690,16.2245409015025,February-2026
Y61,RD8,MILTON KEYNES UNIVERSITY HOSPITAL NHS FOUNDATION TRUST,70224,14.94341675734494,February-2026
Y61,RDE,EAST SUFFOLK AND NORTH ESSEX NHS FOUNDATION TRUST,178504,14.91260973663208,February-2026
Y61,RGM,ROYAL PAPWORTH HOSPITAL NHS FOUNDATION TRUST,10942,8.512096774193548,February-2026
Y61,RGN,NORTH WEST ANGLIA NHS FOUNDATION TRUST,156342,14.27243430837878,February-2026
Y61,RGP,JAMES PAGET UNIVERSITY HOSPITALS NHS FOUNDATION TRUST,66240,16.2746835443038,February-2026
Y61,RGR,WEST SUFFOLK NHS FOUNDATION TRUST,62186,13.18328141225338,February-2026
Y61,RGT,CAMBRIDGE UNIVERSITY HOSPITALS NHS FOUNDATION TRUST,122176,13.57262402869097,February-2026
Y61,RM1,NORFOLK AND NORWICH UNIVERSITY HOSPITALS NHS FOUNDATION TRUST,132842,13.22271773347324,February-2026
Y61,RQW,THE PRINCESS ALEXANDRA HOSPITAL NHS TRUST,77468,15.00269784172662,February-2026
Y61,RT1,CAMBRIDGESHIRE AND PETERBOROUGH NHS FOUNDATION TRUST,550,24.3,February-2026
Y61,RWG,WEST HERTFORDSHIRE TEACHING HOSPITALS NHS TRUST,89396,13.02416356877323,February-2026
Y61,RWH,EAST AND NORTH HERTFORDSHIRE TEACHING NHS TRUST,107530,12.03938445487741,February-2026
Y62,R0A,MANCHESTER UNIVERSITY NHS FOUNDATION TRUST,342814,14.03982023411371,February-2026
Y62,RBL,WIRRAL UNIVERSITY TEACHING HOSPITAL NHS FOUNDATION TRUST,92394,14.02907986111111,February-2026
Y62,RBN,MERSEY AND WEST LANCASHIRE TEACHING HOSPITALS NHS TRUST,149110,12.59159943046986,February-2026
Y62,RBQ,LIVERPOOL HEART AND CHEST HOSPITAL NHS FOUNDATION TRUST,10490,7.902214022140221,February-2026
Y62,RBS,ALDER HEY CHILDREN'S NHS FOUNDATION TRUST,31998,12.85671936758893,February-2026
Y62,RBT,MID CHESHIRE HOSPITALS NHS FOUNDATION TRUST,69088,15.0021528525296,February-2026
Y62,RBV,THE CHRISTIE NHS FOUNDATION TRUST,6496,3.920118343195266,February-2026
Y62,REM,LIVERPOOL UNIVERSITY HOSPITALS NHS FOUNDATION TRUST,123692,14.68363136176066,February-2026
Y62,REN,THE CLATTERBRIDGE CANCER CENTRE NHS FOUNDATION TRUST,1538,5.008333333333334,February-2026
Y62,REP,LIVERPOOL WOMEN'S NHS FOUNDATION TRUST,26274,17.61897106109325,February-2026
Y62,RET,THE WALTON CENTRE NHS FOUNDATION TRUST,25706,12.46016483516484,February-2026
Y62,RJN,EAST CHESHIRE NHS TRUST,38890,14.74344978165939,February-2026
Y62,RJR,COUNTESS OF CHESTER HOSPITAL NHS FOUNDATION TRUST,59278,14.32260273972603,February-2026
Y62,RM3,NORTHERN CARE ALLIANCE NHS FOUNDATION TRUST,261206,15.83834951456311,February-2026
Y62,RMC,BOLTON NHS FOUNDATION TRUST,74738,13.8038105046344,February-2026
Y62,RMP,TAMESIDE AND GLOSSOP INTEGRATED CARE NHS FOUNDATION TRUST,32800,9.831858407079647,February-2026
Y62,RRF,"WRIGHTINGTON, WIGAN AND LEIGH TEACHING HOSPITALS NHS FOUNDATION TRUST",88764,14.12488769092543,February-2026
Y62,RTX,UNIVERSITY HOSPITALS OF MORECAMBE BAY NHS FOUNDATION TRUST,69572,11.1421568627451,February-2026
Y62,RW4,MERSEY CARE NHS FOUNDATION TRUST,98,1.458333333333333,February-2026
Y62,RW5,LANCASHIRE & SOUTH CUMBRIA NHS FOUNDATION TRUST,7256,5.237762237762237,February-2026
Y62,RWJ,STOCKPORT NHS FOUNDATION TRUST,68548,13.8103813559322,February-2026
Y62,RWW,WARRINGTON AND HALTON TEACHING HOSPITALS NHS FOUNDATION TRUST,67378,13.25616016427105,February-2026
Y62,RXL,BLACKPOOL TEACHING HOSPITALS NHS FOUNDATION TRUST,85924,15.13214285714286,February-2026
Y62,RXN,LANCASHIRE TEACHING HOSPITALS NHS FOUNDATION TRUST,128186,15.55601774819745,February-2026
Y62,RXR,EAST LANCASHIRE HOSPITALS NHS TRUST,100664,11.36015625,February-2026
Y63,R0B,SOUTH TYNESIDE AND SUNDERLAND NHS FOUNDATION TRUST,114590,9.029193697868397,February-2026
Y63,RAE,BRADFORD TEACHING HOSPITALS NHS FOUNDATION TRUST,62522,12.58440860215054,February-2026
Y63,RCB,YORK AND SCARBOROUGH TEACHING HOSPITALS NHS FOUNDATION TRUST,113278,15.81814814814815,February-2026
Y63,RCD,HARROGATE AND DISTRICT NHS FOUNDATION TRUST,39742,9.259756097560976,February-2026
Y63,RCF,AIREDALE NHS FOUNDATION TRUST,29206,10.11930783242259,February-2026
Y63,RCU,SHEFFIELD CHILDREN'S NHS FOUNDATION TRUST,22138,10.28324468085106,February-2026
Y63,RFF,BARNSLEY HOSPITAL NHS FOUNDATION TRUST,43800,11.39677891654466,February-2026
Y63,RFR,THE ROTHERHAM NHS FOUNDATION TRUST,58176,11.65775950668037,February-2026
Y63,RJL,NORTHERN LINCOLNSHIRE AND GOOLE NHS FOUNDATION TRUST,78886,13.80675146771037,February-2026
Y63,RNN,NORTH CUMBRIA INTEGRATED CARE NHS FOUNDATION TRUST,76118,14.77882703777336,February-2026
Y63,RP5,DONCASTER AND BASSETLAW TEACHING HOSPITALS NHS FOUNDATION TRUST,103806,14.01155462184874,February-2026
Y63,RR7,GATESHEAD HEALTH NHS FOUNDATION TRUST,24614,10.38943488943489,February-2026
Y63,RR8,LEEDS TEACHING HOSPITALS NHS TRUST,171476,11.48277182235835,February-2026
Y63,RTD,THE NEWCASTLE UPON TYNE HOSPITALS NHS FOUNDATION TRUST,163766,10.71370396600567,February-2026
Y63,RTF,NORTHUMBRIA HEALTHCARE NHS FOUNDATION TRUST,72286,9.73583984375,February-2026
Y63,RTR,SOUTH TEES HOSPITALS NHS FOUNDATION TRUST,110744,13.17549261083744,February-2026
Y63,RVW,NORTH TEES AND HARTLEPOOL NHS FOUNDATION TRUST,44282,11.06832694763729,February-2026
Y63,RWA,HULL UNIVERSITY TEACHING HOSPITALS NHS TRUST,162638,15.90629839958699,February-2026
Y63,RWY,CALDERDALE AND HUDDERSFIELD NHS FOUNDATION TRUST,71240,10.32373009855952,February-2026
Y63,RX4,"CUMBRIA, NORTHUMBERLAND, TYNE AND WEAR NHS FOUNDATION TRUST",366,5.825,February-2026
Y63,RXF,MID YORKSHIRE TEACHING NHS TRUST,107570,12.48131672597865,February-2026
Y63,RXG,SOUTH WEST YORKSHIRE PARTNERSHIP NHS FOUNDATION TRUST,8254,4.744285714285715,February-2026
Y63,RXP,COUNTY DURHAM AND DARLINGTON NHS FOUNDATION TRUST,84588,12.68052668052668,February-2026
Y63,TAD,BRADFORD DISTRICT CARE NHS FOUNDATION TRUST,1232,14.14,February-2026
Y56,R1H,BARTS HEALTH NHS TRUST,242860,12.69726471951785,March-2026
Y56,R1K,LONDON NORTH WEST UNIVERSITY HEALTHCARE NHS TRUST,163514,12.91141235813367,March-2026
Y56,RAL,ROYAL FREE LONDON NHS FOUNDATION TRUST,266618,11.78350400712378,March-2026
Y56,RAN,ROYAL NATIONAL ORTHOPAEDIC HOSPITAL NHS TRUST,18064,9.777188328912466,March-2026
Y56,RAS,THE HILLINGDON HOSPITALS NHS FOUNDATION TRUST,65970,11.96504559270517,March-2026
Y56,RAX,KINGSTON AND RICHMOND NHS FOUNDATION TRUST,87722,10.91003134796238,March-2026
Y56,RF4,"BARKING, HAVERING AND REDBRIDGE UNIVERSITY HOSPITALS NHS TRUST",137742,11.38037567968364,March-2026
Y56,RJ1,GUY'S AND ST THOMAS' NHS FOUNDATION TRUST,211184,10.29223113077136,March-2026
Y56,RJ2,LEWISHAM AND GREENWICH NHS TRUST,110588,12.28300094966762,March-2026
Y56,RJ6,CROYDON HEALTH SERVICES NHS TRUST,64654,9.777236492471214,March-2026
Y56,RJ7,ST GEORGE'S UNIVERSITY HOSPITALS NHS FOUNDATION TRUST,133960,11.9743961352657,March-2026
Y56,RJZ,KING'S COLLEGE HOSPITAL NHS FOUNDATION TRUST,167784,10.97688858226975,March-2026
Y56,RKE,WHITTINGTON HEALTH NHS TRUST,43638,9.729020979020978,March-2026
Y56,RP4,GREAT ORMOND STREET HOSPITAL FOR CHILDREN NHS FOUNDATION TRUST,16934,9.717758985200845,March-2026
Y56,RP6,MOORFIELDS EYE HOSPITAL NHS FOUNDATION TRUST,75310,6.923773751657093,March-2026
Y56,RPG,OXLEAS NHS FOUNDATION TRUST,4158,13.36458333333333,March-2026
Y56,RPY,THE ROYAL MARSDEN NHS FOUNDATION TRUST,3924,3.480263157894737,March-2026
Y56,RQM,CHELSEA AND WESTMINSTER HOSPITAL NHS FOUNDATION TRUST,151202,11.76220930232558,March-2026
Y56,RQX,HOMERTON HEALTHCARE NHS FOUNDATION TRUST,52564,8.555166374781086,March-2026
Y56,RRV,UNIVERSITY COLLEGE LONDON HOSPITALS NHS FOUNDATION TRUST,148612,11.87528242205151,March-2026
Y56,RVR,EPSOM AND ST HELIER UNIVERSITY HOSPITALS NHS TRUST,116388,11.04964539007092,March-2026
Y56,RYJ,IMPERIAL COLLEGE HEALTHCARE NHS TRUST,167756,10.71767899558873,March-2026
Y58,R0D,UNIVERSITY HOSPITALS DORSET NHS FOUNDATION TRUST,132996,11.73752620545073,March-2026
Y58,RA7,UNIVERSITY HOSPITALS BRISTOL AND WESTON NHS FOUNDATION TRUST,99248,10.51377832210655,March-2026
Y58,RA9,TORBAY AND SOUTH DEVON NHS FOUNDATION TRUST,66946,10.38613406795225,March-2026
Y58,RBD,DORSET COUNTY HOSPITAL NHS FOUNDATION TRUST,42984,12.48563218390805,March-2026
Y58,RD1,ROYAL UNITED HOSPITALS BATH NHS FOUNDATION TRUST,78152,10.70231213872832,March-2026
Y58,REF,ROYAL CORNWALL HOSPITALS NHS TRUST,83712,8.485889570552148,March-2026
Y58,RH5,SOMERSET NHS FOUNDATION TRUST,104568,10.68073394495413,March-2026
Y58,RH8,ROYAL DEVON UNIVERSITY HEALTHCARE NHS FOUNDATION TRUST,141388,12.15776892430279,March-2026
Y58,RJ8,CORNWALL PARTNERSHIP NHS FOUNDATION TRUST,1298,7.412280701754386,March-2026
Y58,RK9,UNIVERSITY HOSPITALS PLYMOUTH NHS TRUST,91414,10.77543507362785,March-2026
Y58,RN3,GREAT WESTERN HOSPITALS NHS FOUNDATION TRUST,85294,14.92900302114804,March-2026
Y58,RNZ,SALISBURY NHS FOUNDATION TRUST,60674,10.52326498422713,March-2026
Y58,RTE,GLOUCESTERSHIRE HOSPITALS NHS FOUNDATION TRUST,134076,9.666550034989504,March-2026
Y58,RVJ,NORTH BRISTOL NHS TRUST,78350,9.795141406816533,March-2026
Y59,R1F,ISLE OF WIGHT NHS TRUST,26438,11.69202898550725,March-2026
Y59,RA2,ROYAL SURREY NHS FOUNDATION TRUST,60662,11.77232142857143,March-2026
Y59,RDR,SUSSEX COMMUNITY NHS FOUNDATION TRUST,26348,16.06649616368286,March-2026
Y59,RDU,FRIMLEY HEALTH NHS FOUNDATION TRUST,133666,12.43998553868402,March-2026
Y59,RHM,UNIVERSITY HOSPITAL SOUTHAMPTON NHS FOUNDATION TRUST,119356,11.33432835820896,March-2026
Y59,RHU,PORTSMOUTH HOSPITALS UNIVERSITY NHS TRUST,106832,12.20064377682403,March-2026
Y59,RHW,ROYAL BERKSHIRE NHS FOUNDATION TRUST,69352,8.808401639344263,March-2026
Y59,RN5,HAMPSHIRE HOSPITALS NHS FOUNDATION TRUST,96974,11.26267123287671,March-2026
Y59,RN7,DARTFORD AND GRAVESHAM NHS TRUST,59140,12.08418891170431,March-2026
Y59,RPA,MEDWAY NHS FOUNDATION TRUST,68192,13.07707910750507,March-2026
Y59,RPC,QUEEN VICTORIA HOSPITAL NHS FOUNDATION TRUST,41658,13.17816091954023,March-2026
Y59,RTH,OXFORD UNIVERSITY HOSPITALS NHS FOUNDATION TRUST,176298,12.02503337783712,March-2026
Y59,RTK,ASHFORD AND ST PETER'S HOSPITALS NHS FOUNDATION TRUST,101852,11.92435158501441,March-2026
Y59,RTP,SURREY AND SUSSEX HEALTHCARE NHS TRUST,94524,10.83970753655793,March-2026
Y59,RVV,EAST KENT HOSPITALS UNIVERSITY NHS FOUNDATION TRUST,158414,15.19000534473544,March-2026
Y59,RW1,HAMPSHIRE AND ISLE OF WIGHT HEALTHCARE NHS FOUNDATION TRUST,8728,7.320610687022901,March-2026
Y59,RWF,MAIDSTONE AND TUNBRIDGE WELLS NHS TRUST,92356,9.364884747425208,March-2026
Y59,RWX,BERKSHIRE HEALTHCARE NHS FOUNDATION TRUST,200,4.6,March-2026
Y59,RXC,EAST SUSSEX HEALTHCARE NHS TRUST,114674,11.22712146422629,March-2026
Y59,RXQ,BUCKINGHAMSHIRE HEALTHCARE NHS TRUST,91776,12.07198228128461,March-2026
Y59,RYR,UNIVERSITY HOSPITALS SUSSEX NHS FOUNDATION TRUST,225042,15.57781789009226,March-2026
Y59,RYY,KENT COMMUNITY HEALTH NHS FOUNDATION TRUST,8782,5.972934472934472,March-2026
Y60,R1A,HEREFORDSHIRE AND WORCESTERSHIRE HEALTH AND CARE NHS TRUST,80,3.2,March-2026
Y60,R1D,SHROPSHIRE COMMUNITY HEALTH NHS TRUST,16064,9.754666666666667,March-2026
Y60,RBK,WALSALL HEALTHCARE NHS TRUST,54602,8.680139720558882,March-2026
Y60,RFS,CHESTERFIELD ROYAL HOSPITAL NHS FOUNDATION TRUST,54072,11.74229691876751,March-2026
Y60,RJC,SOUTH WARWICKSHIRE UNIVERSITY NHS FOUNDATION TRUST,59410,10.53631532329495,March-2026
Y60,RJE,UNIVERSITY HOSPITALS OF NORTH MIDLANDS NHS TRUST,130532,10.9652471855115,March-2026
Y60,RK5,SHERWOOD FOREST HOSPITALS NHS FOUNDATION TRUST,66270,11.83489583333333,March-2026
Y60,RKB,UNIVERSITY HOSPITALS COVENTRY AND WARWICKSHIRE NHS TRUST,141914,14.12825,March-2026
Y60,RL1,THE ROBERT JONES AND AGNES HUNT ORTHOPAEDIC HOSPITAL NHS FOUNDATION TRUST,28162,12.58045977011494,March-2026
Y60,RL4,THE ROYAL WOLVERHAMPTON NHS TRUST,144552,13.15515409139214,March-2026
Y60,RLQ,WYE VALLEY NHS TRUST,42736,10.92827586206896,March-2026
Y60,RLT,GEORGE ELIOT HOSPITAL NHS TRUST,38236,11.12539184952978,March-2026
Y60,RNA,THE DUDLEY GROUP NHS FOUNDATION TRUST,91284,11.48396718866518,March-2026
Y60,RNQ,KETTERING GENERAL HOSPITAL NHS FOUNDATION TRUST,47340,11.71354838709677,March-2026
Y60,RNS,NORTHAMPTON GENERAL HOSPITAL NHS TRUST,79540,14.02878289473684,March-2026
Y60,RP7,LINCOLNSHIRE PARTNERSHIP NHS FOUNDATION TRUST,14,5.5,March-2026
Y60,RQ3,BIRMINGHAM WOMEN'S AND CHILDREN'S NHS FOUNDATION TRUST,43332,12.6656976744186,March-2026
Y60,RRE,MIDLANDS PARTNERSHIP UNIVERSITY NHS FOUNDATION TRUST,17906,4.514747191011236,March-2026
Y60,RRJ,THE ROYAL ORTHOPAEDIC HOSPITAL NHS FOUNDATION TRUST,25040,11.93029490616622,March-2026
Y60,RRK,UNIVERSITY HOSPITALS BIRMINGHAM NHS FOUNDATION TRUST,178644,10.27941653160454,March-2026
Y60,RTG,UNIVERSITY HOSPITALS OF DERBY AND BURTON NHS FOUNDATION TRUST,186544,12.48550724637681,March-2026
Y60,RWD,UNITED LINCOLNSHIRE TEACHING HOSPITALS NHS TRUST,135502,13.3209939148073,March-2026
Y60,RWE,UNIVERSITY HOSPITALS OF LEICESTER NHS TRUST,227914,14.55003346720214,March-2026
Y60,RWP,WORCESTERSHIRE ACUTE HOSPITALS NHS TRUST,111158,12.1814606741573,March-2026
Y60,RX1,NOTTINGHAM UNIVERSITY HOSPITALS NHS TRUST,166374,12.42779369627507,March-2026
Y60,RXK,SANDWELL AND WEST BIRMINGHAM HOSPITALS NHS TRUST,131514,12.71289625360231,March-2026
Y60,RXW,THE SHREWSBURY AND TELFORD HOSPITAL NHS TRUST,68550,10.35074013157895,March-2026
Y60,RYW,BIRMINGHAM COMMUNITY HEALTHCARE NHS FOUNDATION TRUST,29838,8.558321479374111,March-2026
Y61,RAJ,MID AND SOUTH ESSEX NHS FOUNDATION TRUST,347954,17.68866805102343,March-2026
Y61,RC9,BEDFORDSHIRE HOSPITALS NHS FOUNDATION TRUST,168480,12.90167095115681,March-2026
Y61,RCX,"THE QUEEN ELIZABETH HOSPITAL, KING'S LYNN, NHS FOUNDATION TRUST",50058,14.35702054794521,March-2026
Y61,RD8,MILTON KEYNES UNIVERSITY HOSPITAL NHS FOUNDATION TRUST,66884,12.90649762282092,March-2026
Y61,RDE,EAST SUFFOLK AND NORTH ESSEX NHS FOUNDATION TRUST,177142,12.92475570032573,March-2026
Y61,RGM,ROYAL PAPWORTH HOSPITAL NHS FOUNDATION TRUST,10566,7.672757475083056,March-2026
Y61,RGN,NORTH WEST ANGLIA NHS FOUNDATION TRUST,158348,12.96828609986505,March-2026
Y61,RGP,JAMES PAGET UNIVERSITY HOSPITALS NHS FOUNDATION TRUST,65654,15.58771929824561,March-2026
Y61,RGR,WEST SUFFOLK NHS FOUNDATION TRUST,58254,11.13131868131868,March-2026
Y61,RGT,CAMBRIDGE UNIVERSITY HOSPITALS NHS FOUNDATION TRUST,116870,11.65322580645161,March-2026
Y61,RM1,NORFOLK AND NORWICH UNIVERSITY HOSPITALS NHS FOUNDATION TRUST,134240,11.72044140830268,March-2026
Y61,RQW,THE PRINCESS ALEXANDRA HOSPITAL NHS TRUST,79524,11.80977845683728,March-2026
Y61,RT1,CAMBRIDGESHIRE AND PETERBOROUGH NHS FOUNDATION TRUST,392,22.25,March-2026
Y61,RWG,WEST HERTFORDSHIRE TEACHING HOSPITALS NHS TRUST,90776,11.35923566878981,March-2026
Y61,RWH,EAST AND NORTH HERTFORDSHIRE TEACHING NHS TRUST,108582,10.92785821268098,March-2026
Y62,R0A,MANCHESTER UNIVERSITY NHS FOUNDATION TRUST,331136,12.52055604850636,March-2026
Y62,RBL,WIRRAL UNIVERSITY TEACHING HOSPITAL NHS FOUNDATION TRUST,87050,11.2461594732992,March-2026
Y62,RBN,MERSEY AND WEST LANCASHIRE TEACHING HOSPITALS NHS TRUST,153574,10.80588687956907,March-2026
Y62,RBQ,LIVERPOOL HEART AND CHEST HOSPITAL NHS FOUNDATION TRUST,10662,7.659468438538206,March-2026
Y62,RBS,ALDER HEY CHILDREN'S NHS FOUNDATION TRUST,31502,10.54488330341113,March-2026
Y62,RBT,MID CHESHIRE HOSPITALS NHS FOUNDATION TRUST,61138,11.76040428061831,March-2026
Y62,RBV,THE CHRISTIE NHS FOUNDATION TRUST,6026,4.00530035335689,March-2026
Y62,REM,LIVERPOOL UNIVERSITY HOSPITALS NHS FOUNDATION TRUST,119336,11.99823529411765,March-2026
Y62,REN,THE CLATTERBRIDGE CANCER CENTRE NHS FOUNDATION TRUST,1444,5.489795918367347,March-2026
Y62,REP,LIVERPOOL WOMEN'S NHS FOUNDATION TRUST,23276,14.1258064516129,March-2026
Y62,RET,THE WALTON CENTRE NHS FOUNDATION TRUST,24358,10.94065656565657,March-2026
Y62,RJN,EAST CHESHIRE NHS TRUST,32524,13.61160714285714,March-2026
Y62,RJR,COUNTESS OF CHESTER HOSPITAL NHS FOUNDATION TRUST,55324,10.86319218241042,March-2026
Y62,RM3,NORTHERN CARE ALLIANCE NHS FOUNDATION TRUST,258042,14.12099697885196,March-2026
Y62,RMC,BOLTON NHS FOUNDATION TRUST,75698,12.26841359773371,March-2026
Y62,RMP,TAMESIDE AND GLOSSOP INTEGRATED CARE NHS FOUNDATION TRUST,32786,8.551165803108809,March-2026
Y62,RRF,"WRIGHTINGTON, WIGAN AND LEIGH TEACHING HOSPITALS NHS FOUNDATION TRUST",88692,12.29489291598023,March-2026
Y62,RTX,UNIVERSITY HOSPITALS OF MORECAMBE BAY NHS FOUNDATION TRUST,67878,9.300313234142521,March-2026
Y62,RW4,MERSEY CARE NHS FOUNDATION TRUST,106,2.5,March-2026
Y62,RW5,LANCASHIRE & SOUTH CUMBRIA NHS FOUNDATION TRUST,8066,6.109195402298851,March-2026
Y62,RWJ,STOCKPORT NHS FOUNDATION TRUST,67962,12.30944350758853,March-2026
Y62,RWW,WARRINGTON AND HALTON TEACHING HOSPITALS NHS FOUNDATION TRUST,66226,11.67536945812808,March-2026
Y62,RXL,BLACKPOOL TEACHING HOSPITALS NHS FOUNDATION TRUST,80562,13.11012861736334,March-2026
Y62,RXN,LANCASHIRE TEACHING HOSPITALS NHS FOUNDATION TRUST,130310,14.1750438340152,March-2026
Y62,RXR,EAST LANCASHIRE HOSPITALS NHS TRUST,95438,9.30861365953109,March-2026
Y63,R0B,SOUTH TYNESIDE AND SUNDERLAND NHS FOUNDATION TRUST,115762,8.09716688800354,March-2026
Y63,RAE,BRADFORD TEACHING HOSPITALS NHS FOUNDATION TRUST,62888,11.1239837398374,March-2026
Y63,RCB,YORK AND SCARBOROUGH TEACHING HOSPITALS NHS FOUNDATION TRUST,109928,15.07923076923077,March-2026
Y63,RCD,HARROGATE AND DISTRICT NHS FOUNDATION TRUST,41536,8.755373592630502,March-2026
Y63,RCF,AIREDALE NHS FOUNDATION TRUST,28404,9.217391304347826,March-2026
Y63,RCU,SHEFFIELD CHILDREN'S NHS FOUNDATION TRUST,21622,8.56423982869379,March-2026
Y63,RFF,BARNSLEY HOSPITAL NHS FOUNDATION TRUST,42986,9.569338422391857,March-2026
Y63,RFR,THE ROTHERHAM NHS FOUNDATION TRUST,56542,10.355249745158,March-2026
Y63,RJL,NORTHERN LINCOLNSHIRE AND GOOLE NHS FOUNDATION TRUST,79030,12.17867231638418,March-2026
Y63,RNN,NORTH CUMBRIA INTEGRATED CARE NHS FOUNDATION TRUST,70106,12.01571038251366,March-2026
Y63,RP5,DONCASTER AND BASSETLAW TEACHING HOSPITALS NHS FOUNDATION TRUST,104466,12.19135071090047,March-2026
Y63,RR7,GATESHEAD HEALTH NHS FOUNDATION TRUST,23142,8.611445783132531,March-2026
Y63,RR8,LEEDS TEACHING HOSPITALS NHS TRUST,170206,10.05677587490693,March-2026
Y63,RTD,THE NEWCASTLE UPON TYNE HOSPITALS NHS FOUNDATION TRUST,162372,9.238588539980576,March-2026
Y63,RTF,NORTHUMBRIA HEALTHCARE NHS FOUNDATION TRUST,74398,9.074905354245539,March-2026
Y63,RTR,SOUTH TEES HOSPITALS NHS FOUNDATION TRUST,108336,11.54783599088838,March-2026
Y63,RVW,NORTH TEES AND HARTLEPOOL NHS FOUNDATION TRUST,43064,9.812127236580517,March-2026
Y63,RWA,HULL UNIVERSITY TEACHING HOSPITALS NHS TRUST,161998,15.2123253493014,March-2026
Y63,RWY,CALDERDALE AND HUDDERSFIELD NHS FOUNDATION TRUST,72358,9.207771355170198,March-2026
Y63,RX4,"CUMBRIA, NORTHUMBERLAND, TYNE AND WEAR NHS FOUNDATION TRUST",306,5.7,March-2026
Y63,RXF,MID YORKSHIRE TEACHING NHS TRUST,107806,10.84003548196334,March-2026
Y63,RXG,SOUTH WEST YORKSHIRE PARTNERSHIP NHS FOUNDATION TRUST,8632,5.109004739336493,March-2026
Y63,RXP,COUNTY DURHAM AND DARLINGTON NHS FOUNDATION TRUST,86024,11.65637860082304,March-2026
Y63,TAD,BRADFORD DISTRICT CARE NHS FOUNDATION TRUST,1082,13.9375,March-2026
Y56,R1H,BARTS HEALTH NHS TRUST,243462,12.68223917188777,April-2026
Y56,R1K,LONDON NORTH WEST UNIVERSITY HEALTHCARE NHS TRUST,165576,13.24694903086863,April-2026
Y56,RAL,ROYAL FREE LONDON NHS FOUNDATION TRUST,273778,12.60286921708185,April-2026
Y56,RAN,ROYAL NATIONAL ORTHOPAEDIC HOSPITAL NHS TRUST,17244,9.939209726443769,April-2026
Y56,RAS,THE HILLINGDON HOSPITALS NHS FOUNDATION TRUST,66928,12.369140625,April-2026
Y56,RAX,KINGSTON AND RICHMOND NHS FOUNDATION TRUST,82272,11.48984565393989,April-2026
Y56,RF4,"BARKING, HAVERING AND REDBRIDGE UNIVERSITY HOSPITALS NHS TRUST",144476,11.46115992970123,April-2026
Y56,RJ1,GUY'S AND ST THOMAS' NHS FOUNDATION TRUST,219418,10.73276561232766,April-2026
Y56,RJ2,LEWISHAM AND GREENWICH NHS TRUST,112578,12.53888308977035,April-2026
Y56,RJ6,CROYDON HEALTH SERVICES NHS TRUST,68388,10.4274385408406,April-2026
Y56,RJ7,ST GEORGE'S UNIVERSITY HOSPITALS NHS FOUNDATION TRUST,136246,12.43353544776119,April-2026
Y56,RJZ,KING'S COLLEGE HOSPITAL NHS FOUNDATION TRUST,173024,11.63459669582119,April-2026
Y56,RKE,WHITTINGTON HEALTH NHS TRUST,44842,10.73133484162896,April-2026
Y56,RP4,GREAT ORMOND STREET HOSPITAL FOR CHILDREN NHS FOUNDATION TRUST,16648,10.95161290322581,April-2026
Y56,RP6,MOORFIELDS EYE HOSPITAL NHS FOUNDATION TRUST,72326,7.964924346629986,April-2026
Y56,RPG,OXLEAS NHS FOUNDATION TRUST,3180,12.2258064516129,April-2026
Y56,RPY,THE ROYAL MARSDEN NHS FOUNDATION TRUST,3608,4.424657534246576,April-2026
Y56,RQM,CHELSEA AND WESTMINSTER HOSPITAL NHS FOUNDATION TRUST,152176,12.24300441826215,April-2026
Y56,RQX,HOMERTON HEALTHCARE NHS FOUNDATION TRUST,53698,9.216666666666667,April-2026
Y56,RRV,UNIVERSITY COLLEGE LONDON HOSPITALS NHS FOUNDATION TRUST,153326,12.38104490500864,April-2026
Y56,RVR,EPSOM AND ST HELIER UNIVERSITY HOSPITALS NHS TRUST,117638,11.94542498838829,April-2026
Y56,RYJ,IMPERIAL COLLEGE HEALTHCARE NHS TRUST,167508,10.90213645761544,April-2026
Y58,R0D,UNIVERSITY HOSPITALS DORSET NHS FOUNDATION TRUST,135556,12.15185856754306,April-2026
Y58,RA7,UNIVERSITY HOSPITALS BRISTOL AND WESTON NHS FOUNDATION TRUST,100402,10.77331288343558,April-2026
Y58,RBD,DORSET COUNTY HOSPITAL NHS FOUNDATION TRUST,43926,13.17845394736842,April-2026
Y58,RD1,ROYAL UNITED HOSPITALS BATH NHS FOUNDATION TRUST,78416,11.12044046799725,April-2026
Y58,REF,ROYAL CORNWALL HOSPITALS NHS TRUST,84196,8.743574417214585,April-2026
Y58,RH5,SOMERSET NHS FOUNDATION TRUST,107742,11.17915407854985,April-2026
Y58,RH8,ROYAL DEVON UNIVERSITY HEALTHCARE NHS FOUNDATION TRUST,147404,12.4903758020165,April-2026
Y58,RJ8,CORNWALL PARTNERSHIP NHS FOUNDATION TRUST,1406,6.5625,April-2026
Y58,RK9,UNIVERSITY HOSPITALS PLYMOUTH NHS TRUST,92568,11.29488103821197,April-2026
Y58,RN3,GREAT WESTERN HOSPITALS NHS FOUNDATION TRUST,88340,14.44957264957265,April-2026
Y58,RNZ,SALISBURY NHS FOUNDATION TRUST,60164,10.94273127753304,April-2026
Y58,RTE,GLOUCESTERSHIRE HOSPITALS NHS FOUNDATION TRUST,137370,10.13570241064007,April-2026
Y58,RVJ,NORTH BRISTOL NHS TRUST,80136,10.234375,April-2026
Y59,R1F,ISLE OF WIGHT NHS TRUST,25514,12.28553299492386,April-2026
Y59,RA2,ROYAL SURREY NHS FOUNDATION TRUST,61908,12.1578947368421,April-2026
Y59,RDR,SUSSEX COMMUNITY NHS FOUNDATION TRUST,25468,16.34567901234568,April-2026
Y59,RDU,FRIMLEY HEALTH NHS FOUNDATION TRUST,132244,12.71975916803503,April-2026
Y59,RHM,UNIVERSITY HOSPITAL SOUTHAMPTON NHS FOUNDATION TRUST,122462,11.46197411003236,April-2026
Y59,RHU,PORTSMOUTH HOSPITALS UNIVERSITY NHS TRUST,113164,13.3472602739726,April-2026
Y59,RHW,ROYAL BERKSHIRE NHS FOUNDATION TRUST,70646,9.480397422126746,April-2026
Y59,RN5,HAMPSHIRE HOSPITALS NHS FOUNDATION TRUST,97624,11.69755129053607,April-2026
Y59,RN7,DARTFORD AND GRAVESHAM NHS TRUST,61068,12.60421286031042,April-2026
Y59,RPA,MEDWAY NHS FOUNDATION TRUST,68172,13.28174235403151,April-2026
Y59,RPC,QUEEN VICTORIA HOSPITAL NHS FOUNDATION TRUST,42720,13.23795620437956,April-2026
Y59,RTH,OXFORD UNIVERSITY HOSPITALS NHS FOUNDATION TRUST,180282,12.81599572497328,April-2026
Y59,RTK,ASHFORD AND ST PETER'S HOSPITALS NHS FOUNDATION TRUST,102778,12.40296156269691,April-2026
Y59,RTP,SURREY AND SUSSEX HEALTHCARE NHS TRUST,94662,12.4251547552054,April-2026
Y59,RVV,EAST KENT HOSPITALS UNIVERSITY NHS FOUNDATION TRUST,161312,14.75774134790528,April-2026
Y59,RW1,HAMPSHIRE AND ISLE OF WIGHT HEALTHCARE NHS FOUNDATION TRUST,8800,7.370967741935484,April-2026
Y59,RWF,MAIDSTONE AND TUNBRIDGE WELLS NHS TRUST,96560,9.753902185223726,April-2026
Y59,RWX,BERKSHIRE HEALTHCARE NHS FOUNDATION TRUST,198,5.535714285714286,April-2026
Y59,RXC,EAST SUSSEX HEALTHCARE NHS TRUST,114768,11.50163781001404,April-2026
Y59,RXQ,BUCKINGHAMSHIRE HEALTHCARE NHS TRUST,92704,13.10356652949246,April-2026
Y59,RYR,UNIVERSITY HOSPITALS SUSSEX NHS FOUNDATION TRUST,231404,15.44291338582677,April-2026
Y59,RYY,KENT COMMUNITY HEALTH NHS FOUNDATION TRUST,9650,5.978960396039604,April-2026
Y60,R1A,HEREFORDSHIRE AND WORCESTERSHIRE HEALTH AND CARE NHS TRUST,62,5.3,April-2026
Y60,R1D,SHROPSHIRE COMMUNITY HEALTH NHS TRUST,15780,10.05722891566265,April-2026
Y60,RBK,WALSALL HEALTHCARE NHS TRUST,55944,9.30232558139535,April-2026
Y60,RFS,CHESTERFIELD ROYAL HOSPITAL NHS FOUNDATION TRUST,54850,12.57616279069767,April-2026
Y60,RJC,SOUTH WARWICKSHIRE UNIVERSITY NHS FOUNDATION TRUST,62314,10.76467803030303,April-2026
Y60,RJE,UNIVERSITY HOSPITALS OF NORTH MIDLANDS NHS TRUST,136648,11.79813084112149,April-2026
Y60,RK5,SHERWOOD FOREST HOSPITALS NHS FOUNDATION TRUST,66522,12.15650969529086,April-2026
Y60,RKB,UNIVERSITY HOSPITALS COVENTRY AND WARWICKSHIRE NHS TRUST,146328,13.99423758865248,April-2026
Y60,RL1,THE ROBERT JONES AND AGNES HUNT ORTHOPAEDIC HOSPITAL NHS FOUNDATION TRUST,27394,12.54828973843058,April-2026
Y60,RL4,THE ROYAL WOLVERHAMPTON NHS TRUST,147182,13.34084821428571,April-2026
Y60,RLQ,WYE VALLEY NHS TRUST,43450,11.15409622886866,April-2026
Y60,RLT,GEORGE ELIOT HOSPITAL NHS TRUST,39138,12.22281776416539,April-2026
Y60,RNA,THE DUDLEY GROUP NHS FOUNDATION TRUST,93254,11.62704918032787,April-2026
Y60,RNQ,KETTERING GENERAL HOSPITAL NHS FOUNDATION TRUST,50910,12.53028503562945,April-2026
Y60,RNS,NORTHAMPTON GENERAL HOSPITAL NHS TRUST,81666,13.80772171253823,April-2026
Y60,RP7,LINCOLNSHIRE PARTNERSHIP NHS FOUNDATION TRUST,20,2.333333333333333,April-2026
Y60,RQ3,BIRMINGHAM WOMEN'S AND CHILDREN'S NHS FOUNDATION TRUST,43232,12.32550860719875,April-2026
Y60,RRE,MIDLANDS PARTNERSHIP UNIVERSITY NHS FOUNDATION TRUST,18554,4.641042780748663,April-2026
Y60,RRJ,THE ROYAL ORTHOPAEDIC HOSPITAL NHS FOUNDATION TRUST,25220,12.09429824561403,April-2026
Y60,RRK,UNIVERSITY HOSPITALS BIRMINGHAM NHS FOUNDATION TRUST,181456,10.87592219986586,April-2026
Y60,RTG,UNIVERSITY HOSPITALS OF DERBY AND BURTON NHS FOUNDATION TRUST,189516,12.8,April-2026
Y60,RWD,UNITED LINCOLNSHIRE TEACHING HOSPITALS NHS TRUST,138150,13.16354218056241,April-2026
Y60,RWE,UNIVERSITY HOSPITALS OF LEICESTER NHS TRUST,229950,14.35490639122014,April-2026
Y60,RWP,WORCESTERSHIRE ACUTE HOSPITALS NHS TRUST,114430,12.47796709753231,April-2026
Y60,RX1,NOTTINGHAM UNIVERSITY HOSPITALS NHS TRUST,170332,12.89186134137151,April-2026
Y60,RXK,SANDWELL AND WEST BIRMINGHAM HOSPITALS NHS TRUST,131260,12.93946973486743,April-2026
Y60,RXW,THE SHREWSBURY AND TELFORD HOSPITAL NHS TRUST,70168,11.2256867112101,April-2026
Y60,RYW,BIRMINGHAM COMMUNITY HEALTHCARE NHS FOUNDATION TRUST,28824,8.855920114122682,April-2026
Y61,RAJ,MID AND SOUTH ESSEX NHS FOUNDATION TRUST,348706,18.4205,April-2026
Y61,RC9,BEDFORDSHIRE HOSPITALS NHS FOUNDATION TRUST,159154,13.08422570016474,April-2026
Y61,RCX,"THE QUEEN ELIZABETH HOSPITAL, KING'S LYNN, NHS FOUNDATION TRUST",50306,13.30532445923461,April-2026
Y61,RD8,MILTON KEYNES UNIVERSITY HOSPITAL NHS FOUNDATION TRUST,71222,13.09268537074148,April-2026
Y61,RDE,EAST SUFFOLK AND NORTH ESSEX NHS FOUNDATION TRUST,182812,12.70816186556927,April-2026
Y61,RGM,ROYAL PAPWORTH HOSPITAL NHS FOUNDATION TRUST,10542,8.115720524017467,April-2026
Y61,RGN,NORTH WEST ANGLIA NHS FOUNDATION TRUST,157682,13.15790742526519,April-2026
Y61,RGP,JAMES PAGET UNIVERSITY HOSPITALS NHS FOUNDATION TRUST,65816,14.92503022974607,April-2026
Y61,RGR,WEST SUFFOLK NHS FOUNDATION TRUST,62002,11.74377394636015,April-2026
Y61,RGT,CAMBRIDGE UNIVERSITY HOSPITALS NHS FOUNDATION TRUST,119508,11.77155172413793,April-2026
Y61,RM1,NORFOLK AND NORWICH UNIVERSITY HOSPITALS NHS FOUNDATION TRUST,136950,12.52822580645161,April-2026
Y61,RQW,THE PRINCESS ALEXANDRA HOSPITAL NHS TRUST,77222,11.70511744966443,April-2026
Y61,RT1,CAMBRIDGESHIRE AND PETERBOROUGH NHS FOUNDATION TRUST,306,22.16666666666667,April-2026
Y61,RWG,WEST HERTFORDSHIRE TEACHING HOSPITALS NHS TRUST,91958,11.69852135815991,April-2026
Y61,RWH,EAST AND NORTH HERTFORDSHIRE TEACHING NHS TRUST,109690,11.59873060648801,April-2026
Y62,R0A,MANCHESTER UNIVERSITY NHS FOUNDATION TRUST,335988,12.77490706319703,April-2026
Y62,RBL,WIRRAL UNIVERSITY TEACHING HOSPITAL NHS FOUNDATION TRUST,87734,11.42254012561061,April-2026
Y62,RBN,MERSEY AND WEST LANCASHIRE TEACHING HOSPITALS NHS TRUST,157628,11.45414847161572,April-2026
Y62,RBQ,LIVERPOOL HEART AND CHEST HOSPITAL NHS FOUNDATION TRUST,10594,8.265845070422536,April-2026
Y62,RBS,ALDER HEY CHILDREN'S NHS FOUNDATION TRUST,32170,11.1522462562396,April-2026
Y62,RBT,MID CHESHIRE HOSPITALS NHS FOUNDATION TRUST,60796,12.01036866359447,April-2026
Y62,RBV,THE CHRISTIE NHS FOUNDATION TRUST,6056,4.384313725490196,April-2026
Y62,REM,LIVERPOOL UNIVERSITY HOSPITALS NHS FOUNDATION TRUST,117450,13.2705008255366,April-2026
Y62,REN,THE CLATTERBRIDGE CANCER CENTRE NHS FOUNDATION TRUST,1682,6.473333333333334,April-2026
Y62,REP,LIVERPOOL WOMEN'S NHS FOUNDATION TRUST,23212,13.33333333333333,April-2026
Y62,RET,THE WALTON CENTRE NHS FOUNDATION TRUST,24368,10.93029490616622,April-2026
Y62,RJN,EAST CHESHIRE NHS TRUST,33748,13.98611111111111,April-2026
Y62,RJR,COUNTESS OF CHESTER HOSPITAL NHS FOUNDATION TRUST,57814,11.40435222672065,April-2026
Y62,RM3,NORTHERN CARE ALLIANCE NHS FOUNDATION TRUST,265612,14.02693239967681,April-2026
Y62,RMC,BOLTON NHS FOUNDATION TRUST,73558,13.20232558139535,April-2026
Y62,RMP,TAMESIDE AND GLOSSOP INTEGRATED CARE NHS FOUNDATION TRUST,32566,9.037066246056783,April-2026
Y62,RRF,"WRIGHTINGTON, WIGAN AND LEIGH TEACHING HOSPITALS NHS FOUNDATION TRUST",88176,13.05568814638027,April-2026
Y62,RTX,UNIVERSITY HOSPITALS OF MORECAMBE BAY NHS FOUNDATION TRUST,68814,9.73373015873016,April-2026
Y62,RW5,LANCASHIRE & SOUTH CUMBRIA NHS FOUNDATION TRUST,7632,7.190243902439025,April-2026
Y62,RWJ,STOCKPORT NHS FOUNDATION TRUST,68630,12.8192118226601,April-2026
Y62,RWW,NORTH CHESHIRE AND MERSEY NHS FOUNDATION TRUST,67290,12.33194444444444,April-2026
Y62,RXL,BLACKPOOL TEACHING HOSPITALS NHS FOUNDATION TRUST,80704,13.30342577487765,April-2026
Y62,RXN,LANCASHIRE TEACHING HOSPITALS NHS FOUNDATION TRUST,122646,14.65722120658135,April-2026
Y62,RXR,EAST LANCASHIRE HOSPITALS NHS TRUST,94696,9.640388768898488,April-2026
Y63,R0B,SOUTH TYNESIDE AND SUNDERLAND NHS FOUNDATION TRUST,117480,8.776119402985074,April-2026
Y63,RAE,BRADFORD TEACHING HOSPITALS NHS FOUNDATION TRUST,62180,11.35114503816794,April-2026
Y63,RCB,YORK AND SCARBOROUGH TEACHING HOSPITALS NHS FOUNDATION TRUST,110192,14.27739463601532,April-2026
Y63,RCD,HARROGATE AND DISTRICT NHS FOUNDATION TRUST,42840,9.185011709601874,April-2026
Y63,RCF,AIREDALE NHS FOUNDATION TRUST,28688,10.21868787276342,April-2026
Y63,RCU,SHEFFIELD CHILDREN'S NHS FOUNDATION TRUST,22616,9.044083526682135,April-2026
Y63,RFF,BARNSLEY HOSPITAL NHS FOUNDATION TRUST,43716,10.12128712871287,April-2026
Y63,RFR,THE ROTHERHAM NHS FOUNDATION TRUST,58838,11.00427756653992,April-2026
Y63,RJL,NORTHERN LINCOLNSHIRE AND GOOLE NHS FOUNDATION TRUST,81586,12.71708333333333,April-2026
Y63,RNN,NORTH CUMBRIA INTEGRATED CARE NHS FOUNDATION TRUST,69954,12.28320479862896,April-2026
Y63,RP5,DONCASTER AND BASSETLAW TEACHING HOSPITALS NHS FOUNDATION TRUST,106974,12.37461773700306,April-2026
Y63,RR7,GATESHEAD HEALTH NHS FOUNDATION TRUST,23624,9.055684454756381,April-2026
Y63,RR8,LEEDS TEACHING HOSPITALS NHS TRUST,173404,10.47477313974592,April-2026
Y63,RTD,THE NEWCASTLE UPON TYNE HOSPITALS NHS FOUNDATION TRUST,166148,9.653324287652646,April-2026
Y63,RTF,NORTHUMBRIA HEALTHCARE NHS FOUNDATION TRUST,74784,9.536057692307692,April-2026
Y63,RTR,SOUTH TEES HOSPITALS NHS FOUNDATION TRUST,110904,11.94882506527415,April-2026
Y63,RVW,NORTH TEES AND HARTLEPOOL NHS FOUNDATION TRUST,45144,9.841573033707865,April-2026
Y63,RWA,HULL UNIVERSITY TEACHING HOSPITALS NHS TRUST,167230,14.3826581027668,April-2026
Y63,RWY,CALDERDALE AND HUDDERSFIELD NHS FOUNDATION TRUST,71970,9.790739411342427,April-2026
Y63,RX4,"CUMBRIA, NORTHUMBERLAND, TYNE AND WEAR NHS FOUNDATION TRUST",278,5.3125,April-2026
Y63,RXF,MID YORKSHIRE TEACHING NHS TRUST,110478,11.29197271773347,April-2026
Y63,RXG,SOUTH WEST YORKSHIRE PARTNERSHIP NHS FOUNDATION TRUST,8770,5.145161290322581,April-2026
Y63,RXP,COUNTY DURHAM AND DARLINGTON NHS FOUNDATION TRUST,105540,11.50571725571726,April-2026
Y63,TAD,BRADFORD DISTRICT CARE NHS FOUNDATION TRUST,1136,15.66666666666667,April-2026
