Region Code,Provider Code,Provider Name,Total number of incomplete pathways,Total within 18 weeks,Total 52 plus weeks,% within 18 weeks,% 52 plus weeks,Month
Y56,R1H,BARTS HEALTH NHS TRUST,246378,136538,7350,55.41809739505963,2.9832209044638724,April-2025
Y56,R1K,LONDON NORTH WEST UNIVERSITY HEALTHCARE NHS TRUST,171354,89466,5726,52.21121187716656,3.3416202714847625,April-2025
Y56,RAL,ROYAL FREE LONDON NHS FOUNDATION TRUST,298200,167944,7792,56.31924882629108,2.613011401743796,April-2025
Y56,RAN,ROYAL NATIONAL ORTHOPAEDIC HOSPITAL NHS TRUST,16908,11686,96,69.11521173409038,0.5677785663591199,April-2025
Y56,RAS,THE HILLINGDON HOSPITALS NHS FOUNDATION TRUST,62086,33356,862,53.72547756337983,1.3883967400057984,April-2025
Y56,RAX,KINGSTON AND RICHMOND NHS FOUNDATION TRUST,84378,55702,526,66.01483799094551,0.6233852425987817,April-2025
Y56,RF4,"BARKING, HAVERING AND REDBRIDGE UNIVERSITY HOSPITALS NHS TRUST",113316,78638,1120,69.39708425994564,0.9883864591055104,April-2025
Y56,RJ1,GUY'S AND ST THOMAS' NHS FOUNDATION TRUST,240904,146546,4760,60.83170059442765,1.9758908112775215,April-2025
Y56,RJ2,LEWISHAM AND GREENWICH NHS TRUST,110978,61884,5422,55.76240335922436,4.885653012308746,April-2025
Y56,RJ6,CROYDON HEALTH SERVICES NHS TRUST,68860,47076,1718,68.36479814115597,2.4949172233517283,April-2025
Y56,RJ7,ST GEORGE'S UNIVERSITY HOSPITALS NHS FOUNDATION TRUST,139690,85298,2840,61.06235235163576,2.0330732335886608,April-2025
Y56,RJZ,KING'S COLLEGE HOSPITAL NHS FOUNDATION TRUST,175144,109058,2678,62.26761978714658,1.52902754305029,April-2025
Y56,RKE,WHITTINGTON HEALTH NHS TRUST,49062,31054,584,63.29542211895153,1.190330602095308,April-2025
Y56,RP4,GREAT ORMOND STREET HOSPITAL FOR CHILDREN NHS FOUNDATION TRUST,16286,11130,474,68.34090629988947,2.9104752548200907,April-2025
Y56,RP6,MOORFIELDS EYE HOSPITAL NHS FOUNDATION TRUST,66456,54982,44,82.73444083303238,0.06620922113879861,April-2025
Y56,RPG,OXLEAS NHS FOUNDATION TRUST,4014,2174,624,54.1604384653712,15.54559043348281,April-2025
Y56,RPY,THE ROYAL MARSDEN NHS FOUNDATION TRUST,3696,3404,6,92.09956709956711,0.16233766233766234,April-2025
Y56,RQM,CHELSEA AND WESTMINSTER HOSPITAL NHS FOUNDATION TRUST,134576,79424,946,59.017952681012964,0.7029485197955059,April-2025
Y56,RQX,HOMERTON HEALTHCARE NHS FOUNDATION TRUST,72770,45618,302,62.68792084650268,0.41500618386697813,April-2025
Y56,RRV,UNIVERSITY COLLEGE LONDON HOSPITALS NHS FOUNDATION TRUST,148122,87078,2488,58.78802608660428,1.6796964664263243,April-2025
Y56,RVR,EPSOM AND ST HELIER UNIVERSITY HOSPITALS NHS TRUST,99502,64722,1694,65.04592872505074,1.7024783421438765,April-2025
Y56,RYJ,IMPERIAL COLLEGE HEALTHCARE NHS TRUST,176710,106428,3498,60.22749137004131,1.9795144587176732,April-2025
Y58,R0D,UNIVERSITY HOSPITALS DORSET NHS FOUNDATION TRUST,128914,78378,4522,60.7986719828723,3.5077648665001475,April-2025
Y58,RA7,UNIVERSITY HOSPITALS BRISTOL AND WESTON NHS FOUNDATION TRUST,108886,69306,1520,63.650056021894464,1.3959554028984442,April-2025
Y58,RA9,TORBAY AND SOUTH DEVON NHS FOUNDATION TRUST,69244,43842,1828,63.31523308878748,2.6399399225925713,April-2025
Y58,RBD,DORSET COUNTY HOSPITAL NHS FOUNDATION TRUST,44966,26486,896,58.90228172396922,1.9926166436863408,April-2025
Y58,RD1,ROYAL UNITED HOSPITALS BATH NHS FOUNDATION TRUST,82682,50116,1282,60.61295082363755,1.5505188553736,April-2025
Y58,REF,ROYAL CORNWALL HOSPITALS NHS TRUST,81340,57098,694,70.19670518809934,0.8532087533808704,April-2025
Y58,RH5,SOMERSET NHS FOUNDATION TRUST,116850,75108,2874,64.27727856225931,2.459563543003851,April-2025
Y58,RH8,ROYAL DEVON UNIVERSITY HEALTHCARE NHS FOUNDATION TRUST,143688,86380,4418,60.116363231445916,3.0747174433494795,April-2025
Y58,RJ8,CORNWALL PARTNERSHIP NHS FOUNDATION TRUST,1114,1092,12,98.02513464991023,1.0771992818671454,April-2025
Y58,RK9,UNIVERSITY HOSPITALS PLYMOUTH NHS TRUST,96012,57446,3510,59.8321043202933,3.655793025871766,April-2025
Y58,RN3,GREAT WESTERN HOSPITALS NHS FOUNDATION TRUST,75008,43352,1632,57.79650170648464,2.1757679180887375,April-2025
Y58,RNZ,SALISBURY NHS FOUNDATION TRUST,55986,36366,1144,64.95552459543458,2.043367984853356,April-2025
Y58,RTE,GLOUCESTERSHIRE HOSPITALS NHS FOUNDATION TRUST,133652,92226,186,69.00457905605603,0.13916738993804806,April-2025
Y58,RVJ,NORTH BRISTOL NHS TRUST,85214,53848,432,63.19149435538761,0.5069589504072101,April-2025
Y59,R1F,ISLE OF WIGHT NHS TRUST,27370,16218,140,59.25465838509317,0.5115089514066496,April-2025
Y59,RA2,ROYAL SURREY COUNTY HOSPITAL NHS FOUNDATION TRUST,60302,33210,2700,55.072800238798045,4.477463434048621,April-2025
Y59,RDR,SUSSEX COMMUNITY NHS FOUNDATION TRUST,23460,17074,8,72.77919863597613,0.03410059676044331,April-2025
Y59,RDU,FRIMLEY HEALTH NHS FOUNDATION TRUST,144412,77788,6220,53.86532975099022,4.307121291859403,April-2025
Y59,RHM,UNIVERSITY HOSPITAL SOUTHAMPTON NHS FOUNDATION TRUST,124612,78588,2436,63.06615735242191,1.9548679099926172,April-2025
Y59,RHU,PORTSMOUTH HOSPITALS UNIVERSITY NHS TRUST,121982,64552,5618,52.91928317292716,4.605597547179092,April-2025
Y59,RHW,ROYAL BERKSHIRE NHS FOUNDATION TRUST,76272,58106,84,76.18260960771974,0.11013215859030838,April-2025
Y59,RN5,HAMPSHIRE HOSPITALS NHS FOUNDATION TRUST,101794,59146,2842,58.103621038568086,2.7919130793563474,April-2025
Y59,RN7,DARTFORD AND GRAVESHAM NHS TRUST,62536,37890,1356,60.589100678009466,2.168351029806831,April-2025
Y59,RPA,MEDWAY NHS FOUNDATION TRUST,80342,42854,3436,53.33947374971994,4.276717034676756,April-2025
Y59,RPC,QUEEN VICTORIA HOSPITAL NHS FOUNDATION TRUST,36230,21338,794,58.89594258901462,2.1915539608059618,April-2025
Y59,RTH,OXFORD UNIVERSITY HOSPITALS NHS FOUNDATION TRUST,175858,100722,5698,57.274619295113105,3.2401141830340388,April-2025
Y59,RTK,ASHFORD AND ST PETER'S HOSPITALS NHS FOUNDATION TRUST,118664,68184,1526,57.45971819591451,1.285983954695611,April-2025
Y59,RTP,SURREY AND SUSSEX HEALTHCARE NHS TRUST,109026,60772,1830,55.74083246198155,1.6784987067305048,April-2025
Y59,RVV,EAST KENT HOSPITALS UNIVERSITY NHS FOUNDATION TRUST,166212,89834,5296,54.04784251437923,3.18629220513561,April-2025
Y59,RW1,HAMPSHIRE AND ISLE OF WIGHT HEALTHCARE NHS FOUNDATION TRUST,7922,7350,0,92.7796011108306,0.0,April-2025
Y59,RWF,MAIDSTONE AND TUNBRIDGE WELLS NHS TRUST,92474,67058,2,72.51551787529468,0.0021627700759132298,April-2025
Y59,RWX,BERKSHIRE HEALTHCARE NHS FOUNDATION TRUST,168,166,0,98.80952380952381,0.0,April-2025
Y59,RXC,EAST SUSSEX HEALTHCARE NHS TRUST,126066,75750,2018,60.087573175955455,1.6007488141132422,April-2025
Y59,RXQ,BUCKINGHAMSHIRE HEALTHCARE NHS TRUST,97084,55496,2598,57.162869267850525,2.676033125952783,April-2025
Y59,RYR,UNIVERSITY HOSPITALS SUSSEX NHS FOUNDATION TRUST,230440,115838,13848,50.268182607186255,6.009373372678355,April-2025
Y59,RYY,KENT COMMUNITY HEALTH NHS FOUNDATION TRUST,6648,6642,0,99.90974729241877,0.0,April-2025
Y60,R1A,HEREFORDSHIRE AND WORCESTERSHIRE HEALTH AND CARE NHS TRUST,192,186,0,96.875,0.0,April-2025
Y60,R1D,SHROPSHIRE COMMUNITY HEALTH NHS TRUST,18702,10880,560,58.175596192920544,2.9943321569885573,April-2025
Y60,RBK,WALSALL HEALTHCARE NHS TRUST,57108,39752,204,69.6084611613084,0.35721790292078165,April-2025
Y60,RFS,CHESTERFIELD ROYAL HOSPITAL NHS FOUNDATION TRUST,57980,32222,1704,55.57433597792342,2.9389444636081405,April-2025
Y60,RJC,SOUTH WARWICKSHIRE UNIVERSITY NHS FOUNDATION TRUST,63818,41280,1008,64.68394496850418,1.5794916794634744,April-2025
Y60,RJE,UNIVERSITY HOSPITALS OF NORTH MIDLANDS NHS TRUST,132808,82388,3330,62.03541955303897,2.507379073549786,April-2025
Y60,RK5,SHERWOOD FOREST HOSPITALS NHS FOUNDATION TRUST,70634,44974,906,63.67188606053742,1.2826684033185152,April-2025
Y60,RKB,UNIVERSITY HOSPITALS COVENTRY AND WARWICKSHIRE NHS TRUST,166150,84688,3876,50.97080950947939,2.332831778513391,April-2025
Y60,RL1,THE ROBERT JONES AND AGNES HUNT ORTHOPAEDIC HOSPITAL NHS FOUNDATION TRUST,33980,15264,2006,44.92054149499706,5.903472630959388,April-2025
Y60,RL4,THE ROYAL WOLVERHAMPTON NHS TRUST,172008,89684,4378,52.13943537509883,2.5452304543974695,April-2025
Y60,RLQ,WYE VALLEY NHS TRUST,47092,26882,1052,57.08400577592797,2.233925082816614,April-2025
Y60,RLT,GEORGE ELIOT HOSPITAL NHS TRUST,40520,23528,1492,58.065153010858836,3.6821322803553804,April-2025
Y60,RNA,THE DUDLEY GROUP NHS FOUNDATION TRUST,90900,55762,1602,61.34433443344335,1.7623762376237622,April-2025
Y60,RNQ,KETTERING GENERAL HOSPITAL NHS FOUNDATION TRUST,49698,33064,342,66.52984023501952,0.6881564650488953,April-2025
Y60,RNS,NORTHAMPTON GENERAL HOSPITAL NHS TRUST,83922,52040,1426,62.009961631038344,1.6991968732871,April-2025
Y60,RP7,LINCOLNSHIRE PARTNERSHIP NHS FOUNDATION TRUST,82,76,2,92.6829268292683,2.4390243902439024,April-2025
Y60,RQ3,BIRMINGHAM WOMEN'S AND CHILDREN'S NHS FOUNDATION TRUST,52506,30532,200,58.14954481392603,0.38090884851255097,April-2025
Y60,RRE,MIDLANDS PARTNERSHIP UNIVERSITY NHS FOUNDATION TRUST,13080,12642,4,96.65137614678899,0.03058103975535168,April-2025
Y60,RRJ,THE ROYAL ORTHOPAEDIC HOSPITAL NHS FOUNDATION TRUST,25478,14174,972,55.63231022843237,3.8150561268545413,April-2025
Y60,RRK,UNIVERSITY HOSPITALS BIRMINGHAM NHS FOUNDATION TRUST,209794,104302,10390,49.71638845724854,4.952477191912067,April-2025
Y60,RTG,UNIVERSITY HOSPITALS OF DERBY AND BURTON NHS FOUNDATION TRUST,215860,116602,4374,54.01741869730381,2.026313351246178,April-2025
Y60,RWD,UNITED LINCOLNSHIRE TEACHING HOSPITALS NHS TRUST,140084,75370,3550,53.803432226378455,2.5341937694526138,April-2025
Y60,RWE,UNIVERSITY HOSPITALS OF LEICESTER NHS TRUST,215608,120794,4212,56.024822826611256,1.9535453229935809,April-2025
Y60,RWP,WORCESTERSHIRE ACUTE HOSPITALS NHS TRUST,110000,65254,1808,59.32181818181819,1.6436363636363638,April-2025
Y60,RX1,NOTTINGHAM UNIVERSITY HOSPITALS NHS TRUST,166162,95738,3880,57.61726507865818,2.335070593757899,April-2025
Y60,RXK,SANDWELL AND WEST BIRMINGHAM HOSPITALS NHS TRUST,130450,71996,2502,55.190494442315064,1.9179762361057877,April-2025
Y60,RXW,THE SHREWSBURY AND TELFORD HOSPITAL NHS TRUST,82476,40918,2624,49.612008341820655,3.181531597070663,April-2025
Y60,RYW,BIRMINGHAM COMMUNITY HEALTHCARE NHS FOUNDATION TRUST,31696,20868,104,65.8379606259465,0.3281171125694094,April-2025
Y61,RAJ,MID AND SOUTH ESSEX NHS FOUNDATION TRUST,345462,162406,21896,47.01124870463322,6.338179018242237,April-2025
Y61,RC9,BEDFORDSHIRE HOSPITALS NHS FOUNDATION TRUST,200830,107028,5548,53.29283473584624,2.762535477767266,April-2025
Y61,RCX,"THE QUEEN ELIZABETH HOSPITAL, KING'S LYNN, NHS FOUNDATION TRUST",53768,31384,1186,58.369290284183904,2.2057729504538015,April-2025
Y61,RD8,MILTON KEYNES UNIVERSITY HOSPITAL NHS FOUNDATION TRUST,63538,29764,3108,46.84440807076081,4.891560955648588,April-2025
Y61,RDE,EAST SUFFOLK AND NORTH ESSEX NHS FOUNDATION TRUST,183786,101372,6466,55.157628981532866,3.5182222802607384,April-2025
Y61,RGM,ROYAL PAPWORTH HOSPITAL NHS FOUNDATION TRUST,14282,9214,112,64.51477384119872,0.7842038930121831,April-2025
Y61,RGN,NORTH WEST ANGLIA NHS FOUNDATION TRUST,154698,81682,5950,52.800941188638504,3.8462035708283238,April-2025
Y61,RGP,JAMES PAGET UNIVERSITY HOSPITALS NHS FOUNDATION TRUST,69982,38006,3440,54.308250693035355,4.915549712783287,April-2025
Y61,RGR,WEST SUFFOLK NHS FOUNDATION TRUST,71112,39494,2832,55.53774327820902,3.9824502193722577,April-2025
Y61,RGT,CAMBRIDGE UNIVERSITY HOSPITALS NHS FOUNDATION TRUST,130644,75118,5056,57.49823949052386,3.870059091883286,April-2025
Y61,RM1,NORFOLK AND NORWICH UNIVERSITY HOSPITALS NHS FOUNDATION TRUST,160486,85150,7426,53.05758757773263,4.627194895504904,April-2025
Y61,RQW,THE PRINCESS ALEXANDRA HOSPITAL NHS TRUST,102790,50138,4806,48.7771183967312,4.675552096507443,April-2025
Y61,RT1,CAMBRIDGESHIRE AND PETERBOROUGH NHS FOUNDATION TRUST,678,354,140,52.21238938053098,20.64896755162242,April-2025
Y61,RWG,WEST HERTFORDSHIRE TEACHING HOSPITALS NHS TRUST,92354,57442,1868,62.19763085518765,2.022651969595253,April-2025
Y61,RWH,EAST AND NORTH HERTFORDSHIRE NHS TRUST,111718,70050,2132,62.70251884208453,1.9083764478418876,April-2025
Y62,R0A,MANCHESTER UNIVERSITY NHS FOUNDATION TRUST,384460,196242,16808,51.04354159080269,4.371846225875253,April-2025
Y62,RBL,WIRRAL UNIVERSITY TEACHING HOSPITAL NHS FOUNDATION TRUST,92800,55438,2256,59.73922413793103,2.4310344827586206,April-2025
Y62,RBN,MERSEY AND WEST LANCASHIRE TEACHING HOSPITALS NHS TRUST,151360,97246,4024,64.24815010570825,2.6585623678646932,April-2025
Y62,RBQ,LIVERPOOL HEART AND CHEST HOSPITAL NHS FOUNDATION TRUST,10966,7506,100,68.44792996534744,0.9119095385737734,April-2025
Y62,RBS,ALDER HEY CHILDREN'S NHS FOUNDATION TRUST,40086,21750,724,54.258344559197724,1.8061168487751336,April-2025
Y62,RBT,MID CHESHIRE HOSPITALS NHS FOUNDATION TRUST,71150,39226,3226,55.13141250878426,4.5340829234012645,April-2025
Y62,RBV,THE CHRISTIE NHS FOUNDATION TRUST,5614,5310,0,94.58496615603848,0.0,April-2025
Y62,REM,LIVERPOOL UNIVERSITY HOSPITALS NHS FOUNDATION TRUST,140366,75386,6004,53.70673809896983,4.277389111323255,April-2025
Y62,REN,THE CLATTERBRIDGE CANCER CENTRE NHS FOUNDATION TRUST,2030,1990,0,98.0295566502463,0.0,April-2025
Y62,REP,LIVERPOOL WOMEN'S NHS FOUNDATION TRUST,33152,16642,820,50.199083011583014,2.4734555984555984,April-2025
Y62,RET,THE WALTON CENTRE NHS FOUNDATION TRUST,28720,17852,260,62.15877437325905,0.9052924791086351,April-2025
Y62,RJN,EAST CHESHIRE NHS TRUST,27074,16028,218,59.20070916746695,0.8052005614242446,April-2025
Y62,RJR,COUNTESS OF CHESTER HOSPITAL NHS FOUNDATION TRUST,67392,31724,4416,47.07383665716999,6.552706552706552,April-2025
Y62,RM3,NORTHERN CARE ALLIANCE NHS FOUNDATION TRUST,277424,145350,9922,52.3927273775881,3.5764749985581634,April-2025
Y62,RMC,BOLTON NHS FOUNDATION TRUST,76346,41928,2508,54.918397820449,3.2850444031121473,April-2025
Y62,RMP,TAMESIDE AND GLOSSOP INTEGRATED CARE NHS FOUNDATION TRUST,34412,24352,0,70.76601185632919,0.0,April-2025
Y62,RRF,"WRIGHTINGTON, WIGAN AND LEIGH NHS FOUNDATION TRUST",100818,57088,3970,56.62480906187387,3.9377888869051163,April-2025
Y62,RTX,UNIVERSITY HOSPITALS OF MORECAMBE BAY NHS FOUNDATION TRUST,69206,47194,972,68.19350923330347,1.4045024997832558,April-2025
Y62,RW4,MERSEY CARE NHS FOUNDATION TRUST,92,80,4,86.95652173913044,4.3478260869565215,April-2025
Y62,RW5,LANCASHIRE & SOUTH CUMBRIA NHS FOUNDATION TRUST,5762,5622,0,97.57028809441167,0.0,April-2025
Y62,RWJ,STOCKPORT NHS FOUNDATION TRUST,70380,38820,2920,55.15771526001705,4.1489059391872685,April-2025
Y62,RWW,WARRINGTON AND HALTON TEACHING HOSPITALS NHS FOUNDATION TRUST,68912,38972,3054,56.55328534943116,4.431739029486882,April-2025
Y62,RXL,BLACKPOOL TEACHING HOSPITALS NHS FOUNDATION TRUST,68312,38034,2642,55.676894249912166,3.8675488933130344,April-2025
Y62,RXN,LANCASHIRE TEACHING HOSPITALS NHS FOUNDATION TRUST,123028,67448,3282,54.823292258672815,2.667685404948467,April-2025
Y62,RXR,EAST LANCASHIRE HOSPITALS NHS TRUST,120470,68022,5196,56.4638499211422,4.313106997592762,April-2025
Y63,R0B,SOUTH TYNESIDE AND SUNDERLAND NHS FOUNDATION TRUST,114806,86094,50,74.99085413654339,0.04355173074577984,April-2025
Y63,RAE,BRADFORD TEACHING HOSPITALS NHS FOUNDATION TRUST,65082,41124,298,63.18797824283212,0.45788390031037773,April-2025
Y63,RCB,YORK AND SCARBOROUGH TEACHING HOSPITALS NHS FOUNDATION TRUST,99236,56202,2298,56.63468902414447,2.31569188600911,April-2025
Y63,RCD,HARROGATE AND DISTRICT NHS FOUNDATION TRUST,41516,29220,2,70.38250313132286,0.004817419789960497,April-2025
Y63,RCF,AIREDALE NHS FOUNDATION TRUST,27504,19634,140,71.38598022105876,0.5090168702734148,April-2025
Y63,RCU,SHEFFIELD CHILDREN'S NHS FOUNDATION TRUST,24354,16084,488,66.04253921327093,2.003777613533711,April-2025
Y63,RFF,BARNSLEY HOSPITAL NHS FOUNDATION TRUST,49408,34664,238,70.15867875647669,0.48170336787564766,April-2025
Y63,RFR,THE ROTHERHAM NHS FOUNDATION TRUST,63698,41940,1540,65.8419416622186,2.417658325222142,April-2025
Y63,RHQ,SHEFFIELD TEACHING HOSPITALS NHS FOUNDATION TRUST,183772,117094,3770,63.71699714864071,2.0514550638835076,April-2025
Y63,RJL,NORTHERN LINCOLNSHIRE AND GOOLE NHS FOUNDATION TRUST,82482,49176,1928,59.62028078853569,2.3374796925389782,April-2025
Y63,RNN,NORTH CUMBRIA INTEGRATED CARE NHS FOUNDATION TRUST,77372,43738,1868,56.52949387375278,2.414310086336142,April-2025
Y63,RP5,DONCASTER AND BASSETLAW TEACHING HOSPITALS NHS FOUNDATION TRUST,108574,66070,2942,60.85250612485493,2.7096726656473926,April-2025
Y63,RR7,GATESHEAD HEALTH NHS FOUNDATION TRUST,26130,18142,32,69.42977420589361,0.12246460007654038,April-2025
Y63,RR8,LEEDS TEACHING HOSPITALS NHS TRUST,178032,115866,4966,65.08155837152871,2.789386177765795,April-2025
Y63,RTD,THE NEWCASTLE UPON TYNE HOSPITALS NHS FOUNDATION TRUST,188584,136918,3024,72.60319009035761,1.6035294616722522,April-2025
Y63,RTF,NORTHUMBRIA HEALTHCARE NHS FOUNDATION TRUST,71950,57202,30,79.50243224461431,0.04169562195969423,April-2025
Y63,RTR,SOUTH TEES HOSPITALS NHS FOUNDATION TRUST,113482,69260,3138,61.031705468708694,2.7651962425759153,April-2025
Y63,RVW,NORTH TEES AND HARTLEPOOL NHS FOUNDATION TRUST,41384,30552,404,73.82563309491591,0.9762226947612603,April-2025
Y63,RWA,HULL UNIVERSITY TEACHING HOSPITALS NHS TRUST,155980,88610,5598,56.80856520066675,3.5889216566226443,April-2025
Y63,RWY,CALDERDALE AND HUDDERSFIELD NHS FOUNDATION TRUST,72180,48976,76,67.85259074535882,0.10529232474369632,April-2025
Y63,RX4,"CUMBRIA, NORTHUMBERLAND, TYNE AND WEAR NHS FOUNDATION TRUST",392,388,0,98.9795918367347,0.0,April-2025
Y63,RXF,MID YORKSHIRE TEACHING NHS TRUST,110626,67924,738,61.399670963426324,0.6671126136712888,April-2025
Y63,RXG,SOUTH WEST YORKSHIRE PARTNERSHIP NHS FOUNDATION TRUST,8150,7914,0,97.1042944785276,0.0,April-2025
Y63,RXP,COUNTY DURHAM AND DARLINGTON NHS FOUNDATION TRUST,74006,50198,598,67.82963543496473,0.8080425911412589,April-2025
Y63,RY6,LEEDS COMMUNITY HEALTHCARE NHS TRUST,8,0,0,0.0,0.0,April-2025
Y63,TAD,BRADFORD DISTRICT CARE NHS FOUNDATION TRUST,1126,782,12,69.44937833037301,1.0657193605683837,April-2025
Y56,R1H,BARTS HEALTH NHS TRUST,270220,152438,10218,56.41255273480867,3.7813633335800456,May-2025
Y56,R1K,LONDON NORTH WEST UNIVERSITY HEALTHCARE NHS TRUST,169632,90978,5620,53.63256932654215,3.3130541407281644,May-2025
Y56,RAL,ROYAL FREE LONDON NHS FOUNDATION TRUST,292766,166104,8418,56.73609640463715,2.8753338843991445,May-2025
Y56,RAN,ROYAL NATIONAL ORTHOPAEDIC HOSPITAL NHS TRUST,17278,12066,138,69.83447158235907,0.798703553652043,May-2025
Y56,RAS,THE HILLINGDON HOSPITALS NHS FOUNDATION TRUST,60880,33922,912,55.71944809461235,1.4980289093298291,May-2025
Y56,RAX,KINGSTON AND RICHMOND NHS FOUNDATION TRUST,83880,55416,384,66.06580829756795,0.4577968526466381,May-2025
Y56,RF4,"BARKING, HAVERING AND REDBRIDGE UNIVERSITY HOSPITALS NHS TRUST",112168,78510,1220,69.99322444904072,1.08765423293631,May-2025
Y56,RJ1,GUY'S AND ST THOMAS' NHS FOUNDATION TRUST,240190,151086,5196,62.90270202756152,2.1632873974769975,May-2025
Y56,RJ2,LEWISHAM AND GREENWICH NHS TRUST,106114,58306,5054,54.94656689974933,4.762802269257591,May-2025
Y56,RJ6,CROYDON HEALTH SERVICES NHS TRUST,72210,50276,1880,69.62470571942944,2.603517518349259,May-2025
Y56,RJ7,ST GEORGE'S UNIVERSITY HOSPITALS NHS FOUNDATION TRUST,140528,87476,3380,62.24809290675169,2.4052146191506316,May-2025
Y56,RJZ,KING'S COLLEGE HOSPITAL NHS FOUNDATION TRUST,167246,104040,3166,62.20776580605815,1.8930198629563637,May-2025
Y56,RKE,WHITTINGTON HEALTH NHS TRUST,50636,33576,700,66.30855517813413,1.3824156726439687,May-2025
Y56,RP4,GREAT ORMOND STREET HOSPITAL FOR CHILDREN NHS FOUNDATION TRUST,16684,11654,468,69.85135459122512,2.8050827139774634,May-2025
Y56,RP6,MOORFIELDS EYE HOSPITAL NHS FOUNDATION TRUST,66284,54464,58,82.16764226661034,0.08750226298956008,May-2025
Y56,RPG,OXLEAS NHS FOUNDATION TRUST,3880,2020,656,52.0618556701031,16.90721649484536,May-2025
Y56,RPY,THE ROYAL MARSDEN NHS FOUNDATION TRUST,4026,3784,10,93.98907103825137,0.24838549428713363,May-2025
Y56,RQM,CHELSEA AND WESTMINSTER HOSPITAL NHS FOUNDATION TRUST,133568,79860,1476,59.78977000479156,1.105055103018687,May-2025
Y56,RQX,HOMERTON HEALTHCARE NHS FOUNDATION TRUST,72418,46104,526,63.663730011875494,0.7263387555580104,May-2025
Y56,RRV,UNIVERSITY COLLEGE LONDON HOSPITALS NHS FOUNDATION TRUST,149662,90172,2822,60.250430971121595,1.8855821785089069,May-2025
Y56,RVR,EPSOM AND ST HELIER UNIVERSITY HOSPITALS NHS TRUST,107798,70938,1900,65.80641570344532,1.762555891574983,May-2025
Y56,RYJ,IMPERIAL COLLEGE HEALTHCARE NHS TRUST,173522,104658,3458,60.31396595244407,1.9928308802342067,May-2025
Y58,R0D,UNIVERSITY HOSPITALS DORSET NHS FOUNDATION TRUST,124492,77558,4130,62.29958551553514,3.3174822478552835,May-2025
Y58,RA7,UNIVERSITY HOSPITALS BRISTOL AND WESTON NHS FOUNDATION TRUST,110464,71370,1546,64.60928447276942,1.3995509849362688,May-2025
Y58,RA9,TORBAY AND SOUTH DEVON NHS FOUNDATION TRUST,67886,44504,1610,65.55696314409451,2.3716230150546505,May-2025
Y58,RBD,DORSET COUNTY HOSPITAL NHS FOUNDATION TRUST,45256,26944,878,59.53685699133816,1.9400742442990986,May-2025
Y58,RD1,ROYAL UNITED HOSPITALS BATH NHS FOUNDATION TRUST,83740,50710,1742,60.55648435634106,2.080248387867208,May-2025
Y58,REF,ROYAL CORNWALL HOSPITALS NHS TRUST,82892,59246,762,71.47372484678858,0.9192684456883655,May-2025
Y58,RH5,SOMERSET NHS FOUNDATION TRUST,114052,74488,3140,65.31056009539509,2.7531301511591204,May-2025
Y58,RH8,ROYAL DEVON UNIVERSITY HEALTHCARE NHS FOUNDATION TRUST,145810,87908,4826,60.28941773540909,3.3097867087305395,May-2025
Y58,RJ8,CORNWALL PARTNERSHIP NHS FOUNDATION TRUST,982,970,0,98.77800407331976,0.0,May-2025
Y58,RK9,UNIVERSITY HOSPITALS PLYMOUTH NHS TRUST,95990,58036,3722,60.46046463173247,3.877487238253985,May-2025
Y58,RN3,GREAT WESTERN HOSPITALS NHS FOUNDATION TRUST,74934,44634,1528,59.56441668668428,2.0391277657672084,May-2025
Y58,RNZ,SALISBURY NHS FOUNDATION TRUST,58458,39030,1048,66.76588319819358,1.7927400868999965,May-2025
Y58,RTE,GLOUCESTERSHIRE HOSPITALS NHS FOUNDATION TRUST,125940,86404,150,68.60727330474829,0.11910433539780849,May-2025
Y58,RVJ,NORTH BRISTOL NHS TRUST,87690,56630,398,64.57976964306079,0.4538715931120994,May-2025
Y59,R1F,ISLE OF WIGHT NHS TRUST,27192,16688,94,61.37099146807885,0.3456899087967049,May-2025
Y59,RA2,ROYAL SURREY COUNTY HOSPITAL NHS FOUNDATION TRUST,59274,32782,2658,55.305867665418226,4.484259540439315,May-2025
Y59,RDR,SUSSEX COMMUNITY NHS FOUNDATION TRUST,24010,17870,12,74.42732194918784,0.04997917534360683,May-2025
Y59,RDU,FRIMLEY HEALTH NHS FOUNDATION TRUST,148976,82842,5968,55.60761464933949,4.006014391579852,May-2025
Y59,RHM,UNIVERSITY HOSPITAL SOUTHAMPTON NHS FOUNDATION TRUST,125882,81058,2608,64.3920496973356,2.071781509667784,May-2025
Y59,RHU,PORTSMOUTH HOSPITALS UNIVERSITY NHS TRUST,117874,65866,5334,55.87831073858527,4.525170945246619,May-2025
Y59,RHW,ROYAL BERKSHIRE NHS FOUNDATION TRUST,75236,59964,38,79.70120686905206,0.050507735658461374,May-2025
Y59,RN5,HAMPSHIRE HOSPITALS NHS FOUNDATION TRUST,103034,61618,3226,59.80355998990624,3.131005299221616,May-2025
Y59,RN7,DARTFORD AND GRAVESHAM NHS TRUST,63704,37938,1472,59.55356021599899,2.310686927037549,May-2025
Y59,RPA,MEDWAY NHS FOUNDATION TRUST,80174,43108,3554,53.76805448150274,4.432858532691396,May-2025
Y59,RPC,QUEEN VICTORIA HOSPITAL NHS FOUNDATION TRUST,35248,21474,772,60.92260553790286,2.1901951883794823,May-2025
Y59,RTH,OXFORD UNIVERSITY HOSPITALS NHS FOUNDATION TRUST,173176,100802,5628,58.207834803898926,3.2498729616113087,May-2025
Y59,RTK,ASHFORD AND ST PETER'S HOSPITALS NHS FOUNDATION TRUST,114766,67730,1692,59.01573636791384,1.4743042364463343,May-2025
Y59,RTP,SURREY AND SUSSEX HEALTHCARE NHS TRUST,103648,58652,1898,56.58768138314294,1.8311979005866008,May-2025
Y59,RVV,EAST KENT HOSPITALS UNIVERSITY NHS FOUNDATION TRUST,164270,89868,4932,54.70749376027272,3.0023741401351436,May-2025
Y59,RW1,HAMPSHIRE AND ISLE OF WIGHT HEALTHCARE NHS FOUNDATION TRUST,8230,7668,0,93.17132442284326,0.0,May-2025
Y59,RWF,MAIDSTONE AND TUNBRIDGE WELLS NHS TRUST,93976,68238,8,72.61215629522432,0.008512811781731506,May-2025
Y59,RWX,BERKSHIRE HEALTHCARE NHS FOUNDATION TRUST,160,160,0,100.0,0.0,May-2025
Y59,RXC,EAST SUSSEX HEALTHCARE NHS TRUST,123094,76322,1680,62.00302208068631,1.3648106325247373,May-2025
Y59,RXQ,BUCKINGHAMSHIRE HEALTHCARE NHS TRUST,98064,56358,2646,57.47063142437592,2.698237885462555,May-2025
Y59,RYR,UNIVERSITY HOSPITALS SUSSEX NHS FOUNDATION TRUST,225964,115060,13650,50.91961551397568,6.040785257828681,May-2025
Y59,RYY,KENT COMMUNITY HEALTH NHS FOUNDATION TRUST,7616,7604,0,99.84243697478992,0.0,May-2025
Y60,R1A,HEREFORDSHIRE AND WORCESTERSHIRE HEALTH AND CARE NHS TRUST,240,236,2,98.33333333333333,0.8333333333333334,May-2025
Y60,R1D,SHROPSHIRE COMMUNITY HEALTH NHS TRUST,18436,10934,550,59.30787589498807,2.983293556085919,May-2025
Y60,RBK,WALSALL HEALTHCARE NHS TRUST,56774,39752,170,70.01796597033854,0.2994328389755874,May-2025
Y60,RFS,CHESTERFIELD ROYAL HOSPITAL NHS FOUNDATION TRUST,62494,36608,1766,58.57842352865875,2.8258712836432296,May-2025
Y60,RJC,SOUTH WARWICKSHIRE UNIVERSITY NHS FOUNDATION TRUST,65282,42918,1346,65.74247112527189,2.0618240862718666,May-2025
Y60,RJE,UNIVERSITY HOSPITALS OF NORTH MIDLANDS NHS TRUST,128460,80894,3430,62.97213140277129,2.6700918573875136,May-2025
Y60,RK5,SHERWOOD FOREST HOSPITALS NHS FOUNDATION TRUST,69382,44414,866,64.01372113804733,1.2481623475829464,May-2025
Y60,RKB,UNIVERSITY HOSPITALS COVENTRY AND WARWICKSHIRE NHS TRUST,160726,84312,4318,52.456976469270685,2.686559735201523,May-2025
Y60,RL1,THE ROBERT JONES AND AGNES HUNT ORTHOPAEDIC HOSPITAL NHS FOUNDATION TRUST,34560,15376,2376,44.49074074074074,6.875000000000001,May-2025
Y60,RL4,THE ROYAL WOLVERHAMPTON NHS TRUST,160226,87024,4936,54.313282488485015,3.080648583875276,May-2025
Y60,RLQ,WYE VALLEY NHS TRUST,47134,27990,1238,59.38388424491874,2.626554079857428,May-2025
Y60,RLT,GEORGE ELIOT HOSPITAL NHS TRUST,41148,23994,1662,58.31146106736658,4.039078448527268,May-2025
Y60,RNA,THE DUDLEY GROUP NHS FOUNDATION TRUST,92220,57384,1542,62.22511385816526,1.6720884840598569,May-2025
Y60,RNQ,KETTERING GENERAL HOSPITAL NHS FOUNDATION TRUST,51308,34322,508,66.8940516098854,0.9900990099009901,May-2025
Y60,RNS,NORTHAMPTON GENERAL HOSPITAL NHS TRUST,81632,50404,1152,61.745393963151706,1.4112112896903175,May-2025
Y60,RP7,LINCOLNSHIRE PARTNERSHIP NHS FOUNDATION TRUST,82,82,0,100.0,0.0,May-2025
Y60,RQ3,BIRMINGHAM WOMEN'S AND CHILDREN'S NHS FOUNDATION TRUST,54838,31766,304,57.92698493745213,0.5543601152485503,May-2025
Y60,RRE,MIDLANDS PARTNERSHIP UNIVERSITY NHS FOUNDATION TRUST,13310,12848,2,96.52892561983471,0.015026296018031557,May-2025
Y60,RRJ,THE ROYAL ORTHOPAEDIC HOSPITAL NHS FOUNDATION TRUST,25596,14930,1014,58.32942647288639,3.9615564932020626,May-2025
Y60,RRK,UNIVERSITY HOSPITALS BIRMINGHAM NHS FOUNDATION TRUST,210874,108954,11306,51.66782059428853,5.361495490197938,May-2025
Y60,RTG,UNIVERSITY HOSPITALS OF DERBY AND BURTON NHS FOUNDATION TRUST,213676,116804,5006,54.664070836219324,2.3427993784982872,May-2025
Y60,RWD,UNITED LINCOLNSHIRE TEACHING HOSPITALS NHS TRUST,140366,76042,3902,54.1740877420458,2.779875468418278,May-2025
Y60,RWE,UNIVERSITY HOSPITALS OF LEICESTER NHS TRUST,212708,121214,4190,56.98610301446114,1.9698365834853415,May-2025
Y60,RWP,WORCESTERSHIRE ACUTE HOSPITALS NHS TRUST,110158,65912,1824,59.83405653697417,1.6558034822709198,May-2025
Y60,RX1,NOTTINGHAM UNIVERSITY HOSPITALS NHS TRUST,166404,99212,4024,59.621162952813634,2.4182111006946947,May-2025
Y60,RXK,SANDWELL AND WEST BIRMINGHAM HOSPITALS NHS TRUST,131606,74394,2440,56.52781788064374,1.8540188137318967,May-2025
Y60,RXW,THE SHREWSBURY AND TELFORD HOSPITAL NHS TRUST,78084,41386,2340,53.00189539470313,2.996772706316275,May-2025
Y60,RYW,BIRMINGHAM COMMUNITY HEALTHCARE NHS FOUNDATION TRUST,32320,21804,106,67.4628712871287,0.327970297029703,May-2025
Y61,RAJ,MID AND SOUTH ESSEX NHS FOUNDATION TRUST,348972,175910,23590,50.408055660626076,6.759854658826496,May-2025
Y61,RC9,BEDFORDSHIRE HOSPITALS NHS FOUNDATION TRUST,184072,106618,4984,57.92190012603764,2.707636142379069,May-2025
Y61,RCX,"THE QUEEN ELIZABETH HOSPITAL, KING'S LYNN, NHS FOUNDATION TRUST",54602,32042,1394,58.68283213069119,2.5530200358961213,May-2025
Y61,RD8,MILTON KEYNES UNIVERSITY HOSPITAL NHS FOUNDATION TRUST,64216,31534,3248,49.106141771521116,5.057929487978074,May-2025
Y61,RDE,EAST SUFFOLK AND NORTH ESSEX NHS FOUNDATION TRUST,182124,102894,6504,56.49667259669236,3.571193252948541,May-2025
Y61,RGM,ROYAL PAPWORTH HOSPITAL NHS FOUNDATION TRUST,13592,8894,130,65.43555032371984,0.9564449676280165,May-2025
Y61,RGN,NORTH WEST ANGLIA NHS FOUNDATION TRUST,153296,81728,6124,53.3138503287757,3.994885711303622,May-2025
Y61,RGP,JAMES PAGET UNIVERSITY HOSPITALS NHS FOUNDATION TRUST,69636,37730,3434,54.18174507438681,4.9313573439025795,May-2025
Y61,RGR,WEST SUFFOLK NHS FOUNDATION TRUST,70174,39048,3080,55.64454071308462,4.389089976344515,May-2025
Y61,RGT,CAMBRIDGE UNIVERSITY HOSPITALS NHS FOUNDATION TRUST,130432,75072,5660,57.556427870461235,4.339425907752699,May-2025
Y61,RM1,NORFOLK AND NORWICH UNIVERSITY HOSPITALS NHS FOUNDATION TRUST,160856,87170,7390,54.19132640373999,4.594171184164718,May-2025
Y61,RQW,THE PRINCESS ALEXANDRA HOSPITAL NHS TRUST,99184,50388,4352,50.80254879819326,4.38780448459429,May-2025
Y61,RT1,CAMBRIDGESHIRE AND PETERBOROUGH NHS FOUNDATION TRUST,632,296,140,46.835443037974684,22.151898734177212,May-2025
Y61,RWG,WEST HERTFORDSHIRE TEACHING HOSPITALS NHS TRUST,94102,59894,1744,63.6479564727636,1.8533081124736988,May-2025
Y61,RWH,EAST AND NORTH HERTFORDSHIRE NHS TRUST,108774,68468,2118,62.94518910769118,1.9471564896022948,May-2025
Y62,R0A,MANCHESTER UNIVERSITY NHS FOUNDATION TRUST,380258,199202,16402,52.38601160264873,4.313387226567225,May-2025
Y62,RBL,WIRRAL UNIVERSITY TEACHING HOSPITAL NHS FOUNDATION TRUST,91382,57584,2544,63.01459806088726,2.7839180582609266,May-2025
Y62,RBN,MERSEY AND WEST LANCASHIRE TEACHING HOSPITALS NHS TRUST,150128,97086,4180,64.66881594372802,2.7842907385697537,May-2025
Y62,RBQ,LIVERPOOL HEART AND CHEST HOSPITAL NHS FOUNDATION TRUST,10824,7696,118,71.10125646711013,1.0901699926090171,May-2025
Y62,RBS,ALDER HEY CHILDREN'S NHS FOUNDATION TRUST,38044,21414,670,56.28745662916623,1.7611187046577648,May-2025
Y62,RBT,MID CHESHIRE HOSPITALS NHS FOUNDATION TRUST,72482,40988,3422,56.5492122182059,4.721172153086284,May-2025
Y62,RBV,THE CHRISTIE NHS FOUNDATION TRUST,5668,5362,4,94.60127028934369,0.07057163020465773,May-2025
Y62,REM,LIVERPOOL UNIVERSITY HOSPITALS NHS FOUNDATION TRUST,137170,74420,6194,54.2538455930597,4.515564627834075,May-2025
Y62,REN,THE CLATTERBRIDGE CANCER CENTRE NHS FOUNDATION TRUST,2190,2132,0,97.35159817351598,0.0,May-2025
Y62,REP,LIVERPOOL WOMEN'S NHS FOUNDATION TRUST,32212,16406,884,50.931329939153116,2.7443188873711657,May-2025
Y62,RET,THE WALTON CENTRE NHS FOUNDATION TRUST,28762,18422,272,64.04978791460955,0.9456922328071762,May-2025
Y62,RJN,EAST CHESHIRE NHS TRUST,26854,16270,266,60.586877187756016,0.9905414463394652,May-2025
Y62,RJR,COUNTESS OF CHESTER HOSPITAL NHS FOUNDATION TRUST,67442,32304,5110,47.898935381513006,7.576880875418879,May-2025
Y62,RM3,NORTHERN CARE ALLIANCE NHS FOUNDATION TRUST,275706,148822,10082,53.97851334392433,3.65679383110995,May-2025
Y62,RMC,BOLTON NHS FOUNDATION TRUST,74616,41648,2588,55.81644687466495,3.46842500268039,May-2025
Y62,RMP,TAMESIDE AND GLOSSOP INTEGRATED CARE NHS FOUNDATION TRUST,34304,24636,0,71.81669776119402,0.0,May-2025
Y62,RRF,"WRIGHTINGTON, WIGAN AND LEIGH NHS FOUNDATION TRUST",100400,58450,3686,58.21713147410359,3.671314741035857,May-2025
Y62,RTX,UNIVERSITY HOSPITALS OF MORECAMBE BAY NHS FOUNDATION TRUST,69396,47302,1066,68.16243011124561,1.5361115914461927,May-2025
Y62,RW4,MERSEY CARE NHS FOUNDATION TRUST,82,82,0,100.0,0.0,May-2025
Y62,RW5,LANCASHIRE & SOUTH CUMBRIA NHS FOUNDATION TRUST,4902,4478,2,91.35046919624644,0.04079967360261118,May-2025
Y62,RWJ,STOCKPORT NHS FOUNDATION TRUST,69596,39400,2464,56.612448991321344,3.540433358238979,May-2025
Y62,RWW,WARRINGTON AND HALTON TEACHING HOSPITALS NHS FOUNDATION TRUST,66190,37390,3074,56.488895603565496,4.644206073424988,May-2025
Y62,RXL,BLACKPOOL TEACHING HOSPITALS NHS FOUNDATION TRUST,69998,39760,2926,56.80162290351153,4.180119431983771,May-2025
Y62,RXN,LANCASHIRE TEACHING HOSPITALS NHS FOUNDATION TRUST,124696,68960,3646,55.30249566946814,2.9239109514338875,May-2025
Y62,RXR,EAST LANCASHIRE HOSPITALS NHS TRUST,115308,67376,4528,58.43133173760711,3.926874111076421,May-2025
Y63,R0B,SOUTH TYNESIDE AND SUNDERLAND NHS FOUNDATION TRUST,115330,87384,54,75.76866383421486,0.046822162490245386,May-2025
Y63,RAE,BRADFORD TEACHING HOSPITALS NHS FOUNDATION TRUST,65126,42884,326,65.84774130147714,0.5005681294721003,May-2025
Y63,RCB,YORK AND SCARBOROUGH TEACHING HOSPITALS NHS FOUNDATION TRUST,102802,59582,2848,57.95801638100426,2.770374117235073,May-2025
Y63,RCD,HARROGATE AND DISTRICT NHS FOUNDATION TRUST,40148,28584,2,71.19657268108,0.004981568197668626,May-2025
Y63,RCF,AIREDALE NHS FOUNDATION TRUST,27476,19976,130,72.70345028388412,0.4731401950793419,May-2025
Y63,RCU,SHEFFIELD CHILDREN'S NHS FOUNDATION TRUST,24764,16736,564,67.58197383298337,2.2774995961880147,May-2025
Y63,RFF,BARNSLEY HOSPITAL NHS FOUNDATION TRUST,52076,37508,178,72.02550119056764,0.34180812658422305,May-2025
Y63,RFR,THE ROTHERHAM NHS FOUNDATION TRUST,62374,42534,1406,68.19187481963638,2.25414435501972,May-2025
Y63,RHQ,SHEFFIELD TEACHING HOSPITALS NHS FOUNDATION TRUST,184074,120152,3622,65.27374860110608,1.9676869085259188,May-2025
Y63,RJL,NORTHERN LINCOLNSHIRE AND GOOLE NHS FOUNDATION TRUST,81148,49370,1980,60.83945383743284,2.43998619805787,May-2025
Y63,RNN,NORTH CUMBRIA INTEGRATED CARE NHS FOUNDATION TRUST,76132,43120,2176,56.63847002574476,2.858193663636841,May-2025
Y63,RP5,DONCASTER AND BASSETLAW TEACHING HOSPITALS NHS FOUNDATION TRUST,109774,67292,3218,61.30049009783738,2.9314773990198044,May-2025
Y63,RR7,GATESHEAD HEALTH NHS FOUNDATION TRUST,25860,17720,2,68.52281515854601,0.007733952049497293,May-2025
Y63,RR8,LEEDS TEACHING HOSPITALS NHS TRUST,176288,117018,5416,66.37888001452168,3.072245416591033,May-2025
Y63,RTD,THE NEWCASTLE UPON TYNE HOSPITALS NHS FOUNDATION TRUST,178538,130510,2890,73.09928418599962,1.6187030212055697,May-2025
Y63,RTF,NORTHUMBRIA HEALTHCARE NHS FOUNDATION TRUST,72790,58800,60,80.7803269679901,0.08242890506937767,May-2025
Y63,RTR,SOUTH TEES HOSPITALS NHS FOUNDATION TRUST,112952,70160,3198,62.11488065727034,2.83129116792974,May-2025
Y63,RVW,NORTH TEES AND HARTLEPOOL NHS FOUNDATION TRUST,41928,31222,434,74.46575081091395,1.0351078038542263,May-2025
Y63,RWA,HULL UNIVERSITY TEACHING HOSPITALS NHS TRUST,156448,90414,5700,57.791726324401715,3.643383104929433,May-2025
Y63,RWY,CALDERDALE AND HUDDERSFIELD NHS FOUNDATION TRUST,72208,49366,102,68.36638599601153,0.14125858630622645,May-2025
Y63,RX4,"CUMBRIA, NORTHUMBERLAND, TYNE AND WEAR NHS FOUNDATION TRUST",398,388,0,97.48743718592965,0.0,May-2025
Y63,RXF,MID YORKSHIRE TEACHING NHS TRUST,112292,69884,840,62.234175186121895,0.7480497274961707,May-2025
Y63,RXG,SOUTH WEST YORKSHIRE PARTNERSHIP NHS FOUNDATION TRUST,8302,8070,0,97.20549265237293,0.0,May-2025
Y63,RXP,COUNTY DURHAM AND DARLINGTON NHS FOUNDATION TRUST,77826,54460,654,69.97661449901061,0.8403361344537815,May-2025
Y63,RY6,LEEDS COMMUNITY HEALTHCARE NHS TRUST,0,0,0,,,May-2025
Y63,TAD,BRADFORD DISTRICT CARE NHS FOUNDATION TRUST,1146,796,12,69.45898778359512,1.0471204188481675,May-2025
Y56,R1H,BARTS HEALTH NHS TRUST,269372,155060,9788,57.56351810878636,3.6336367551193147,June-2025
Y56,R1K,LONDON NORTH WEST UNIVERSITY HEALTHCARE NHS TRUST,172726,96158,4714,55.67083125875665,2.7291780044695066,June-2025
Y56,RAL,ROYAL FREE LONDON NHS FOUNDATION TRUST,292220,168090,7964,57.5217302032715,2.725343918965163,June-2025
Y56,RAN,ROYAL NATIONAL ORTHOPAEDIC HOSPITAL NHS TRUST,17336,12206,140,70.4083987078911,0.8075680664513151,June-2025
Y56,RAS,THE HILLINGDON HOSPITALS NHS FOUNDATION TRUST,62400,34854,874,55.855769230769226,1.4006410256410255,June-2025
Y56,RAX,KINGSTON AND RICHMOND NHS FOUNDATION TRUST,83396,55370,546,66.39407165811309,0.6547076598398005,June-2025
Y56,RF4,"BARKING, HAVERING AND REDBRIDGE UNIVERSITY HOSPITALS NHS TRUST",113862,80044,1038,70.29913403945126,0.9116298677346261,June-2025
Y56,RJ1,GUY'S AND ST THOMAS' NHS FOUNDATION TRUST,237376,149654,5428,63.04512671879213,2.2866675653815043,June-2025
Y56,RJ2,LEWISHAM AND GREENWICH NHS TRUST,106052,61976,4290,58.43925621393279,4.04518538075661,June-2025
Y56,RJ6,CROYDON HEALTH SERVICES NHS TRUST,73264,50794,1800,69.33009390696658,2.4568683118584844,June-2025
Y56,RJ7,ST GEORGE'S UNIVERSITY HOSPITALS NHS FOUNDATION TRUST,142094,88394,3422,62.208115754359795,2.4082649513702195,June-2025
Y56,RJZ,KING'S COLLEGE HOSPITAL NHS FOUNDATION TRUST,168874,106760,3428,63.218731124980756,2.029915795208262,June-2025
Y56,RKE,WHITTINGTON HEALTH NHS TRUST,50634,32672,696,64.52581269502706,1.3745704467353952,June-2025
Y56,RP4,GREAT ORMOND STREET HOSPITAL FOR CHILDREN NHS FOUNDATION TRUST,16184,11298,464,69.80968858131487,2.8670291646070196,June-2025
Y56,RP6,MOORFIELDS EYE HOSPITAL NHS FOUNDATION TRUST,68982,57354,38,83.1434287205358,0.05508683424661506,June-2025
Y56,RPG,OXLEAS NHS FOUNDATION TRUST,3784,1834,660,48.46723044397463,17.441860465116278,June-2025
Y56,RPY,THE ROYAL MARSDEN NHS FOUNDATION TRUST,3930,3712,12,94.4529262086514,0.3053435114503817,June-2025
Y56,RQM,CHELSEA AND WESTMINSTER HOSPITAL NHS FOUNDATION TRUST,140602,84884,2076,60.37182970370265,1.4765081577786945,June-2025
Y56,RQX,HOMERTON HEALTHCARE NHS FOUNDATION TRUST,72238,46908,682,64.9353525845123,0.94410144245411,June-2025
Y56,RRV,UNIVERSITY COLLEGE LONDON HOSPITALS NHS FOUNDATION TRUST,144362,87526,2556,60.62952854629334,1.7705490364500354,June-2025
Y56,RVR,EPSOM AND ST HELIER UNIVERSITY HOSPITALS NHS TRUST,112218,73058,1982,65.10363756260136,1.7662050651410646,June-2025
Y56,RYJ,IMPERIAL COLLEGE HEALTHCARE NHS TRUST,177942,109870,3288,61.744838205707474,1.847793101122838,June-2025
Y58,R0D,UNIVERSITY HOSPITALS DORSET NHS FOUNDATION TRUST,125366,79674,4194,63.553116474961314,3.3454046551696632,June-2025
Y58,RA7,UNIVERSITY HOSPITALS BRISTOL AND WESTON NHS FOUNDATION TRUST,110246,71540,1518,64.89124321970866,1.3769207046060628,June-2025
Y58,RA9,TORBAY AND SOUTH DEVON NHS FOUNDATION TRUST,66522,45366,1354,68.19698746279427,2.0354168545744264,June-2025
Y58,RBD,DORSET COUNTY HOSPITAL NHS FOUNDATION TRUST,44822,26434,754,58.97550310115568,1.6822096291999464,June-2025
Y58,RD1,ROYAL UNITED HOSPITALS BATH NHS FOUNDATION TRUST,83696,49700,2032,59.38157140126171,2.4278340661441407,June-2025
Y58,REF,ROYAL CORNWALL HOSPITALS NHS TRUST,81228,58298,818,71.77081794455114,1.007041906731669,June-2025
Y58,RH5,SOMERSET NHS FOUNDATION TRUST,114780,75472,3174,65.75361561247604,2.7652901202300053,June-2025
Y58,RH8,ROYAL DEVON UNIVERSITY HEALTHCARE NHS FOUNDATION TRUST,147480,89314,4618,60.56007594250068,3.1312720368863576,June-2025
Y58,RJ8,CORNWALL PARTNERSHIP NHS FOUNDATION TRUST,898,896,0,99.77728285077951,0.0,June-2025
Y58,RK9,UNIVERSITY HOSPITALS PLYMOUTH NHS TRUST,96552,59196,3440,61.30996768580661,3.562846963294391,June-2025
Y58,RN3,GREAT WESTERN HOSPITALS NHS FOUNDATION TRUST,76426,46448,1358,60.775128882840924,1.776882212859498,June-2025
Y58,RNZ,SALISBURY NHS FOUNDATION TRUST,58242,39100,448,67.13368359603035,0.7692043542460767,June-2025
Y58,RTE,GLOUCESTERSHIRE HOSPITALS NHS FOUNDATION TRUST,120562,83060,92,68.89401303893432,0.07630928484928917,June-2025
Y58,RVJ,NORTH BRISTOL NHS TRUST,87830,58014,312,66.05260161675966,0.3552316975976318,June-2025
Y59,R1F,ISLE OF WIGHT NHS TRUST,27896,17746,118,63.61485517636937,0.4229997132205334,June-2025
Y59,RA2,ROYAL SURREY COUNTY HOSPITAL NHS FOUNDATION TRUST,60404,32924,3042,54.50632408449771,5.0360903251440305,June-2025
Y59,RDR,SUSSEX COMMUNITY NHS FOUNDATION TRUST,26654,19998,26,75.02813836572372,0.09754633450889173,June-2025
Y59,RDU,FRIMLEY HEALTH NHS FOUNDATION TRUST,148368,82488,5314,55.59689420899385,3.5816348538768463,June-2025
Y59,RHM,UNIVERSITY HOSPITAL SOUTHAMPTON NHS FOUNDATION TRUST,125278,80290,2846,64.08946502977379,2.271747633263622,June-2025
Y59,RHU,PORTSMOUTH HOSPITALS UNIVERSITY NHS TRUST,118058,66896,4672,56.6636737874604,3.957376882549255,June-2025
Y59,RHW,ROYAL BERKSHIRE NHS FOUNDATION TRUST,73048,58380,64,79.92005256817436,0.08761362391851933,June-2025
Y59,RN5,HAMPSHIRE HOSPITALS NHS FOUNDATION TRUST,100692,59974,3322,59.561832121717714,3.299169745362094,June-2025
Y59,RN7,DARTFORD AND GRAVESHAM NHS TRUST,65154,38312,1914,58.80222242686558,2.9376554010498204,June-2025
Y59,RPA,MEDWAY NHS FOUNDATION TRUST,79986,43710,3470,54.64706323606631,4.338259195359187,June-2025
Y59,RPC,QUEEN VICTORIA HOSPITAL NHS FOUNDATION TRUST,35738,22286,776,62.35939336280709,2.171358218143153,June-2025
Y59,RTH,OXFORD UNIVERSITY HOSPITALS NHS FOUNDATION TRUST,173650,102372,5694,58.953066513101064,3.2790095018715806,June-2025
Y59,RTK,ASHFORD AND ST PETER'S HOSPITALS NHS FOUNDATION TRUST,110684,66454,1726,60.039391420620866,1.5593943117343068,June-2025
Y59,RTP,SURREY AND SUSSEX HEALTHCARE NHS TRUST,104824,59648,1916,56.902999313134394,1.8278256887735636,June-2025
Y59,RVV,EAST KENT HOSPITALS UNIVERSITY NHS FOUNDATION TRUST,161378,88824,4444,55.04095973428844,2.753783043537533,June-2025
Y59,RW1,HAMPSHIRE AND ISLE OF WIGHT HEALTHCARE NHS FOUNDATION TRUST,7910,7374,0,93.22376738305942,0.0,June-2025
Y59,RWF,MAIDSTONE AND TUNBRIDGE WELLS NHS TRUST,95960,69502,0,72.42809503959984,0.0,June-2025
Y59,RWX,BERKSHIRE HEALTHCARE NHS FOUNDATION TRUST,180,180,0,100.0,0.0,June-2025
Y59,RXC,EAST SUSSEX HEALTHCARE NHS TRUST,123078,78006,1728,63.37932043094623,1.4039877151074929,June-2025
Y59,RXQ,BUCKINGHAMSHIRE HEALTHCARE NHS TRUST,98812,57316,2482,58.00510059506942,2.5118406671254503,June-2025
Y59,RYR,UNIVERSITY HOSPITALS SUSSEX NHS FOUNDATION TRUST,226244,116056,11720,51.29682997118156,5.180247873976769,June-2025
Y59,RYY,KENT COMMUNITY HEALTH NHS FOUNDATION TRUST,7416,7410,0,99.91909385113269,0.0,June-2025
Y60,R1A,HEREFORDSHIRE AND WORCESTERSHIRE HEALTH AND CARE NHS TRUST,238,232,0,97.47899159663865,0.0,June-2025
Y60,R1D,SHROPSHIRE COMMUNITY HEALTH NHS TRUST,17814,11370,326,63.82620410912765,1.8300213315369933,June-2025
Y60,RBK,WALSALL HEALTHCARE NHS TRUST,56074,40072,88,71.46270999036986,0.15693547811820094,June-2025
Y60,RFS,CHESTERFIELD ROYAL HOSPITAL NHS FOUNDATION TRUST,63048,38034,1846,60.3254663113818,2.9279279279279278,June-2025
Y60,RJC,SOUTH WARWICKSHIRE UNIVERSITY NHS FOUNDATION TRUST,66778,43940,1490,65.8001138099374,2.231273772799425,June-2025
Y60,RJE,UNIVERSITY HOSPITALS OF NORTH MIDLANDS NHS TRUST,129092,82726,3302,64.08297958045425,2.557865708177114,June-2025
Y60,RK5,SHERWOOD FOREST HOSPITALS NHS FOUNDATION TRUST,70880,45436,790,64.10270880361175,1.1145598194130926,June-2025
Y60,RKB,UNIVERSITY HOSPITALS COVENTRY AND WARWICKSHIRE NHS TRUST,153974,86550,3926,56.21078883447856,2.549781131879408,June-2025
Y60,RL1,THE ROBERT JONES AND AGNES HUNT ORTHOPAEDIC HOSPITAL NHS FOUNDATION TRUST,34648,15726,2686,45.38790117755715,7.75225121219118,June-2025
Y60,RL4,THE ROYAL WOLVERHAMPTON NHS TRUST,159498,88464,4752,55.464018357596956,2.9793477034194784,June-2025
Y60,RLQ,WYE VALLEY NHS TRUST,45684,27332,1446,59.82838630592767,3.1652219595482007,June-2025
Y60,RLT,GEORGE ELIOT HOSPITAL NHS TRUST,40558,24628,1374,60.72291533113072,3.3877410128704573,June-2025
Y60,RNA,THE DUDLEY GROUP NHS FOUNDATION TRUST,93326,58942,908,63.157105201122945,0.9729335876390287,June-2025
Y60,RNQ,KETTERING GENERAL HOSPITAL NHS FOUNDATION TRUST,49910,32460,492,65.03706672009616,0.9857743939090363,June-2025
Y60,RNS,NORTHAMPTON GENERAL HOSPITAL NHS TRUST,84844,53052,1094,62.52887652633068,1.289425298194333,June-2025
Y60,RP7,LINCOLNSHIRE PARTNERSHIP NHS FOUNDATION TRUST,88,84,0,95.45454545454545,0.0,June-2025
Y60,RQ3,BIRMINGHAM WOMEN'S AND CHILDREN'S NHS FOUNDATION TRUST,56546,32326,476,57.1676157464719,0.8417925229017083,June-2025
Y60,RRE,MIDLANDS PARTNERSHIP UNIVERSITY NHS FOUNDATION TRUST,14786,14366,4,97.15947517922359,0.027052617340727714,June-2025
Y60,RRJ,THE ROYAL ORTHOPAEDIC HOSPITAL NHS FOUNDATION TRUST,25908,15562,932,60.066388760228506,3.5973444495908597,June-2025
Y60,RRK,UNIVERSITY HOSPITALS BIRMINGHAM NHS FOUNDATION TRUST,208284,109042,10738,52.352557085517844,5.1554608131205475,June-2025
Y60,RTG,UNIVERSITY HOSPITALS OF DERBY AND BURTON NHS FOUNDATION TRUST,201910,116026,4380,57.46421673022633,2.169283344064187,June-2025
Y60,RWD,UNITED LINCOLNSHIRE TEACHING HOSPITALS NHS TRUST,140726,76836,3610,54.599718602106215,2.5652686781405,June-2025
Y60,RWE,UNIVERSITY HOSPITALS OF LEICESTER NHS TRUST,219154,124020,5210,56.590342863922174,2.377323708442465,June-2025
Y60,RWP,WORCESTERSHIRE ACUTE HOSPITALS NHS TRUST,110976,66434,1904,59.863393886966556,1.715686274509804,June-2025
Y60,RX1,NOTTINGHAM UNIVERSITY HOSPITALS NHS TRUST,163226,104836,3282,64.22751277370027,2.010709078210579,June-2025
Y60,RXK,SANDWELL AND WEST BIRMINGHAM HOSPITALS NHS TRUST,131080,75988,2262,57.97070491303021,1.7256637168141593,June-2025
Y60,RXW,THE SHREWSBURY AND TELFORD HOSPITAL NHS TRUST,75260,41338,1436,54.92692001062982,1.9080520861015149,June-2025
Y60,RYW,BIRMINGHAM COMMUNITY HEALTHCARE NHS FOUNDATION TRUST,30326,20012,114,65.98957989843699,0.3759150563872585,June-2025
Y61,RAJ,MID AND SOUTH ESSEX NHS FOUNDATION TRUST,344756,173820,23556,50.418266832194355,6.832658459896275,June-2025
Y61,RC9,BEDFORDSHIRE HOSPITALS NHS FOUNDATION TRUST,176564,104238,4590,59.03694977458599,2.5996239323984502,June-2025
Y61,RCX,"THE QUEEN ELIZABETH HOSPITAL, KING'S LYNN, NHS FOUNDATION TRUST",54530,31238,1186,57.28589767100678,2.1749495690445624,June-2025
Y61,RD8,MILTON KEYNES UNIVERSITY HOSPITAL NHS FOUNDATION TRUST,67026,34008,3356,50.7385193805389,5.007012204219259,June-2025
Y61,RDE,EAST SUFFOLK AND NORTH ESSEX NHS FOUNDATION TRUST,184100,104026,6334,56.50516023900054,3.4405214557305808,June-2025
Y61,RGM,ROYAL PAPWORTH HOSPITAL NHS FOUNDATION TRUST,13296,8986,116,67.58423586040915,0.8724428399518652,June-2025
Y61,RGN,NORTH WEST ANGLIA NHS FOUNDATION TRUST,152504,82724,5226,54.24382311283639,3.4267953627445835,June-2025
Y61,RGP,JAMES PAGET UNIVERSITY HOSPITALS NHS FOUNDATION TRUST,69230,37022,3324,53.47681640907121,4.801386682074246,June-2025
Y61,RGR,WEST SUFFOLK NHS FOUNDATION TRUST,70258,40030,3146,56.97571806769336,4.477781889606877,June-2025
Y61,RGT,CAMBRIDGE UNIVERSITY HOSPITALS NHS FOUNDATION TRUST,132258,76790,5634,58.060760029639034,4.259855736514993,June-2025
Y61,RM1,NORFOLK AND NORWICH UNIVERSITY HOSPITALS NHS FOUNDATION TRUST,161652,88298,7286,54.62227501051642,4.507213025511593,June-2025
Y61,RQW,THE PRINCESS ALEXANDRA HOSPITAL NHS TRUST,96886,49546,4530,51.13845137584377,4.675598125632186,June-2025
Y61,RT1,CAMBRIDGESHIRE AND PETERBOROUGH NHS FOUNDATION TRUST,666,336,146,50.45045045045045,21.92192192192192,June-2025
Y61,RWG,WEST HERTFORDSHIRE TEACHING HOSPITALS NHS TRUST,93828,60520,1718,64.50100183314149,1.8310099330690202,June-2025
Y61,RWH,EAST AND NORTH HERTFORDSHIRE NHS TRUST,105026,66480,1822,63.29861177232304,1.734808523603679,June-2025
Y62,R0A,MANCHESTER UNIVERSITY NHS FOUNDATION TRUST,373730,198892,15000,53.218098627351296,4.013592700612742,June-2025
Y62,RBL,WIRRAL UNIVERSITY TEACHING HOSPITAL NHS FOUNDATION TRUST,93878,58714,2604,62.542874794946634,2.773812820895204,June-2025
Y62,RBN,MERSEY AND WEST LANCASHIRE TEACHING HOSPITALS NHS TRUST,148850,96438,3914,64.78871346993617,2.6294927779643937,June-2025
Y62,RBQ,LIVERPOOL HEART AND CHEST HOSPITAL NHS FOUNDATION TRUST,10222,7436,98,72.74505967521033,0.9587164938368226,June-2025
Y62,RBS,ALDER HEY CHILDREN'S NHS FOUNDATION TRUST,36584,21050,750,57.53881478241855,2.0500765361906845,June-2025
Y62,RBT,MID CHESHIRE HOSPITALS NHS FOUNDATION TRUST,78426,43690,4068,55.70856603677352,5.18705531328896,June-2025
Y62,RBV,THE CHRISTIE NHS FOUNDATION TRUST,5532,5210,4,94.17932031814895,0.07230657989877079,June-2025
Y62,REM,LIVERPOOL UNIVERSITY HOSPITALS NHS FOUNDATION TRUST,136110,75820,5678,55.70494453015943,4.171625890823599,June-2025
Y62,REN,THE CLATTERBRIDGE CANCER CENTRE NHS FOUNDATION TRUST,2224,2134,0,95.95323741007195,0.0,June-2025
Y62,REP,LIVERPOOL WOMEN'S NHS FOUNDATION TRUST,32580,15932,1164,48.9011663597299,3.5727440147329648,June-2025
Y62,RET,THE WALTON CENTRE NHS FOUNDATION TRUST,28496,18208,254,63.89668725435149,0.8913531723750703,June-2025
Y62,RJN,EAST CHESHIRE NHS TRUST,28242,15196,752,53.806387649599884,2.662700941859642,June-2025
Y62,RJR,COUNTESS OF CHESTER HOSPITAL NHS FOUNDATION TRUST,68492,33486,5674,48.89038135840682,8.284179174210127,June-2025
Y62,RM3,NORTHERN CARE ALLIANCE NHS FOUNDATION TRUST,272854,146500,10074,53.691717915075465,3.6920844114434823,June-2025
Y62,RMC,BOLTON NHS FOUNDATION TRUST,74504,42400,2308,56.90969612369806,3.0978202512616773,June-2025
Y62,RMP,TAMESIDE AND GLOSSOP INTEGRATED CARE NHS FOUNDATION TRUST,34034,24574,0,72.20426632191338,0.0,June-2025
Y62,RRF,"WRIGHTINGTON, WIGAN AND LEIGH NHS FOUNDATION TRUST",98736,57162,3642,57.893777345649,3.6886242100145843,June-2025
Y62,RTX,UNIVERSITY HOSPITALS OF MORECAMBE BAY NHS FOUNDATION TRUST,70070,47894,1120,68.35164835164835,1.5984015984015985,June-2025
Y62,RW4,MERSEY CARE NHS FOUNDATION TRUST,58,58,0,100.0,0.0,June-2025
Y62,RW5,LANCASHIRE & SOUTH CUMBRIA NHS FOUNDATION TRUST,4394,4068,0,92.58079198907602,0.0,June-2025
Y62,RWJ,STOCKPORT NHS FOUNDATION TRUST,68712,39226,1986,57.08755384794505,2.8903248340901153,June-2025
Y62,RWW,WARRINGTON AND HALTON TEACHING HOSPITALS NHS FOUNDATION TRUST,65084,36964,3270,56.79429660131522,5.024276319832832,June-2025
Y62,RXL,BLACKPOOL TEACHING HOSPITALS NHS FOUNDATION TRUST,74534,42638,3460,57.20610727989911,4.642176724716237,June-2025
Y62,RXN,LANCASHIRE TEACHING HOSPITALS NHS FOUNDATION TRUST,126506,69466,4136,54.91122950690086,3.2694101465543133,June-2025
Y62,RXR,EAST LANCASHIRE HOSPITALS NHS TRUST,116374,70626,4420,60.688813652534066,3.798099231787169,June-2025
Y63,R0B,SOUTH TYNESIDE AND SUNDERLAND NHS FOUNDATION TRUST,116044,87840,36,75.69542587294474,0.031022715521698666,June-2025
Y63,RAE,BRADFORD TEACHING HOSPITALS NHS FOUNDATION TRUST,65830,43920,380,66.7173021418806,0.5772444174388577,June-2025
Y63,RCB,YORK AND SCARBOROUGH TEACHING HOSPITALS NHS FOUNDATION TRUST,106312,63130,3096,59.38181955000377,2.9121830085032734,June-2025
Y63,RCD,HARROGATE AND DISTRICT NHS FOUNDATION TRUST,39854,28730,8,72.08812164400061,0.020073267426105285,June-2025
Y63,RCF,AIREDALE NHS FOUNDATION TRUST,27692,20214,118,72.99581106456739,0.4261158457316192,June-2025
Y63,RCU,SHEFFIELD CHILDREN'S NHS FOUNDATION TRUST,24374,16342,652,67.04685320423403,2.674981537704111,June-2025
Y63,RFF,BARNSLEY HOSPITAL NHS FOUNDATION TRUST,50998,36084,244,70.75571591042787,0.47845013529942354,June-2025
Y63,RFR,THE ROTHERHAM NHS FOUNDATION TRUST,61908,42044,1268,67.91367836143955,2.048200555663242,June-2025
Y63,RHQ,SHEFFIELD TEACHING HOSPITALS NHS FOUNDATION TRUST,182512,120526,3594,66.03730165687736,1.9691855877969666,June-2025
Y63,RJL,NORTHERN LINCOLNSHIRE AND GOOLE NHS FOUNDATION TRUST,79184,48120,1900,60.76985249545363,2.399474641341685,June-2025
Y63,RNN,NORTH CUMBRIA INTEGRATED CARE NHS FOUNDATION TRUST,76060,43076,2196,56.63423612937155,2.8871943202734682,June-2025
Y63,RP5,DONCASTER AND BASSETLAW TEACHING HOSPITALS NHS FOUNDATION TRUST,110812,68428,3120,61.75143486265026,2.8155795401220085,June-2025
Y63,RR7,GATESHEAD HEALTH NHS FOUNDATION TRUST,26404,18040,36,68.32298136645963,0.13634297833661566,June-2025
Y63,RR8,LEEDS TEACHING HOSPITALS NHS TRUST,176304,116764,5484,66.22878664125601,3.1105363463109175,June-2025
Y63,RTD,THE NEWCASTLE UPON TYNE HOSPITALS NHS FOUNDATION TRUST,177900,130808,2594,73.52894884766724,1.458122540753232,June-2025
Y63,RTF,NORTHUMBRIA HEALTHCARE NHS FOUNDATION TRUST,73250,59552,34,81.29965870307167,0.04641638225255973,June-2025
Y63,RTR,SOUTH TEES HOSPITALS NHS FOUNDATION TRUST,113042,70166,3220,62.07073477114701,2.848498788061075,June-2025
Y63,RVW,NORTH TEES AND HARTLEPOOL NHS FOUNDATION TRUST,41740,30856,510,73.92429324389074,1.2218495448011502,June-2025
Y63,RWA,HULL UNIVERSITY TEACHING HOSPITALS NHS TRUST,158470,93500,5404,59.00170379251593,3.4101091689278724,June-2025
Y63,RWY,CALDERDALE AND HUDDERSFIELD NHS FOUNDATION TRUST,73130,50746,92,69.39149459865992,0.12580336387255572,June-2025
Y63,RX4,"CUMBRIA, NORTHUMBERLAND, TYNE AND WEAR NHS FOUNDATION TRUST",338,328,0,97.0414201183432,0.0,June-2025
Y63,RXF,MID YORKSHIRE TEACHING NHS TRUST,113262,71422,816,63.05910190531687,0.7204534618848334,June-2025
Y63,RXG,SOUTH WEST YORKSHIRE PARTNERSHIP NHS FOUNDATION TRUST,8228,8050,0,97.83665532328634,0.0,June-2025
Y63,RXP,COUNTY DURHAM AND DARLINGTON NHS FOUNDATION TRUST,78810,53968,754,68.47861946453496,0.9567313792665906,June-2025
Y63,RY6,LEEDS COMMUNITY HEALTHCARE NHS TRUST,0,0,0,,,June-2025
Y63,TAD,BRADFORD DISTRICT CARE NHS FOUNDATION TRUST,1148,758,2,66.02787456445994,0.17421602787456447,June-2025
Y56,R1H,BARTS HEALTH NHS TRUST,268762,153406,9354,57.07875369285836,3.4804027355057636,July-2025
Y56,R1K,LONDON NORTH WEST UNIVERSITY HEALTHCARE NHS TRUST,173580,100726,4158,58.02857472058993,2.3954372623574147,July-2025
Y56,RAL,ROYAL FREE LONDON NHS FOUNDATION TRUST,286080,165618,7592,57.89219798657717,2.6538031319910513,July-2025
Y56,RAN,ROYAL NATIONAL ORTHOPAEDIC HOSPITAL NHS TRUST,17418,12264,116,70.40992077161557,0.6659777241933631,July-2025
Y56,RAS,THE HILLINGDON HOSPITALS NHS FOUNDATION TRUST,64304,33892,1372,52.70589698930082,2.13361532719582,July-2025
Y56,RAX,KINGSTON AND RICHMOND NHS FOUNDATION TRUST,85276,55600,476,65.20005628781837,0.5581875322482293,July-2025
Y56,RF4,"BARKING, HAVERING AND REDBRIDGE UNIVERSITY HOSPITALS NHS TRUST",115816,82400,1172,71.14733715548802,1.0119499896387374,July-2025
Y56,RJ1,GUY'S AND ST THOMAS' NHS FOUNDATION TRUST,225326,145996,5314,64.79323291586412,2.3583607750548095,July-2025
Y56,RJ2,LEWISHAM AND GREENWICH NHS TRUST,111094,67158,3978,60.451509532467995,3.5807514357211008,July-2025
Y56,RJ6,CROYDON HEALTH SERVICES NHS TRUST,74044,50226,1732,67.83264005186106,2.3391496947760793,July-2025
Y56,RJ7,ST GEORGE'S UNIVERSITY HOSPITALS NHS FOUNDATION TRUST,143404,87768,3550,61.20331371509861,2.475523695294413,July-2025
Y56,RJZ,KING'S COLLEGE HOSPITAL NHS FOUNDATION TRUST,163334,99164,3926,60.712405255488754,2.4036636585156796,July-2025
Y56,RKE,WHITTINGTON HEALTH NHS TRUST,52908,34436,800,65.08656535873591,1.5120586678763137,July-2025
Y56,RP4,GREAT ORMOND STREET HOSPITAL FOR CHILDREN NHS FOUNDATION TRUST,16160,11408,496,70.59405940594058,3.0693069306930694,July-2025
Y56,RP6,MOORFIELDS EYE HOSPITAL NHS FOUNDATION TRUST,69964,57158,32,81.69630095477675,0.04573780801555086,July-2025
Y56,RPG,OXLEAS NHS FOUNDATION TRUST,3490,1960,646,56.16045845272206,18.51002865329513,July-2025
Y56,RPY,THE ROYAL MARSDEN NHS FOUNDATION TRUST,3870,3698,4,95.55555555555556,0.10335917312661498,July-2025
Y56,RQM,CHELSEA AND WESTMINSTER HOSPITAL NHS FOUNDATION TRUST,138918,82026,2472,59.04634388632143,1.77946702371183,July-2025
Y56,RQX,HOMERTON HEALTHCARE NHS FOUNDATION TRUST,70912,46130,790,65.0524593862816,1.1140568592057762,July-2025
Y56,RRV,UNIVERSITY COLLEGE LONDON HOSPITALS NHS FOUNDATION TRUST,146674,86720,2698,59.12431651144715,1.839453481871361,July-2025
Y56,RVR,EPSOM AND ST HELIER UNIVERSITY HOSPITALS NHS TRUST,116314,75104,2076,64.57004315903502,1.784823838918789,July-2025
Y56,RYJ,IMPERIAL COLLEGE HEALTHCARE NHS TRUST,179934,110628,2944,61.48254359931975,1.6361554792312736,July-2025
Y58,R0D,UNIVERSITY HOSPITALS DORSET NHS FOUNDATION TRUST,124360,78784,3912,63.35155998713413,3.1457060147957545,July-2025
Y58,RA7,UNIVERSITY HOSPITALS BRISTOL AND WESTON NHS FOUNDATION TRUST,108358,70620,1432,65.17285295040513,1.3215452481588807,July-2025
Y58,RA9,TORBAY AND SOUTH DEVON NHS FOUNDATION TRUST,65918,45958,1174,69.719955095725,1.7810006371552536,July-2025
Y58,RBD,DORSET COUNTY HOSPITAL NHS FOUNDATION TRUST,44810,26604,736,59.370676188350814,1.6424905155099307,July-2025
Y58,RD1,ROYAL UNITED HOSPITALS BATH NHS FOUNDATION TRUST,82020,47304,1876,57.67373811265545,2.2872470129236775,July-2025
Y58,REF,ROYAL CORNWALL HOSPITALS NHS TRUST,81718,58896,918,72.07224846423065,1.1233755109033505,July-2025
Y58,RH5,SOMERSET NHS FOUNDATION TRUST,115708,73950,3498,63.91087910948249,3.023127182217306,July-2025
Y58,RH8,ROYAL DEVON UNIVERSITY HEALTHCARE NHS FOUNDATION TRUST,149602,89414,4492,59.767917541209336,3.002633654630286,July-2025
Y58,RJ8,CORNWALL PARTNERSHIP NHS FOUNDATION TRUST,858,856,0,99.76689976689977,0.0,July-2025
Y58,RK9,UNIVERSITY HOSPITALS PLYMOUTH NHS TRUST,98624,60178,3466,61.01760220635951,3.5143575600259576,July-2025
Y58,RN3,GREAT WESTERN HOSPITALS NHS FOUNDATION TRUST,78450,48020,1414,61.210962396430844,1.8024219247928617,July-2025
Y58,RNZ,SALISBURY NHS FOUNDATION TRUST,60438,40136,506,66.40855091167809,0.8372216155398922,July-2025
Y58,RTE,GLOUCESTERSHIRE HOSPITALS NHS FOUNDATION TRUST,118292,80334,78,67.91160856186387,0.06593852500591756,July-2025
Y58,RVJ,NORTH BRISTOL NHS TRUST,88094,57988,318,65.82514132631053,0.36097804617794627,July-2025
Y59,R1F,ISLE OF WIGHT NHS TRUST,27520,17386,186,63.17587209302326,0.6758720930232558,July-2025
Y59,RA2,ROYAL SURREY COUNTY HOSPITAL NHS FOUNDATION TRUST,60944,33760,2756,55.39511682856393,4.522184300341297,July-2025
Y59,RDR,SUSSEX COMMUNITY NHS FOUNDATION TRUST,27922,20428,248,73.16094835613495,0.8881885251772796,July-2025
Y59,RDU,FRIMLEY HEALTH NHS FOUNDATION TRUST,143176,79030,4052,55.19779851371738,2.8300832541766776,July-2025
Y59,RHM,UNIVERSITY HOSPITAL SOUTHAMPTON NHS FOUNDATION TRUST,126004,79914,3196,63.42179613345608,2.536427415002698,July-2025
Y59,RHU,PORTSMOUTH HOSPITALS UNIVERSITY NHS TRUST,117598,67038,4592,57.00607153182877,3.9048283134066906,July-2025
Y59,RHW,ROYAL BERKSHIRE NHS FOUNDATION TRUST,73526,58752,86,79.90642765824335,0.11696542719582187,July-2025
Y59,RN5,HAMPSHIRE HOSPITALS NHS FOUNDATION TRUST,101120,59358,3800,58.70055379746836,3.757911392405063,July-2025
Y59,RN7,DARTFORD AND GRAVESHAM NHS TRUST,64658,38930,2090,60.209100188685085,3.2323919700578427,July-2025
Y59,RPA,MEDWAY NHS FOUNDATION TRUST,78670,42252,3512,53.70789373331638,4.464217617897546,July-2025
Y59,RPC,QUEEN VICTORIA HOSPITAL NHS FOUNDATION TRUST,37454,23696,702,63.26694078069098,1.874299140278742,July-2025
Y59,RTH,OXFORD UNIVERSITY HOSPITALS NHS FOUNDATION TRUST,173880,101898,5612,58.60248447204969,3.2275132275132274,July-2025
Y59,RTK,ASHFORD AND ST PETER'S HOSPITALS NHS FOUNDATION TRUST,111736,64294,1954,57.540989475191516,1.7487649459440109,July-2025
Y59,RTP,SURREY AND SUSSEX HEALTHCARE NHS TRUST,104356,59136,2076,56.66756104105178,1.9893441680401702,July-2025
Y59,RVV,EAST KENT HOSPITALS UNIVERSITY NHS FOUNDATION TRUST,159976,87810,4174,54.88948342251337,2.609141371205681,July-2025
Y59,RW1,HAMPSHIRE AND ISLE OF WIGHT HEALTHCARE NHS FOUNDATION TRUST,8116,7516,0,92.60719566288812,0.0,July-2025
Y59,RWF,MAIDSTONE AND TUNBRIDGE WELLS NHS TRUST,96612,68050,6,70.43638471411418,0.006210408644888833,July-2025
Y59,RWX,BERKSHIRE HEALTHCARE NHS FOUNDATION TRUST,164,164,0,100.0,0.0,July-2025
Y59,RXC,EAST SUSSEX HEALTHCARE NHS TRUST,124146,78986,1710,63.62347558519807,1.3774104683195594,July-2025
Y59,RXQ,BUCKINGHAMSHIRE HEALTHCARE NHS TRUST,101658,59032,2704,58.069212457455386,2.6598988766255482,July-2025
Y59,RYR,UNIVERSITY HOSPITALS SUSSEX NHS FOUNDATION TRUST,229758,118030,11768,51.37144299654419,5.121910880143455,July-2025
Y59,RYY,KENT COMMUNITY HEALTH NHS FOUNDATION TRUST,6386,6382,0,99.93736298152209,0.0,July-2025
Y60,R1A,HEREFORDSHIRE AND WORCESTERSHIRE HEALTH AND CARE NHS TRUST,206,194,0,94.1747572815534,0.0,July-2025
Y60,R1D,SHROPSHIRE COMMUNITY HEALTH NHS TRUST,17050,11782,144,69.10263929618769,0.844574780058651,July-2025
Y60,RBK,WALSALL HEALTHCARE NHS TRUST,56616,40264,92,71.11770524233432,0.16249823371485092,July-2025
Y60,RFS,CHESTERFIELD ROYAL HOSPITAL NHS FOUNDATION TRUST,63654,37610,2000,59.08505357086751,3.141986363779181,July-2025
Y60,RJC,SOUTH WARWICKSHIRE UNIVERSITY NHS FOUNDATION TRUST,66602,43664,1418,65.55959280502087,2.1290651932374405,July-2025
Y60,RJE,UNIVERSITY HOSPITALS OF NORTH MIDLANDS NHS TRUST,131274,83714,3078,63.77043435866965,2.3447141094199915,July-2025
Y60,RK5,SHERWOOD FOREST HOSPITALS NHS FOUNDATION TRUST,72154,45394,772,62.91265903484214,1.0699337528064972,July-2025
Y60,RKB,UNIVERSITY HOSPITALS COVENTRY AND WARWICKSHIRE NHS TRUST,152258,88408,3354,58.06460087483087,2.2028399164575916,July-2025
Y60,RL1,THE ROBERT JONES AND AGNES HUNT ORTHOPAEDIC HOSPITAL NHS FOUNDATION TRUST,34596,16496,2590,47.68181292634986,7.486414614406289,July-2025
Y60,RL4,THE ROYAL WOLVERHAMPTON NHS TRUST,156868,86552,4394,55.1750516357702,2.8010811637810136,July-2025
Y60,RLQ,WYE VALLEY NHS TRUST,45408,27870,1434,61.37684989429175,3.1580338266384773,July-2025
Y60,RLT,GEORGE ELIOT HOSPITAL NHS TRUST,41050,25550,742,62.24116930572473,1.8075517661388552,July-2025
Y60,RNA,THE DUDLEY GROUP NHS FOUNDATION TRUST,93676,59082,558,63.07058371407831,0.5956701823305863,July-2025
Y60,RNQ,KETTERING GENERAL HOSPITAL NHS FOUNDATION TRUST,51648,32612,506,63.14281288723668,0.9797087980173482,July-2025
Y60,RNS,NORTHAMPTON GENERAL HOSPITAL NHS TRUST,86880,54638,1176,62.889042357274406,1.3535911602209945,July-2025
Y60,RP7,LINCOLNSHIRE PARTNERSHIP NHS FOUNDATION TRUST,98,96,0,97.95918367346938,0.0,July-2025
Y60,RQ3,BIRMINGHAM WOMEN'S AND CHILDREN'S NHS FOUNDATION TRUST,52022,29712,510,57.11429779708585,0.9803544654184768,July-2025
Y60,RRE,MIDLANDS PARTNERSHIP UNIVERSITY NHS FOUNDATION TRUST,14262,13792,6,96.70452951900155,0.04206983592763988,July-2025
Y60,RRJ,THE ROYAL ORTHOPAEDIC HOSPITAL NHS FOUNDATION TRUST,26690,16104,892,60.33720494567254,3.3420756837766956,July-2025
Y60,RRK,UNIVERSITY HOSPITALS BIRMINGHAM NHS FOUNDATION TRUST,202462,108508,10984,53.59425472434334,5.4252155960130795,July-2025
Y60,RTG,UNIVERSITY HOSPITALS OF DERBY AND BURTON NHS FOUNDATION TRUST,197664,114934,4278,58.146146996924074,2.164278776104905,July-2025
Y60,RWD,UNITED LINCOLNSHIRE TEACHING HOSPITALS NHS TRUST,139522,76098,3764,54.54193603876091,2.697782428577572,July-2025
Y60,RWE,UNIVERSITY HOSPITALS OF LEICESTER NHS TRUST,219230,117144,6404,53.43429275190439,2.921133056607216,July-2025
Y60,RWP,WORCESTERSHIRE ACUTE HOSPITALS NHS TRUST,111332,65858,1848,59.15460065390005,1.659900118564294,July-2025
Y60,RX1,NOTTINGHAM UNIVERSITY HOSPITALS NHS TRUST,163062,102980,3568,63.15389238449178,2.1881247623603293,July-2025
Y60,RXK,SANDWELL AND WEST BIRMINGHAM HOSPITALS NHS TRUST,127610,73500,2044,57.5973669775096,1.6017553483269336,July-2025
Y60,RXW,THE SHREWSBURY AND TELFORD HOSPITAL NHS TRUST,69484,39160,888,56.358298313280756,1.277992055725059,July-2025
Y60,RYW,BIRMINGHAM COMMUNITY HEALTHCARE NHS FOUNDATION TRUST,31328,21284,114,67.93922369765066,0.3638917262512768,July-2025
Y61,RAJ,MID AND SOUTH ESSEX NHS FOUNDATION TRUST,347534,172732,25132,49.70218741187912,7.23152267116311,July-2025
Y61,RC9,BEDFORDSHIRE HOSPITALS NHS FOUNDATION TRUST,175464,103406,4294,58.93288651803219,2.4472256417270777,July-2025
Y61,RCX,"THE QUEEN ELIZABETH HOSPITAL, KING'S LYNN, NHS FOUNDATION TRUST",56082,31518,1090,56.19985021932171,1.9435826111764916,July-2025
Y61,RD8,MILTON KEYNES UNIVERSITY HOSPITAL NHS FOUNDATION TRUST,69410,34712,3910,50.01008500216108,5.633194064255871,July-2025
Y61,RDE,EAST SUFFOLK AND NORTH ESSEX NHS FOUNDATION TRUST,184480,105112,5844,56.977450130095406,3.1678230702515178,July-2025
Y61,RGM,ROYAL PAPWORTH HOSPITAL NHS FOUNDATION TRUST,12738,8608,110,67.57732768095462,0.8635578583765112,July-2025
Y61,RGN,NORTH WEST ANGLIA NHS FOUNDATION TRUST,157792,90310,3096,57.23357331170148,1.9620766578787265,July-2025
Y61,RGP,JAMES PAGET UNIVERSITY HOSPITALS NHS FOUNDATION TRUST,70334,36988,3508,52.58907498507123,4.987630449000483,July-2025
Y61,RGR,WEST SUFFOLK NHS FOUNDATION TRUST,70436,39632,3340,56.266681810437845,4.741893349991481,July-2025
Y61,RGT,CAMBRIDGE UNIVERSITY HOSPITALS NHS FOUNDATION TRUST,133802,78264,5382,58.492399216753114,4.022361399680125,July-2025
Y61,RM1,NORFOLK AND NORWICH UNIVERSITY HOSPITALS NHS FOUNDATION TRUST,163668,87744,7782,53.6109685460811,4.75474741549967,July-2025
Y61,RQW,THE PRINCESS ALEXANDRA HOSPITAL NHS TRUST,93576,48694,4804,52.036847054800376,5.133794990168419,July-2025
Y61,RT1,CAMBRIDGESHIRE AND PETERBOROUGH NHS FOUNDATION TRUST,672,322,132,47.91666666666667,19.642857142857142,July-2025
Y61,RWG,WEST HERTFORDSHIRE TEACHING HOSPITALS NHS TRUST,93554,60600,1444,64.77542381939843,1.543493597280715,July-2025
Y61,RWH,EAST AND NORTH HERTFORDSHIRE NHS TRUST,103548,64526,1492,62.315061613937495,1.4408776606018465,July-2025
Y62,R0A,MANCHESTER UNIVERSITY NHS FOUNDATION TRUST,372176,198534,13994,53.34411676196208,3.7600490090709773,July-2025
Y62,RBL,WIRRAL UNIVERSITY TEACHING HOSPITAL NHS FOUNDATION TRUST,94624,58474,2510,61.79616165032127,2.6526039905309435,July-2025
Y62,RBN,MERSEY AND WEST LANCASHIRE TEACHING HOSPITALS NHS TRUST,151162,96212,3986,63.648271390958044,2.636906100739604,July-2025
Y62,RBQ,LIVERPOOL HEART AND CHEST HOSPITAL NHS FOUNDATION TRUST,10158,7466,90,73.49872022051585,0.8860011813349086,July-2025
Y62,RBS,ALDER HEY CHILDREN'S NHS FOUNDATION TRUST,36044,21008,778,58.28431916546444,2.1584729774719786,July-2025
Y62,RBT,MID CHESHIRE HOSPITALS NHS FOUNDATION TRUST,84228,45618,4106,54.1601367716199,4.87486346583084,July-2025
Y62,RBV,THE CHRISTIE NHS FOUNDATION TRUST,5470,5120,4,93.60146252285192,0.07312614259597806,July-2025
Y62,REM,LIVERPOOL UNIVERSITY HOSPITALS NHS FOUNDATION TRUST,131596,73500,5014,55.85276148211192,3.8101462050518253,July-2025
Y62,REN,THE CLATTERBRIDGE CANCER CENTRE NHS FOUNDATION TRUST,2308,2230,0,96.62045060658578,0.0,July-2025
Y62,REP,LIVERPOOL WOMEN'S NHS FOUNDATION TRUST,32820,15182,1958,46.25837903717245,5.965874466788543,July-2025
Y62,RET,THE WALTON CENTRE NHS FOUNDATION TRUST,28466,17922,234,62.95931989039556,0.8220333028876554,July-2025
Y62,RJN,EAST CHESHIRE NHS TRUST,33936,20272,764,59.73597359735974,2.2512965582272515,July-2025
Y62,RJR,COUNTESS OF CHESTER HOSPITAL NHS FOUNDATION TRUST,69978,35142,5978,50.21864014404527,8.542684843808054,July-2025
Y62,RM3,NORTHERN CARE ALLIANCE NHS FOUNDATION TRUST,274678,147158,10132,53.574731139734524,3.6886827485273663,July-2025
Y62,RMC,BOLTON NHS FOUNDATION TRUST,75130,42966,2460,57.18887262079063,3.274324504192733,July-2025
Y62,RMP,TAMESIDE AND GLOSSOP INTEGRATED CARE NHS FOUNDATION TRUST,34406,24650,0,71.64448061384641,0.0,July-2025
Y62,RRF,"WRIGHTINGTON, WIGAN AND LEIGH NHS FOUNDATION TRUST",97680,55178,3614,56.48853398853399,3.6998361998362,July-2025
Y62,RTX,UNIVERSITY HOSPITALS OF MORECAMBE BAY NHS FOUNDATION TRUST,69872,47104,970,67.41470116784978,1.3882528051293794,July-2025
Y62,RW4,MERSEY CARE NHS FOUNDATION TRUST,82,82,0,100.0,0.0,July-2025
Y62,RW5,LANCASHIRE & SOUTH CUMBRIA NHS FOUNDATION TRUST,4712,4348,0,92.27504244482174,0.0,July-2025
Y62,RWJ,STOCKPORT NHS FOUNDATION TRUST,69544,39508,1866,56.810077073507415,2.683193373979064,July-2025
Y62,RWW,WARRINGTON AND HALTON TEACHING HOSPITALS NHS FOUNDATION TRUST,66622,38098,3234,57.18531416048752,4.85425234907388,July-2025
Y62,RXL,BLACKPOOL TEACHING HOSPITALS NHS FOUNDATION TRUST,81028,45610,3810,56.289183985782685,4.702078293923089,July-2025
Y62,RXN,LANCASHIRE TEACHING HOSPITALS NHS FOUNDATION TRUST,129146,70420,4070,54.52743406687005,3.1514719774518767,July-2025
Y62,RXR,EAST LANCASHIRE HOSPITALS NHS TRUST,114736,70184,4200,61.16999023846047,3.660577325338168,July-2025
Y63,R0B,SOUTH TYNESIDE AND SUNDERLAND NHS FOUNDATION TRUST,118262,89036,56,75.28707446178822,0.04735248854238893,July-2025
Y63,RAE,BRADFORD TEACHING HOSPITALS NHS FOUNDATION TRUST,66298,43920,386,66.24634227276842,0.5822196748016532,July-2025
Y63,RCB,YORK AND SCARBOROUGH TEACHING HOSPITALS NHS FOUNDATION TRUST,110804,64924,3516,58.59355257932927,3.1731706436590734,July-2025
Y63,RCD,HARROGATE AND DISTRICT NHS FOUNDATION TRUST,39766,28590,10,71.8955891968013,0.025147110596992404,July-2025
Y63,RCF,AIREDALE NHS FOUNDATION TRUST,28276,20204,112,71.45282218135522,0.39609562880181076,July-2025
Y63,RCU,SHEFFIELD CHILDREN'S NHS FOUNDATION TRUST,24516,16304,650,66.50350791319954,2.651329743840757,July-2025
Y63,RFF,BARNSLEY HOSPITAL NHS FOUNDATION TRUST,51946,35736,332,68.79451738343664,0.6391252454471952,July-2025
Y63,RFR,THE ROTHERHAM NHS FOUNDATION TRUST,62616,41636,1198,66.49418678931902,1.9132490098377413,July-2025
Y63,RJL,NORTHERN LINCOLNSHIRE AND GOOLE NHS FOUNDATION TRUST,78228,46824,1790,59.85580610523087,2.2881832591910825,July-2025
Y63,RNN,NORTH CUMBRIA INTEGRATED CARE NHS FOUNDATION TRUST,75856,42422,2440,55.92438304155242,3.2166209660409195,July-2025
Y63,RP5,DONCASTER AND BASSETLAW TEACHING HOSPITALS NHS FOUNDATION TRUST,113994,69882,3486,61.3032264856045,3.0580556871414286,July-2025
Y63,RR7,GATESHEAD HEALTH NHS FOUNDATION TRUST,26688,18316,70,68.6300959232614,0.26229016786570747,July-2025
Y63,RR8,LEEDS TEACHING HOSPITALS NHS TRUST,176258,116562,4632,66.13146637315754,2.6279658228279,July-2025
Y63,RTD,THE NEWCASTLE UPON TYNE HOSPITALS NHS FOUNDATION TRUST,176102,129712,2534,73.65731223949756,1.4389387968336533,July-2025
Y63,RTF,NORTHUMBRIA HEALTHCARE NHS FOUNDATION TRUST,73480,60406,10,82.20740337506804,0.013609145345672292,July-2025
Y63,RTR,SOUTH TEES HOSPITALS NHS FOUNDATION TRUST,113938,70460,3136,61.84065017816708,2.7523740981937546,July-2025
Y63,RVW,NORTH TEES AND HARTLEPOOL NHS FOUNDATION TRUST,42462,31504,398,74.19339644858933,0.9373086524421836,July-2025
Y63,RWA,HULL UNIVERSITY TEACHING HOSPITALS NHS TRUST,159552,92372,5908,57.894604893702365,3.7028680304853587,July-2025
Y63,RWY,CALDERDALE AND HUDDERSFIELD NHS FOUNDATION TRUST,73254,50160,108,68.47407650094193,0.14743222213121468,July-2025
Y63,RX4,"CUMBRIA, NORTHUMBERLAND, TYNE AND WEAR NHS FOUNDATION TRUST",322,320,0,99.37888198757764,0.0,July-2025
Y63,RXF,MID YORKSHIRE TEACHING NHS TRUST,114418,71010,598,62.06191333531438,0.522645038368089,July-2025
Y63,RXG,SOUTH WEST YORKSHIRE PARTNERSHIP NHS FOUNDATION TRUST,8498,8302,0,97.69357495881383,0.0,July-2025
Y63,RXP,COUNTY DURHAM AND DARLINGTON NHS FOUNDATION TRUST,81330,55666,788,68.44460838558958,0.9688921677117915,July-2025
Y63,TAD,BRADFORD DISTRICT CARE NHS FOUNDATION TRUST,1142,770,8,67.42556917688266,0.7005253940455342,July-2025
Y56,R1H,BARTS HEALTH NHS TRUST,267978,150470,9016,56.15013172723135,3.364455291105986,August-2025
Y56,R1K,LONDON NORTH WEST UNIVERSITY HEALTHCARE NHS TRUST,172742,100466,4050,58.15956744740711,2.344536939482002,August-2025
Y56,RAL,ROYAL FREE LONDON NHS FOUNDATION TRUST,280488,164456,6366,58.632098342888106,2.269615812441174,August-2025
Y56,RAN,ROYAL NATIONAL ORTHOPAEDIC HOSPITAL NHS TRUST,17910,12850,98,71.74762702400893,0.5471803461753211,August-2025
Y56,RAS,THE HILLINGDON HOSPITALS NHS FOUNDATION TRUST,69226,38052,1930,54.967786669748364,2.787969837922168,August-2025
Y56,RAX,KINGSTON AND RICHMOND NHS FOUNDATION TRUST,85862,54132,520,63.04535184365609,0.6056229764039971,August-2025
Y56,RF4,"BARKING, HAVERING AND REDBRIDGE UNIVERSITY HOSPITALS NHS TRUST",115818,82882,1130,71.56227874769034,0.9756687216149476,August-2025
Y56,RJ1,GUY'S AND ST THOMAS' NHS FOUNDATION TRUST,224396,145308,5348,64.75516497620278,2.38328668960231,August-2025
Y56,RJ2,LEWISHAM AND GREENWICH NHS TRUST,107066,63302,3488,59.1242784824314,3.2578035977808084,August-2025
Y56,RJ6,CROYDON HEALTH SERVICES NHS TRUST,73772,50512,1468,68.47042238247573,1.9899148728514882,August-2025
Y56,RJ7,ST GEORGE'S UNIVERSITY HOSPITALS NHS FOUNDATION TRUST,142398,86212,3624,60.54298515428588,2.5449795643197235,August-2025
Y56,RJZ,KING'S COLLEGE HOSPITAL NHS FOUNDATION TRUST,159232,95636,3798,60.06079180064309,2.3851989549839225,August-2025
Y56,RKE,WHITTINGTON HEALTH NHS TRUST,53944,34122,1076,63.25448613376835,1.9946611300608037,August-2025
Y56,RP4,GREAT ORMOND STREET HOSPITAL FOR CHILDREN NHS FOUNDATION TRUST,16000,11068,492,69.175,3.075,August-2025
Y56,RP6,MOORFIELDS EYE HOSPITAL NHS FOUNDATION TRUST,69576,56012,62,80.50477176037714,0.08911118776589629,August-2025
Y56,RPG,OXLEAS NHS FOUNDATION TRUST,3002,1692,536,56.36242504996669,17.854763491005997,August-2025
Y56,RPY,THE ROYAL MARSDEN NHS FOUNDATION TRUST,3834,3634,2,94.78351591027648,0.05216484089723526,August-2025
Y56,RQM,CHELSEA AND WESTMINSTER HOSPITAL NHS FOUNDATION TRUST,144604,86766,2672,60.00248955768859,1.8478050399712318,August-2025
Y56,RQX,HOMERTON HEALTHCARE NHS FOUNDATION TRUST,68680,44850,826,65.30285381479325,1.2026790914385557,August-2025
Y56,RRV,UNIVERSITY COLLEGE LONDON HOSPITALS NHS FOUNDATION TRUST,147292,85312,2670,57.920321538169084,1.8127257420633844,August-2025
Y56,RVR,EPSOM AND ST HELIER UNIVERSITY HOSPITALS NHS TRUST,119390,76026,2178,63.67870005863138,1.8242733897311334,August-2025
Y56,RYJ,IMPERIAL COLLEGE HEALTHCARE NHS TRUST,182118,110622,2682,60.7419365466346,1.472671564589991,August-2025
Y58,R0D,UNIVERSITY HOSPITALS DORSET NHS FOUNDATION TRUST,126296,79902,3660,63.265661620320515,2.897954012795338,August-2025
Y58,RA7,UNIVERSITY HOSPITALS BRISTOL AND WESTON NHS FOUNDATION TRUST,107710,69636,1570,64.65137870207037,1.4576176770959057,August-2025
Y58,RA9,TORBAY AND SOUTH DEVON NHS FOUNDATION TRUST,64234,44648,1228,69.50836005853598,1.9117601270355264,August-2025
Y58,RBD,DORSET COUNTY HOSPITAL NHS FOUNDATION TRUST,44600,26176,730,58.690582959641254,1.6367713004484303,August-2025
Y58,RD1,ROYAL UNITED HOSPITALS BATH NHS FOUNDATION TRUST,78648,45788,1522,58.21889939985759,1.9352049638897366,August-2025
Y58,REF,ROYAL CORNWALL HOSPITALS NHS TRUST,82488,58638,864,71.08670352051207,1.047425080011638,August-2025
Y58,RH5,SOMERSET NHS FOUNDATION TRUST,115328,71704,3652,62.17397336293008,3.1666204217536067,August-2025
Y58,RH8,ROYAL DEVON UNIVERSITY HEALTHCARE NHS FOUNDATION TRUST,151820,89696,4618,59.08049005401133,3.0417599789224083,August-2025
Y58,RJ8,CORNWALL PARTNERSHIP NHS FOUNDATION TRUST,868,862,0,99.30875576036865,0.0,August-2025
Y58,RK9,UNIVERSITY HOSPITALS PLYMOUTH NHS TRUST,99922,59818,3628,59.86469446168011,3.6308320489982187,August-2025
Y58,RN3,GREAT WESTERN HOSPITALS NHS FOUNDATION TRUST,80240,48510,1290,60.456131605184446,1.607676969092722,August-2025
Y58,RNZ,SALISBURY NHS FOUNDATION TRUST,60096,39678,418,66.02436102236422,0.6955537806176784,August-2025
Y58,RTE,GLOUCESTERSHIRE HOSPITALS NHS FOUNDATION TRUST,119594,80430,72,67.25253775273006,0.060203689148285035,August-2025
Y58,RVJ,NORTH BRISTOL NHS TRUST,88890,58036,370,65.28968387895151,0.41624479694003824,August-2025
Y59,R1F,ISLE OF WIGHT NHS TRUST,27798,17426,242,62.687963162817475,0.8705662277861718,August-2025
Y59,RA2,ROYAL SURREY COUNTY HOSPITAL NHS FOUNDATION TRUST,60376,34876,2384,57.764674705180866,3.948588843248973,August-2025
Y59,RDR,SUSSEX COMMUNITY NHS FOUNDATION TRUST,28174,20532,10,72.87570100092283,0.03549371761198268,August-2025
Y59,RDU,FRIMLEY HEALTH NHS FOUNDATION TRUST,142076,78618,3426,55.33517272445734,2.4113854556716126,August-2025
Y59,RHM,UNIVERSITY HOSPITAL SOUTHAMPTON NHS FOUNDATION TRUST,126034,77846,3710,61.76587270101719,2.943650126156434,August-2025
Y59,RHU,PORTSMOUTH HOSPITALS UNIVERSITY NHS TRUST,114978,65740,4524,57.1761554384317,3.934665762145802,August-2025
Y59,RHW,ROYAL BERKSHIRE NHS FOUNDATION TRUST,70016,55772,46,79.65607861060329,0.06569926873857404,August-2025
Y59,RN5,HAMPSHIRE HOSPITALS NHS FOUNDATION TRUST,101674,60058,4094,59.06918189507642,4.026594802997817,August-2025
Y59,RN7,DARTFORD AND GRAVESHAM NHS TRUST,64350,38888,2408,60.43201243201243,3.742035742035742,August-2025
Y59,RPA,MEDWAY NHS FOUNDATION TRUST,79814,42156,4106,52.81780138822762,5.144460871526299,August-2025
Y59,RPC,QUEEN VICTORIA HOSPITAL NHS FOUNDATION TRUST,38036,23726,748,62.377747397202654,1.9665579976864023,August-2025
Y59,RTH,OXFORD UNIVERSITY HOSPITALS NHS FOUNDATION TRUST,172540,101470,5442,58.809551408369074,3.154051234496349,August-2025
Y59,RTK,ASHFORD AND ST PETER'S HOSPITALS NHS FOUNDATION TRUST,110462,63188,2184,57.20338215857037,1.9771505132986908,August-2025
Y59,RTP,SURREY AND SUSSEX HEALTHCARE NHS TRUST,100888,57814,1810,57.305130441677896,1.794068670208548,August-2025
Y59,RVV,EAST KENT HOSPITALS UNIVERSITY NHS FOUNDATION TRUST,160098,87510,4638,54.66027058426713,2.8969756024435034,August-2025
Y59,RW1,HAMPSHIRE AND ISLE OF WIGHT HEALTHCARE NHS FOUNDATION TRUST,8304,7690,0,92.60597302504817,0.0,August-2025
Y59,RWF,MAIDSTONE AND TUNBRIDGE WELLS NHS TRUST,97690,67404,0,68.99785034292148,0.0,August-2025
Y59,RWX,BERKSHIRE HEALTHCARE NHS FOUNDATION TRUST,164,164,0,100.0,0.0,August-2025
Y59,RXC,EAST SUSSEX HEALTHCARE NHS TRUST,124276,78894,1658,63.48289291576813,1.3341272651195726,August-2025
Y59,RXQ,BUCKINGHAMSHIRE HEALTHCARE NHS TRUST,100506,58968,2764,58.67112411199331,2.7500845720653495,August-2025
Y59,RYR,UNIVERSITY HOSPITALS SUSSEX NHS FOUNDATION TRUST,229400,116528,11258,50.796861377506545,4.907585004359198,August-2025
Y59,RYY,KENT COMMUNITY HEALTH NHS FOUNDATION TRUST,7282,7278,0,99.94507003570448,0.0,August-2025
Y60,R1A,HEREFORDSHIRE AND WORCESTERSHIRE HEALTH AND CARE NHS TRUST,216,196,0,90.74074074074075,0.0,August-2025
Y60,R1D,SHROPSHIRE COMMUNITY HEALTH NHS TRUST,15944,11978,104,75.1254390366282,0.6522829904666332,August-2025
Y60,RBK,WALSALL HEALTHCARE NHS TRUST,56706,40006,22,70.54985363100906,0.03879660000705393,August-2025
Y60,RFS,CHESTERFIELD ROYAL HOSPITAL NHS FOUNDATION TRUST,64792,37922,2136,58.52883071984195,3.296703296703297,August-2025
Y60,RJC,SOUTH WARWICKSHIRE UNIVERSITY NHS FOUNDATION TRUST,66198,42996,1518,64.95060273724282,2.293120638085743,August-2025
Y60,RJE,UNIVERSITY HOSPITALS OF NORTH MIDLANDS NHS TRUST,132790,83450,2766,62.843587619549666,2.082988176820544,August-2025
Y60,RK5,SHERWOOD FOREST HOSPITALS NHS FOUNDATION TRUST,72260,44322,698,61.33683919180736,0.9659562690285081,August-2025
Y60,RKB,UNIVERSITY HOSPITALS COVENTRY AND WARWICKSHIRE NHS TRUST,150788,88260,3416,58.53250921824018,2.2654322625142584,August-2025
Y60,RL1,THE ROBERT JONES AND AGNES HUNT ORTHOPAEDIC HOSPITAL NHS FOUNDATION TRUST,34002,16540,2478,48.64419740015293,7.287806599611788,August-2025
Y60,RL4,THE ROYAL WOLVERHAMPTON NHS TRUST,154294,84376,3762,54.68521134976084,2.4382023928344587,August-2025
Y60,RLQ,WYE VALLEY NHS TRUST,45316,27642,1508,60.99832288816312,3.327742960543737,August-2025
Y60,RLT,GEORGE ELIOT HOSPITAL NHS TRUST,40434,25476,340,63.006380768660044,0.8408764900826038,August-2025
Y60,RNA,THE DUDLEY GROUP NHS FOUNDATION TRUST,92754,58736,412,63.32449274424823,0.44418569549561204,August-2025
Y60,RNQ,KETTERING GENERAL HOSPITAL NHS FOUNDATION TRUST,51236,31568,562,61.61292840971192,1.0968850027324537,August-2025
Y60,RNS,NORTHAMPTON GENERAL HOSPITAL NHS TRUST,87242,54712,1550,62.71291350496321,1.776667201577222,August-2025
Y60,RP7,LINCOLNSHIRE PARTNERSHIP NHS FOUNDATION TRUST,76,76,0,100.0,0.0,August-2025
Y60,RQ3,BIRMINGHAM WOMEN'S AND CHILDREN'S NHS FOUNDATION TRUST,49786,28108,556,56.457638693608644,1.116779817619411,August-2025
Y60,RRE,MIDLANDS PARTNERSHIP UNIVERSITY NHS FOUNDATION TRUST,14658,14068,2,95.97489425569655,0.01364442625187611,August-2025
Y60,RRJ,THE ROYAL ORTHOPAEDIC HOSPITAL NHS FOUNDATION TRUST,26894,16532,854,61.47096006544211,3.1754294638209264,August-2025
Y60,RRK,UNIVERSITY HOSPITALS BIRMINGHAM NHS FOUNDATION TRUST,195714,109020,8466,55.70373095435176,4.325699745547073,August-2025
Y60,RTG,UNIVERSITY HOSPITALS OF DERBY AND BURTON NHS FOUNDATION TRUST,191320,112666,3762,58.88877273677608,1.9663391177085512,August-2025
Y60,RWD,UNITED LINCOLNSHIRE TEACHING HOSPITALS NHS TRUST,139252,74664,4024,53.617901358687845,2.889725102691523,August-2025
Y60,RWE,UNIVERSITY HOSPITALS OF LEICESTER NHS TRUST,221414,114934,6802,51.909093372596125,3.072073129973714,August-2025
Y60,RWP,WORCESTERSHIRE ACUTE HOSPITALS NHS TRUST,113184,66224,1778,58.51003675431157,1.5708934124964662,August-2025
Y60,RX1,NOTTINGHAM UNIVERSITY HOSPITALS NHS TRUST,165988,102544,3924,61.77795985251946,2.3640263151553125,August-2025
Y60,RXK,SANDWELL AND WEST BIRMINGHAM HOSPITALS NHS TRUST,131208,75510,1912,57.54984452167551,1.457228217791598,August-2025
Y60,RXW,THE SHREWSBURY AND TELFORD HOSPITAL NHS TRUST,65340,38422,610,58.8031833486379,0.9335782063054789,August-2025
Y60,RYW,BIRMINGHAM COMMUNITY HEALTHCARE NHS FOUNDATION TRUST,32458,22122,122,68.15577053422885,0.3758703555363855,August-2025
Y61,RAJ,MID AND SOUTH ESSEX NHS FOUNDATION TRUST,353432,178754,27562,50.576631431222985,7.798388374567102,August-2025
Y61,RC9,BEDFORDSHIRE HOSPITALS NHS FOUNDATION TRUST,173878,102968,3882,59.218532534305666,2.232599868873578,August-2025
Y61,RCX,"THE QUEEN ELIZABETH HOSPITAL, KING'S LYNN, NHS FOUNDATION TRUST",56986,33088,1120,58.063383989049946,1.9653950093005301,August-2025
Y61,RD8,MILTON KEYNES UNIVERSITY HOSPITAL NHS FOUNDATION TRUST,75228,38038,4288,50.56361992874994,5.700005317169139,August-2025
Y61,RDE,EAST SUFFOLK AND NORTH ESSEX NHS FOUNDATION TRUST,186552,105532,5952,56.56974998927913,3.1905313263862087,August-2025
Y61,RGM,ROYAL PAPWORTH HOSPITAL NHS FOUNDATION TRUST,12282,8454,114,68.8324377137274,0.9281875915974597,August-2025
Y61,RGN,NORTH WEST ANGLIA NHS FOUNDATION TRUST,156010,87838,2672,56.302801102493426,1.7127107236715595,August-2025
Y61,RGP,JAMES PAGET UNIVERSITY HOSPITALS NHS FOUNDATION TRUST,70842,36316,3638,51.26337483413794,5.135371672171876,August-2025
Y61,RGR,WEST SUFFOLK NHS FOUNDATION TRUST,67338,39324,2860,58.39793281653747,4.247230389972972,August-2025
Y61,RGT,CAMBRIDGE UNIVERSITY HOSPITALS NHS FOUNDATION TRUST,132240,76484,5142,57.837265577737455,3.8883847549909256,August-2025
Y61,RM1,NORFOLK AND NORWICH UNIVERSITY HOSPITALS NHS FOUNDATION TRUST,165144,85644,8310,51.86019473913676,5.031972097078913,August-2025
Y61,RQW,THE PRINCESS ALEXANDRA HOSPITAL NHS TRUST,88734,46824,4898,52.76894989519237,5.519868370635833,August-2025
Y61,RT1,CAMBRIDGESHIRE AND PETERBOROUGH NHS FOUNDATION TRUST,670,270,126,40.298507462686565,18.80597014925373,August-2025
Y61,RWG,WEST HERTFORDSHIRE TEACHING HOSPITALS NHS TRUST,93892,59904,1654,63.80096280833298,1.7615984322412985,August-2025
Y61,RWH,EAST AND NORTH HERTFORDSHIRE NHS TRUST,101684,62240,1562,61.209236458046504,1.536131544785807,August-2025
Y62,R0A,MANCHESTER UNIVERSITY NHS FOUNDATION TRUST,375824,198098,14358,52.71031120950232,3.820405296096045,August-2025
Y62,RBL,WIRRAL UNIVERSITY TEACHING HOSPITAL NHS FOUNDATION TRUST,94542,57368,2670,60.679909458230206,2.824141651329568,August-2025
Y62,RBN,MERSEY AND WEST LANCASHIRE TEACHING HOSPITALS NHS TRUST,152092,96758,3844,63.61807327144097,2.5274176156536834,August-2025
Y62,RBQ,LIVERPOOL HEART AND CHEST HOSPITAL NHS FOUNDATION TRUST,9934,7470,84,75.19629555063419,0.8455808335011074,August-2025
Y62,RBS,ALDER HEY CHILDREN'S NHS FOUNDATION TRUST,35986,21492,818,59.7232256988829,2.273106207969766,August-2025
Y62,RBT,MID CHESHIRE HOSPITALS NHS FOUNDATION TRUST,88678,48604,4102,54.8095356232662,4.625724531450867,August-2025
Y62,RBV,THE CHRISTIE NHS FOUNDATION TRUST,5400,5092,6,94.2962962962963,0.1111111111111111,August-2025
Y62,REM,LIVERPOOL UNIVERSITY HOSPITALS NHS FOUNDATION TRUST,133086,74514,4658,55.989360263288404,3.499992486061644,August-2025
Y62,REN,THE CLATTERBRIDGE CANCER CENTRE NHS FOUNDATION TRUST,2242,2154,0,96.07493309545049,0.0,August-2025
Y62,REP,LIVERPOOL WOMEN'S NHS FOUNDATION TRUST,33134,15194,2786,45.856220196776725,8.408281523510594,August-2025
Y62,RET,THE WALTON CENTRE NHS FOUNDATION TRUST,29532,18552,228,62.81999187322227,0.7720438845997561,August-2025
Y62,RJN,EAST CHESHIRE NHS TRUST,36480,21548,870,59.067982456140356,2.384868421052632,August-2025
Y62,RJR,COUNTESS OF CHESTER HOSPITAL NHS FOUNDATION TRUST,68954,33308,6206,48.30466687936886,9.000203033906661,August-2025
Y62,RM3,NORTHERN CARE ALLIANCE NHS FOUNDATION TRUST,278032,146536,10350,52.704724636013125,3.7225930828106115,August-2025
Y62,RMC,BOLTON NHS FOUNDATION TRUST,75042,43534,2306,58.01284613949521,3.0729458170091415,August-2025
Y62,RMP,TAMESIDE AND GLOSSOP INTEGRATED CARE NHS FOUNDATION TRUST,34192,24056,0,70.35563874590548,0.0,August-2025
Y62,RRF,"WRIGHTINGTON, WIGAN AND LEIGH NHS FOUNDATION TRUST",98674,55754,3762,56.50323286782739,3.8125544723027343,August-2025
Y62,RTX,UNIVERSITY HOSPITALS OF MORECAMBE BAY NHS FOUNDATION TRUST,68936,46470,930,67.41035163049786,1.3490774051293954,August-2025
Y62,RW4,MERSEY CARE NHS FOUNDATION TRUST,110,108,0,98.18181818181819,0.0,August-2025
Y62,RW5,LANCASHIRE & SOUTH CUMBRIA NHS FOUNDATION TRUST,4434,4018,0,90.61795218764097,0.0,August-2025
Y62,RWJ,STOCKPORT NHS FOUNDATION TRUST,70462,39470,1662,56.01600862876444,2.3587181743351024,August-2025
Y62,RWW,WARRINGTON AND HALTON TEACHING HOSPITALS NHS FOUNDATION TRUST,64996,37064,2990,57.02504769524278,4.600283094344268,August-2025
Y62,RXL,BLACKPOOL TEACHING HOSPITALS NHS FOUNDATION TRUST,85204,47174,4020,55.36594526078588,4.7180883526595,August-2025
Y62,RXN,LANCASHIRE TEACHING HOSPITALS NHS FOUNDATION TRUST,130656,69686,4316,53.33547636541759,3.3033308841538087,August-2025
Y62,RXR,EAST LANCASHIRE HOSPITALS NHS TRUST,114424,68788,4166,60.11675872194644,3.6408445780605465,August-2025
Y63,R0B,SOUTH TYNESIDE AND SUNDERLAND NHS FOUNDATION TRUST,118488,88188,52,74.42779015596516,0.04388630072243603,August-2025
Y63,RAE,BRADFORD TEACHING HOSPITALS NHS FOUNDATION TRUST,67456,44272,476,65.63092979127134,0.7056451612903225,August-2025
Y63,RCB,YORK AND SCARBOROUGH TEACHING HOSPITALS NHS FOUNDATION TRUST,113620,64644,3976,56.894912867452916,3.499383911283225,August-2025
Y63,RCD,HARROGATE AND DISTRICT NHS FOUNDATION TRUST,40188,28722,14,71.46909525231412,0.034836269533193985,August-2025
Y63,RCF,AIREDALE NHS FOUNDATION TRUST,28064,19946,106,71.07326111744584,0.37770809578107184,August-2025
Y63,RCU,SHEFFIELD CHILDREN'S NHS FOUNDATION TRUST,24544,16022,642,65.27868318122555,2.6157105606258146,August-2025
Y63,RFF,BARNSLEY HOSPITAL NHS FOUNDATION TRUST,52664,34916,398,66.29955947136564,0.7557344675679781,August-2025
Y63,RFR,THE ROTHERHAM NHS FOUNDATION TRUST,63410,40944,1294,64.5702570572465,2.0406875887084057,August-2025
Y63,RJL,NORTHERN LINCOLNSHIRE AND GOOLE NHS FOUNDATION TRUST,79396,46916,2050,59.091138092599124,2.5819940551161267,August-2025
Y63,RNN,NORTH CUMBRIA INTEGRATED CARE NHS FOUNDATION TRUST,70074,37738,2730,53.85449667494363,3.8958814967034847,August-2025
Y63,RP5,DONCASTER AND BASSETLAW TEACHING HOSPITALS NHS FOUNDATION TRUST,114436,69418,3470,60.66098081023454,3.0322625747142506,August-2025
Y63,RR7,GATESHEAD HEALTH NHS FOUNDATION TRUST,27066,18242,110,67.39821177861523,0.4064139510825389,August-2025
Y63,RR8,LEEDS TEACHING HOSPITALS NHS TRUST,176700,117038,3628,66.23542727787209,2.0531975099037916,August-2025
Y63,RTD,THE NEWCASTLE UPON TYNE HOSPITALS NHS FOUNDATION TRUST,177032,128806,2476,72.75859731573952,1.3986171991504361,August-2025
Y63,RTF,NORTHUMBRIA HEALTHCARE NHS FOUNDATION TRUST,72742,59656,10,82.01039289543868,0.013747216188721783,August-2025
Y63,RTR,SOUTH TEES HOSPITALS NHS FOUNDATION TRUST,114768,70038,3358,61.02572145545797,2.925902690645476,August-2025
Y63,RVW,NORTH TEES AND HARTLEPOOL NHS FOUNDATION TRUST,41842,30412,314,72.68295014578653,0.7504421394770805,August-2025
Y63,RWA,HULL UNIVERSITY TEACHING HOSPITALS NHS TRUST,161310,91518,6522,56.73423842291241,4.043146736098196,August-2025
Y63,RWY,CALDERDALE AND HUDDERSFIELD NHS FOUNDATION TRUST,73290,50344,96,68.69149952244507,0.13098649201801063,August-2025
Y63,RX4,"CUMBRIA, NORTHUMBERLAND, TYNE AND WEAR NHS FOUNDATION TRUST",310,310,0,100.0,0.0,August-2025
Y63,RXF,MID YORKSHIRE TEACHING NHS TRUST,113034,69306,594,61.314294813949786,0.5255056000849302,August-2025
Y63,RXG,SOUTH WEST YORKSHIRE PARTNERSHIP NHS FOUNDATION TRUST,8864,8638,0,97.45036101083032,0.0,August-2025
Y63,RXP,COUNTY DURHAM AND DARLINGTON NHS FOUNDATION TRUST,82888,56936,958,68.69028086092077,1.1557764694527555,August-2025
Y63,TAD,BRADFORD DISTRICT CARE NHS FOUNDATION TRUST,1168,704,8,60.273972602739725,0.684931506849315,August-2025
Y56,R1H,BARTS HEALTH NHS TRUST,266868,150812,7756,56.51183356565793,2.906305739166929,September-2025
Y56,R1K,LONDON NORTH WEST UNIVERSITY HEALTHCARE NHS TRUST,172272,100744,3600,58.479613634252814,2.089718584563945,September-2025
Y56,RAL,ROYAL FREE LONDON NHS FOUNDATION TRUST,274322,164876,5700,60.10309052864882,2.0778501177448403,September-2025
Y56,RAN,ROYAL NATIONAL ORTHOPAEDIC HOSPITAL NHS TRUST,18104,13248,84,73.17719840919133,0.4639858594785683,September-2025
Y56,RAS,THE HILLINGDON HOSPITALS NHS FOUNDATION TRUST,73828,44004,1082,59.603402503115355,1.465568618952159,September-2025
Y56,RAX,KINGSTON AND RICHMOND NHS FOUNDATION TRUST,87782,56566,626,64.4391788749402,0.7131302544940876,September-2025
Y56,RF4,"BARKING, HAVERING AND REDBRIDGE UNIVERSITY HOSPITALS NHS TRUST",121044,88934,1078,73.47245629688378,0.8905852417302799,September-2025
Y56,RJ1,GUY'S AND ST THOMAS' NHS FOUNDATION TRUST,221604,144512,4352,65.21181928124041,1.9638634681684448,September-2025
Y56,RJ2,LEWISHAM AND GREENWICH NHS TRUST,108976,66638,3014,61.14924387020996,2.7657465864043456,September-2025
Y56,RJ6,CROYDON HEALTH SERVICES NHS TRUST,73640,50326,1278,68.34057577403586,1.735469853340576,September-2025
Y56,RJ7,ST GEORGE'S UNIVERSITY HOSPITALS NHS FOUNDATION TRUST,140764,85568,3552,60.78826972805547,2.523372453184053,September-2025
Y56,RJZ,KING'S COLLEGE HOSPITAL NHS FOUNDATION TRUST,162448,99988,3630,61.55077317049148,2.234561213434453,September-2025
Y56,RKE,WHITTINGTON HEALTH NHS TRUST,54100,33506,1136,61.93345656192236,2.099815157116451,September-2025
Y56,RP4,GREAT ORMOND STREET HOSPITAL FOR CHILDREN NHS FOUNDATION TRUST,15900,11150,492,70.12578616352201,3.094339622641509,September-2025
Y56,RP6,MOORFIELDS EYE HOSPITAL NHS FOUNDATION TRUST,68296,55644,80,81.47475694037718,0.11713716762328688,September-2025
Y56,RPG,OXLEAS NHS FOUNDATION TRUST,2898,1526,534,52.65700483091788,18.426501035196686,September-2025
Y56,RPY,THE ROYAL MARSDEN NHS FOUNDATION TRUST,3822,3594,4,94.03453689167975,0.10465724751439037,September-2025
Y56,RQM,CHELSEA AND WESTMINSTER HOSPITAL NHS FOUNDATION TRUST,150520,91962,3490,61.09619984055274,2.3186287536539996,September-2025
Y56,RQX,HOMERTON HEALTHCARE NHS FOUNDATION TRUST,66310,43964,650,66.3007087920374,0.9802443070426783,September-2025
Y56,RRV,UNIVERSITY COLLEGE LONDON HOSPITALS NHS FOUNDATION TRUST,145526,85190,2820,58.539367535698084,1.9377980567046438,September-2025
Y56,RVR,EPSOM AND ST HELIER UNIVERSITY HOSPITALS NHS TRUST,117272,73972,2480,63.077290401800944,2.1147417968483526,September-2025
Y56,RYJ,IMPERIAL COLLEGE HEALTHCARE NHS TRUST,182510,113194,2556,62.02071119390718,1.4004712070571474,September-2025
Y58,R0D,UNIVERSITY HOSPITALS DORSET NHS FOUNDATION TRUST,125366,79388,3314,63.32498444554345,2.6434599492685416,September-2025
Y58,RA7,UNIVERSITY HOSPITALS BRISTOL AND WESTON NHS FOUNDATION TRUST,107314,70658,1570,65.84229457479918,1.4629964403526101,September-2025
Y58,RA9,TORBAY AND SOUTH DEVON NHS FOUNDATION TRUST,64212,45230,1246,70.43854731202892,1.9404472684233478,September-2025
Y58,RBD,DORSET COUNTY HOSPITAL NHS FOUNDATION TRUST,42820,25796,606,60.24287716020551,1.4152265296590378,September-2025
Y58,RD1,ROYAL UNITED HOSPITALS BATH NHS FOUNDATION TRUST,77034,46282,1130,60.0799646909157,1.4668847521873458,September-2025
Y58,REF,ROYAL CORNWALL HOSPITALS NHS TRUST,80972,57854,668,71.44938991256237,0.8249765350985526,September-2025
Y58,RH5,SOMERSET NHS FOUNDATION TRUST,115834,72386,3480,62.49115113006544,3.004299255831621,September-2025
Y58,RH8,ROYAL DEVON UNIVERSITY HEALTHCARE NHS FOUNDATION TRUST,148440,88678,4580,59.739962274319595,3.08542171921315,September-2025
Y58,RJ8,CORNWALL PARTNERSHIP NHS FOUNDATION TRUST,1078,1078,0,100.0,0.0,September-2025
Y58,RK9,UNIVERSITY HOSPITALS PLYMOUTH NHS TRUST,97462,59000,3496,60.53641419219799,3.5870390511173587,September-2025
Y58,RN3,GREAT WESTERN HOSPITALS NHS FOUNDATION TRUST,81262,49302,1146,60.67042406044646,1.410253254903891,September-2025
Y58,RNZ,SALISBURY NHS FOUNDATION TRUST,60294,40604,318,67.34335091385543,0.5274156632500746,September-2025
Y58,RTE,GLOUCESTERSHIRE HOSPITALS NHS FOUNDATION TRUST,126844,88482,70,69.7565513544196,0.05518589763804358,September-2025
Y58,RVJ,NORTH BRISTOL NHS TRUST,88116,58784,294,66.71206137364383,0.3336510962821735,September-2025
Y59,R1F,ISLE OF WIGHT NHS TRUST,27476,17458,60,63.539088659193474,0.21837239772892705,September-2025
Y59,RA2,ROYAL SURREY NHS FOUNDATION TRUST,59394,35272,1754,59.386470013806104,2.9531602518772937,September-2025
Y59,RDR,SUSSEX COMMUNITY NHS FOUNDATION TRUST,28474,20982,10,73.68827702465407,0.03511975837606238,September-2025
Y59,RDU,FRIMLEY HEALTH NHS FOUNDATION TRUST,140468,79336,3404,56.4797676339095,2.423327733006806,September-2025
Y59,RHM,UNIVERSITY HOSPITAL SOUTHAMPTON NHS FOUNDATION TRUST,126314,77068,3912,61.013031017939426,3.097043874788226,September-2025
Y59,RHU,PORTSMOUTH HOSPITALS UNIVERSITY NHS TRUST,118392,68756,5524,58.07486992364349,4.66585580106764,September-2025
Y59,RHW,ROYAL BERKSHIRE NHS FOUNDATION TRUST,69024,55858,64,80.92547519703291,0.09272137227630968,September-2025
Y59,RN5,HAMPSHIRE HOSPITALS NHS FOUNDATION TRUST,101280,60280,4024,59.51816745655608,3.973143759873618,September-2025
Y59,RN7,DARTFORD AND GRAVESHAM NHS TRUST,63956,39592,2206,61.90505972856338,3.449246356870348,September-2025
Y59,RPA,MEDWAY NHS FOUNDATION TRUST,78178,41822,4232,53.49586840287549,5.413287625674743,September-2025
Y59,RPC,QUEEN VICTORIA HOSPITAL NHS FOUNDATION TRUST,39534,25506,770,64.51661860676886,1.9476905954368393,September-2025
Y59,RTH,OXFORD UNIVERSITY HOSPITALS NHS FOUNDATION TRUST,170652,101800,4972,59.65356397815438,2.9135316316245925,September-2025
Y59,RTK,ASHFORD AND ST PETER'S HOSPITALS NHS FOUNDATION TRUST,111682,64826,2034,58.04516394763704,1.8212424562597376,September-2025
Y59,RTP,SURREY AND SUSSEX HEALTHCARE NHS TRUST,92074,53406,1698,58.003345135434536,1.8441688207311508,September-2025
Y59,RVV,EAST KENT HOSPITALS UNIVERSITY NHS FOUNDATION TRUST,157802,85616,4870,54.25533263203255,3.0861459297093825,September-2025
Y59,RW1,HAMPSHIRE AND ISLE OF WIGHT HEALTHCARE NHS FOUNDATION TRUST,7966,7338,0,92.11649510419282,0.0,September-2025
Y59,RWF,MAIDSTONE AND TUNBRIDGE WELLS NHS TRUST,97386,68348,0,70.18257244367774,0.0,September-2025
Y59,RWX,BERKSHIRE HEALTHCARE NHS FOUNDATION TRUST,154,154,0,100.0,0.0,September-2025
Y59,RXC,EAST SUSSEX HEALTHCARE NHS TRUST,122668,79290,1452,64.63788437082205,1.1836827860566734,September-2025
Y59,RXQ,BUCKINGHAMSHIRE HEALTHCARE NHS TRUST,97776,57538,2702,58.846751759122895,2.763459335624284,September-2025
Y59,RYR,UNIVERSITY HOSPITALS SUSSEX NHS FOUNDATION TRUST,226504,116756,9954,51.54699254759297,4.394624377494437,September-2025
Y59,RYY,KENT COMMUNITY HEALTH NHS FOUNDATION TRUST,7720,7720,0,100.0,0.0,September-2025
Y60,R1A,HEREFORDSHIRE AND WORCESTERSHIRE HEALTH AND CARE NHS TRUST,182,152,0,83.51648351648352,0.0,September-2025
Y60,R1D,SHROPSHIRE COMMUNITY HEALTH NHS TRUST,15690,12644,62,80.58636073932442,0.3951561504142766,September-2025
Y60,RBK,WALSALL HEALTHCARE NHS TRUST,58862,42342,32,71.93435493187455,0.05436444565254324,September-2025
Y60,RFS,CHESTERFIELD ROYAL HOSPITAL NHS FOUNDATION TRUST,64080,36938,2350,57.64357053682896,3.66729088639201,September-2025
Y60,RJC,SOUTH WARWICKSHIRE UNIVERSITY NHS FOUNDATION TRUST,65260,42550,1248,65.20073551946062,1.9123505976095616,September-2025
Y60,RJE,UNIVERSITY HOSPITALS OF NORTH MIDLANDS NHS TRUST,130562,83624,2708,64.04926395122624,2.074110384338475,September-2025
Y60,RK5,SHERWOOD FOREST HOSPITALS NHS FOUNDATION TRUST,72744,45064,642,61.94875178708897,0.8825470141867371,September-2025
Y60,RKB,UNIVERSITY HOSPITALS COVENTRY AND WARWICKSHIRE NHS TRUST,149046,87726,3786,58.85833903627068,2.540155388269393,September-2025
Y60,RL1,THE ROBERT JONES AND AGNES HUNT ORTHOPAEDIC HOSPITAL NHS FOUNDATION TRUST,34170,18014,2376,52.718759145449226,6.953467954345917,September-2025
Y60,RL4,THE ROYAL WOLVERHAMPTON NHS TRUST,150130,82532,3670,54.973689469126754,2.4445480583494303,September-2025
Y60,RLQ,WYE VALLEY NHS TRUST,45190,28352,1386,62.73954414693517,3.0670502323522904,September-2025
Y60,RLT,GEORGE ELIOT HOSPITAL NHS TRUST,40876,26366,332,64.5023974948625,0.8122125452588317,September-2025
Y60,RNA,THE DUDLEY GROUP NHS FOUNDATION TRUST,93536,60050,210,64.19988026000685,0.22451248717071504,September-2025
Y60,RNQ,KETTERING GENERAL HOSPITAL NHS FOUNDATION TRUST,50524,31168,508,61.689494101813004,1.005462750376059,September-2025
Y60,RNS,NORTHAMPTON GENERAL HOSPITAL NHS TRUST,89806,54884,1794,61.11395675121929,1.997639355945037,September-2025
Y60,RP7,LINCOLNSHIRE PARTNERSHIP NHS FOUNDATION TRUST,80,78,0,97.5,0.0,September-2025
Y60,RQ3,BIRMINGHAM WOMEN'S AND CHILDREN'S NHS FOUNDATION TRUST,48864,28034,442,57.37148002619515,0.904551407989522,September-2025
Y60,RRE,MIDLANDS PARTNERSHIP UNIVERSITY NHS FOUNDATION TRUST,15034,14406,6,95.82280164959425,0.039909538379672746,September-2025
Y60,RRJ,THE ROYAL ORTHOPAEDIC HOSPITAL NHS FOUNDATION TRUST,26702,16640,750,62.31742940603701,2.8087783686615233,September-2025
Y60,RRK,UNIVERSITY HOSPITALS BIRMINGHAM NHS FOUNDATION TRUST,195140,115116,5356,58.99149328687096,2.744696115609306,September-2025
Y60,RTG,UNIVERSITY HOSPITALS OF DERBY AND BURTON NHS FOUNDATION TRUST,189656,112464,3422,59.29894124098367,1.8043193993335302,September-2025
Y60,RWD,UNITED LINCOLNSHIRE TEACHING HOSPITALS NHS TRUST,137438,74866,4092,54.47256217348914,2.977342510804872,September-2025
Y60,RWE,UNIVERSITY HOSPITALS OF LEICESTER NHS TRUST,218422,112614,7250,51.55799324243895,3.319262711631612,September-2025
Y60,RWP,WORCESTERSHIRE ACUTE HOSPITALS NHS TRUST,114704,68080,1698,59.35276886595062,1.4803319849351375,September-2025
Y60,RX1,NOTTINGHAM UNIVERSITY HOSPITALS NHS TRUST,170502,104636,4258,61.36936810125394,2.4973314096022334,September-2025
Y60,RXK,SANDWELL AND WEST BIRMINGHAM HOSPITALS NHS TRUST,133048,78844,1804,59.25981600625339,1.3559016294871022,September-2025
Y60,RXW,THE SHREWSBURY AND TELFORD HOSPITAL NHS TRUST,63304,39434,250,62.29306204979148,0.39491975230633136,September-2025
Y60,RYW,BIRMINGHAM COMMUNITY HEALTHCARE NHS FOUNDATION TRUST,30710,21772,86,70.89547378704005,0.28003907521979815,September-2025
Y61,RAJ,MID AND SOUTH ESSEX NHS FOUNDATION TRUST,357698,181040,28788,50.61252788665299,8.048129986748599,September-2025
Y61,RC9,BEDFORDSHIRE HOSPITALS NHS FOUNDATION TRUST,171738,103440,2678,60.23128253502428,1.5593520362412512,September-2025
Y61,RCX,"THE QUEEN ELIZABETH HOSPITAL, KING'S LYNN, NHS FOUNDATION TRUST",56104,30892,1118,55.06202766291174,1.9927277912448311,September-2025
Y61,RD8,MILTON KEYNES UNIVERSITY HOSPITAL NHS FOUNDATION TRUST,71156,35658,4036,50.11242902917533,5.672044521895554,September-2025
Y61,RDE,EAST SUFFOLK AND NORTH ESSEX NHS FOUNDATION TRUST,186098,105066,6016,56.45735042826898,3.2327053487947213,September-2025
Y61,RGM,ROYAL PAPWORTH HOSPITAL NHS FOUNDATION TRUST,12160,8764,90,72.07236842105263,0.7401315789473684,September-2025
Y61,RGN,NORTH WEST ANGLIA NHS FOUNDATION TRUST,156172,89260,2430,57.15493174192557,1.5559767435904002,September-2025
Y61,RGP,JAMES PAGET UNIVERSITY HOSPITALS NHS FOUNDATION TRUST,69654,35320,3684,50.70778419042696,5.288999913859936,September-2025
Y61,RGR,WEST SUFFOLK NHS FOUNDATION TRUST,65248,40500,2172,62.070868072584595,3.3288376655223146,September-2025
Y61,RGT,CAMBRIDGE UNIVERSITY HOSPITALS NHS FOUNDATION TRUST,132738,78132,5018,58.86181801744791,3.7803793939941843,September-2025
Y61,RM1,NORFOLK AND NORWICH UNIVERSITY HOSPITALS NHS FOUNDATION TRUST,166624,86830,8206,52.11134050316881,4.9248607643556745,September-2025
Y61,RQW,THE PRINCESS ALEXANDRA HOSPITAL NHS TRUST,86880,47032,4314,54.13443830570902,4.9654696132596685,September-2025
Y61,RT1,CAMBRIDGESHIRE AND PETERBOROUGH NHS FOUNDATION TRUST,26,4,10,15.384615384615385,38.46153846153847,September-2025
Y61,RWG,WEST HERTFORDSHIRE TEACHING HOSPITALS NHS TRUST,93190,59410,1836,63.751475480201734,1.9701684730121258,September-2025
Y61,RWH,EAST AND NORTH HERTFORDSHIRE TEACHING NHS TRUST,101984,64418,1446,63.1648101663006,1.4178694697207406,September-2025
Y62,R0A,MANCHESTER UNIVERSITY NHS FOUNDATION TRUST,371380,199730,13174,53.780494372341,3.5473100328504494,September-2025
Y62,RBL,WIRRAL UNIVERSITY TEACHING HOSPITAL NHS FOUNDATION TRUST,96390,59468,2276,61.695196597157384,2.3612407926133416,September-2025
Y62,RBN,MERSEY AND WEST LANCASHIRE TEACHING HOSPITALS NHS TRUST,153968,98828,3534,64.18736360802244,2.295282136547854,September-2025
Y62,RBQ,LIVERPOOL HEART AND CHEST HOSPITAL NHS FOUNDATION TRUST,9752,7556,82,77.48154224774404,0.8408531583264971,September-2025
Y62,RBS,ALDER HEY CHILDREN'S NHS FOUNDATION TRUST,34938,21646,474,61.95546396473753,1.3566889919285592,September-2025
Y62,RBT,MID CHESHIRE HOSPITALS NHS FOUNDATION TRUST,87408,47920,3676,54.82335712978217,4.205564708035878,September-2025
Y62,RBV,THE CHRISTIE NHS FOUNDATION TRUST,5572,5330,2,95.65685570710696,0.03589375448671931,September-2025
Y62,REM,LIVERPOOL UNIVERSITY HOSPITALS NHS FOUNDATION TRUST,131162,73412,4194,55.97047925466217,3.1975724676354433,September-2025
Y62,REN,THE CLATTERBRIDGE CANCER CENTRE NHS FOUNDATION TRUST,1880,1798,0,95.63829787234043,0.0,September-2025
Y62,REP,LIVERPOOL WOMEN'S NHS FOUNDATION TRUST,34070,15912,3320,46.703845024948635,9.744643381273848,September-2025
Y62,RET,THE WALTON CENTRE NHS FOUNDATION TRUST,29066,18438,212,63.434941168375424,0.7293745269386913,September-2025
Y62,RJN,EAST CHESHIRE NHS TRUST,38656,21838,1218,56.493170529801326,3.1508692052980134,September-2025
Y62,RJR,COUNTESS OF CHESTER HOSPITAL NHS FOUNDATION TRUST,68206,35078,5188,51.429493006480364,7.606368941148872,September-2025
Y62,RM3,NORTHERN CARE ALLIANCE NHS FOUNDATION TRUST,280808,150502,9552,53.59605139454716,3.401612489672659,September-2025
Y62,RMC,BOLTON NHS FOUNDATION TRUST,75110,44408,2194,59.123951537744645,2.92104912794568,September-2025
Y62,RMP,TAMESIDE AND GLOSSOP INTEGRATED CARE NHS FOUNDATION TRUST,34546,25122,0,72.7204307300411,0.0,September-2025
Y62,RRF,"WRIGHTINGTON, WIGAN AND LEIGH NHS FOUNDATION TRUST",96946,55616,3450,57.36801930971881,3.5586821529511274,September-2025
Y62,RTX,UNIVERSITY HOSPITALS OF MORECAMBE BAY NHS FOUNDATION TRUST,68098,46742,988,68.63931392992451,1.4508502452348087,September-2025
Y62,RW4,MERSEY CARE NHS FOUNDATION TRUST,88,88,0,100.0,0.0,September-2025
Y62,RW5,LANCASHIRE & SOUTH CUMBRIA NHS FOUNDATION TRUST,5026,4668,0,92.87703939514525,0.0,September-2025
Y62,RWJ,STOCKPORT NHS FOUNDATION TRUST,69908,39824,1450,56.96629856382675,2.0741546031927673,September-2025
Y62,RWW,WARRINGTON AND HALTON TEACHING HOSPITALS NHS FOUNDATION TRUST,64922,38566,2586,59.40359200271095,3.983241428175349,September-2025
Y62,RXL,BLACKPOOL TEACHING HOSPITALS NHS FOUNDATION TRUST,85260,47790,3680,56.05207600281492,4.316209242317616,September-2025
Y62,RXN,LANCASHIRE TEACHING HOSPITALS NHS FOUNDATION TRUST,130644,71406,3726,54.65693028382474,2.852025351336456,September-2025
Y62,RXR,EAST LANCASHIRE HOSPITALS NHS TRUST,111246,67142,3952,60.354529601064314,3.5524872804415444,September-2025
Y63,R0B,SOUTH TYNESIDE AND SUNDERLAND NHS FOUNDATION TRUST,117414,89182,36,75.95516718619585,0.030660738923808065,September-2025
Y63,RAE,BRADFORD TEACHING HOSPITALS NHS FOUNDATION TRUST,66810,44216,424,66.18170932495136,0.634635533602754,September-2025
Y63,RCB,YORK AND SCARBOROUGH TEACHING HOSPITALS NHS FOUNDATION TRUST,114890,65358,4068,56.88745756810862,3.540778135607973,September-2025
Y63,RCD,HARROGATE AND DISTRICT NHS FOUNDATION TRUST,40728,31004,0,76.1245334904734,0.0,September-2025
Y63,RCF,AIREDALE NHS FOUNDATION TRUST,27638,19624,144,71.00369057095304,0.5210217816050365,September-2025
Y63,RCU,SHEFFIELD CHILDREN'S NHS FOUNDATION TRUST,23414,15224,570,65.02092765012387,2.4344409327752627,September-2025
Y63,RFF,BARNSLEY HOSPITAL NHS FOUNDATION TRUST,50106,32904,456,65.66878218177465,0.9100706502215304,September-2025
Y63,RFR,THE ROTHERHAM NHS FOUNDATION TRUST,62358,40570,1198,65.05981590172873,1.9211648866224063,September-2025
Y63,RJL,NORTHERN LINCOLNSHIRE AND GOOLE NHS FOUNDATION TRUST,80292,47636,2090,59.32845115329049,2.60299905345489,September-2025
Y63,RNN,NORTH CUMBRIA INTEGRATED CARE NHS FOUNDATION TRUST,78264,44416,3098,56.751507717469075,3.958397219666769,September-2025
Y63,RP5,DONCASTER AND BASSETLAW TEACHING HOSPITALS NHS FOUNDATION TRUST,112728,68968,3048,61.180895607125116,2.7038535235256544,September-2025
Y63,RR7,GATESHEAD HEALTH NHS FOUNDATION TRUST,26798,18310,104,68.32599447719979,0.38808866333308456,September-2025
Y63,RR8,LEEDS TEACHING HOSPITALS NHS TRUST,175292,116964,3050,66.7252356068731,1.7399539054834219,September-2025
Y63,RTD,THE NEWCASTLE UPON TYNE HOSPITALS NHS FOUNDATION TRUST,175038,128204,2240,73.24352426330283,1.2797221174830609,September-2025
Y63,RTF,NORTHUMBRIA HEALTHCARE NHS FOUNDATION TRUST,70808,58492,0,82.6064851429217,0.0,September-2025
Y63,RTR,SOUTH TEES HOSPITALS NHS FOUNDATION TRUST,112866,69604,3044,61.66959048783514,2.6970035263055303,September-2025
Y63,RVW,NORTH TEES AND HARTLEPOOL NHS FOUNDATION TRUST,42980,31524,320,73.34574220567706,0.7445323406235459,September-2025
Y63,RWA,HULL UNIVERSITY TEACHING HOSPITALS NHS TRUST,161166,91386,6432,56.703026692974944,3.9909161982055767,September-2025
Y63,RWY,CALDERDALE AND HUDDERSFIELD NHS FOUNDATION TRUST,73886,52652,34,71.26113201418401,0.04601683674850445,September-2025
Y63,RX4,"CUMBRIA, NORTHUMBERLAND, TYNE AND WEAR NHS FOUNDATION TRUST",324,324,0,100.0,0.0,September-2025
Y63,RXF,MID YORKSHIRE TEACHING NHS TRUST,114296,70664,504,61.825435710786024,0.44096031357177856,September-2025
Y63,RXG,SOUTH WEST YORKSHIRE PARTNERSHIP NHS FOUNDATION TRUST,9370,9108,0,97.20384204909284,0.0,September-2025
Y63,RXP,COUNTY DURHAM AND DARLINGTON NHS FOUNDATION TRUST,84620,59360,1008,70.14890096903805,1.1912077523044198,September-2025
Y63,TAD,BRADFORD DISTRICT CARE NHS FOUNDATION TRUST,1076,628,12,58.36431226765799,1.1152416356877324,September-2025
Y56,R1H,BARTS HEALTH NHS TRUST,265622,149864,7170,56.420025449699196,2.6993246041367054,October-2025
Y56,R1K,LONDON NORTH WEST UNIVERSITY HEALTHCARE NHS TRUST,171164,100542,3522,58.74015564020472,2.057675679465308,October-2025
Y56,RAL,ROYAL FREE LONDON NHS FOUNDATION TRUST,274176,161764,5268,59.000058356676,1.9213935574229692,October-2025
Y56,RAN,ROYAL NATIONAL ORTHOPAEDIC HOSPITAL NHS TRUST,18120,13264,82,73.2008830022075,0.4525386313465784,October-2025
Y56,RAS,THE HILLINGDON HOSPITALS NHS FOUNDATION TRUST,71504,42650,1056,59.64701275453122,1.4768404564779594,October-2025
Y56,RAX,KINGSTON AND RICHMOND NHS FOUNDATION TRUST,90428,58540,682,64.73658601318176,0.7541911797230947,October-2025
Y56,RF4,"BARKING, HAVERING AND REDBRIDGE UNIVERSITY HOSPITALS NHS TRUST",117324,82954,1130,70.70505608400669,0.9631447956087416,October-2025
Y56,RJ1,GUY'S AND ST THOMAS' NHS FOUNDATION TRUST,220904,145652,3412,65.93452359395937,1.5445623438235614,October-2025
Y56,RJ2,LEWISHAM AND GREENWICH NHS TRUST,111916,69238,2738,61.86604238893456,2.4464777154294293,October-2025
Y56,RJ6,CROYDON HEALTH SERVICES NHS TRUST,74210,50104,1214,67.516507209271,1.6358981269370705,October-2025
Y56,RJ7,ST GEORGE'S UNIVERSITY HOSPITALS NHS FOUNDATION TRUST,138396,83712,3086,60.48729732073181,2.2298332321743404,October-2025
Y56,RJZ,KING'S COLLEGE HOSPITAL NHS FOUNDATION TRUST,169130,106584,3532,63.01897948323775,2.0883344173121268,October-2025
Y56,RKE,WHITTINGTON HEALTH NHS TRUST,53398,32274,1030,60.440465935053744,1.9289111951758493,October-2025
Y56,RP4,GREAT ORMOND STREET HOSPITAL FOR CHILDREN NHS FOUNDATION TRUST,15492,10718,458,69.18409501678285,2.9563645752646526,October-2025
Y56,RP6,MOORFIELDS EYE HOSPITAL NHS FOUNDATION TRUST,69678,57106,32,81.95700221016676,0.04592554321306582,October-2025
Y56,RPG,OXLEAS NHS FOUNDATION TRUST,2476,1544,144,62.35864297253635,5.815831987075929,October-2025
Y56,RPY,THE ROYAL MARSDEN NHS FOUNDATION TRUST,3936,3760,4,95.52845528455285,0.10162601626016261,October-2025
Y56,RQM,CHELSEA AND WESTMINSTER HOSPITAL NHS FOUNDATION TRUST,151860,93074,3338,61.28934544975635,2.198077176346635,October-2025
Y56,RQX,HOMERTON HEALTHCARE NHS FOUNDATION TRUST,61452,41434,612,67.4249820998503,0.9958992384299941,October-2025
Y56,RRV,UNIVERSITY COLLEGE LONDON HOSPITALS NHS FOUNDATION TRUST,143926,83672,2898,58.13543070744688,2.0135347331267455,October-2025
Y56,RVR,EPSOM AND ST HELIER UNIVERSITY HOSPITALS NHS TRUST,115746,71484,2614,61.75936965424291,2.258393378604876,October-2025
Y56,RYJ,IMPERIAL COLLEGE HEALTHCARE NHS TRUST,180348,112012,1784,62.10881185264046,0.9891986603677336,October-2025
Y58,R0D,UNIVERSITY HOSPITALS DORSET NHS FOUNDATION TRUST,130180,83408,3276,64.07128591181441,2.5165155937932093,October-2025
Y58,RA7,UNIVERSITY HOSPITALS BRISTOL AND WESTON NHS FOUNDATION TRUST,104992,69458,1460,66.15551661078939,1.3905821395915878,October-2025
Y58,RA9,TORBAY AND SOUTH DEVON NHS FOUNDATION TRUST,63550,44046,1244,69.30920535011802,1.9575137686860742,October-2025
Y58,RBD,DORSET COUNTY HOSPITAL NHS FOUNDATION TRUST,42476,25644,566,60.37291647047744,1.3325171861757228,October-2025
Y58,RD1,ROYAL UNITED HOSPITALS BATH NHS FOUNDATION TRUST,77696,47190,1288,60.736717462932454,1.6577429983525536,October-2025
Y58,REF,ROYAL CORNWALL HOSPITALS NHS TRUST,81484,59010,624,72.41912522703844,0.7657945118059988,October-2025
Y58,RH5,SOMERSET NHS FOUNDATION TRUST,116102,72544,3150,62.48298909579507,2.7131315567345955,October-2025
Y58,RH8,ROYAL DEVON UNIVERSITY HEALTHCARE NHS FOUNDATION TRUST,147460,88716,4236,60.16275600162756,2.8726434287264344,October-2025
Y58,RJ8,CORNWALL PARTNERSHIP NHS FOUNDATION TRUST,1370,1370,0,100.0,0.0,October-2025
Y58,RK9,UNIVERSITY HOSPITALS PLYMOUTH NHS TRUST,98476,59644,3398,60.567041715748005,3.450586945042447,October-2025
Y58,RN3,GREAT WESTERN HOSPITALS NHS FOUNDATION TRUST,83204,50418,1118,60.59564444017115,1.343685399740397,October-2025
Y58,RNZ,SALISBURY NHS FOUNDATION TRUST,58242,39466,322,67.76209608186532,0.5528656296143676,October-2025
Y58,RTE,GLOUCESTERSHIRE HOSPITALS NHS FOUNDATION TRUST,124576,86426,56,69.3761238119702,0.04495247880811713,October-2025
Y58,RVJ,NORTH BRISTOL NHS TRUST,87092,58224,276,66.85344233683921,0.31690626004684697,October-2025
Y59,R1F,ISLE OF WIGHT NHS TRUST,27922,17680,102,63.31924647231574,0.3653033450325908,October-2025
Y59,RA2,ROYAL SURREY NHS FOUNDATION TRUST,59070,35214,1356,59.614017267648556,2.2955815134586084,October-2025
Y59,RDR,SUSSEX COMMUNITY NHS FOUNDATION TRUST,28296,20528,10,72.54735651682218,0.03534068419564603,October-2025
Y59,RDU,FRIMLEY HEALTH NHS FOUNDATION TRUST,137984,78558,3436,56.93268784786641,2.4901437847866417,October-2025
Y59,RHM,UNIVERSITY HOSPITAL SOUTHAMPTON NHS FOUNDATION TRUST,127914,77890,4130,60.892474631392965,3.228731804180934,October-2025
Y59,RHU,PORTSMOUTH HOSPITALS UNIVERSITY NHS TRUST,117234,67570,5394,57.63686302608458,4.601054301653104,October-2025
Y59,RHW,ROYAL BERKSHIRE NHS FOUNDATION TRUST,71122,57866,66,81.36160400438682,0.09279829026180365,October-2025
Y59,RN5,HAMPSHIRE HOSPITALS NHS FOUNDATION TRUST,101428,59962,4054,59.11779784674843,3.9969239263319793,October-2025
Y59,RN7,DARTFORD AND GRAVESHAM NHS TRUST,62894,38998,2004,62.00591471364518,3.1863134798231947,October-2025
Y59,RPA,MEDWAY NHS FOUNDATION TRUST,76204,41590,3906,54.57718754921002,5.125715185554564,October-2025
Y59,RPC,QUEEN VICTORIA HOSPITAL NHS FOUNDATION TRUST,39614,24854,658,62.740445297117176,1.6610289291664564,October-2025
Y59,RTH,OXFORD UNIVERSITY HOSPITALS NHS FOUNDATION TRUST,168722,101194,4664,59.97676651533291,2.7643105226348665,October-2025
Y59,RTK,ASHFORD AND ST PETER'S HOSPITALS NHS FOUNDATION TRUST,108756,64094,2002,58.93375997646106,1.8408179778586928,October-2025
Y59,RTP,SURREY AND SUSSEX HEALTHCARE NHS TRUST,91582,54614,1522,59.63398921185386,1.6618986263676268,October-2025
Y59,RVV,EAST KENT HOSPITALS UNIVERSITY NHS FOUNDATION TRUST,156864,84600,4652,53.93206854345165,2.9656262749898,October-2025
Y59,RW1,HAMPSHIRE AND ISLE OF WIGHT HEALTHCARE NHS FOUNDATION TRUST,8132,7494,0,92.15445154943434,0.0,October-2025
Y59,RWF,MAIDSTONE AND TUNBRIDGE WELLS NHS TRUST,99706,69864,0,70.07000581710227,0.0,October-2025
Y59,RWX,BERKSHIRE HEALTHCARE NHS FOUNDATION TRUST,170,170,0,100.0,0.0,October-2025
Y59,RXC,EAST SUSSEX HEALTHCARE NHS TRUST,123084,79034,1404,64.21143284261154,1.1406844106463878,October-2025
Y59,RXQ,BUCKINGHAMSHIRE HEALTHCARE NHS TRUST,96568,57322,2616,59.35920801921962,2.708971916162704,October-2025
Y59,RYR,UNIVERSITY HOSPITALS SUSSEX NHS FOUNDATION TRUST,232276,121460,10014,52.29123973204292,4.3112504089961945,October-2025
Y59,RYY,KENT COMMUNITY HEALTH NHS FOUNDATION TRUST,7906,7902,0,99.94940551479888,0.0,October-2025
Y60,R1A,HEREFORDSHIRE AND WORCESTERSHIRE HEALTH AND CARE NHS TRUST,180,138,0,76.66666666666667,0.0,October-2025
Y60,R1D,SHROPSHIRE COMMUNITY HEALTH NHS TRUST,15726,13028,38,82.84369833396921,0.2416380516342363,October-2025
Y60,RBK,WALSALL HEALTHCARE NHS TRUST,60774,43048,32,70.83292197321222,0.05265409550136572,October-2025
Y60,RFS,CHESTERFIELD ROYAL HOSPITAL NHS FOUNDATION TRUST,62590,35404,2670,56.56494647707302,4.265857165681418,October-2025
Y60,RJC,SOUTH WARWICKSHIRE UNIVERSITY NHS FOUNDATION TRUST,64708,41822,990,64.6318847746801,1.5299499289114176,October-2025
Y60,RJE,UNIVERSITY HOSPITALS OF NORTH MIDLANDS NHS TRUST,131516,84054,2656,63.911615316767545,2.019526141306001,October-2025
Y60,RK5,SHERWOOD FOREST HOSPITALS NHS FOUNDATION TRUST,72510,43822,630,60.435801958350574,0.8688456764584195,October-2025
Y60,RKB,UNIVERSITY HOSPITALS COVENTRY AND WARWICKSHIRE NHS TRUST,147036,85444,4052,58.11093881770451,2.7557876982507685,October-2025
Y60,RL1,THE ROBERT JONES AND AGNES HUNT ORTHOPAEDIC HOSPITAL NHS FOUNDATION TRUST,34782,19388,1910,55.74147547582082,5.491346098556725,October-2025
Y60,RL4,THE ROYAL WOLVERHAMPTON NHS TRUST,153312,83954,3848,54.76022750991443,2.5099144228762262,October-2025
Y60,RLQ,WYE VALLEY NHS TRUST,44806,28464,1306,63.527206177744056,2.9147881980091954,October-2025
Y60,RLT,GEORGE ELIOT HOSPITAL NHS TRUST,40116,26312,326,65.58978961013062,0.8126433343304417,October-2025
Y60,RNA,THE DUDLEY GROUP NHS FOUNDATION TRUST,93798,59436,208,63.36595663020533,0.22175312906458558,October-2025
Y60,RNQ,KETTERING GENERAL HOSPITAL NHS FOUNDATION TRUST,50866,31158,494,61.25506232060709,0.9711791766602446,October-2025
Y60,RNS,NORTHAMPTON GENERAL HOSPITAL NHS TRUST,87898,54034,1404,61.47352613256274,1.597305968281417,October-2025
Y60,RP7,LINCOLNSHIRE PARTNERSHIP NHS FOUNDATION TRUST,68,66,0,97.05882352941177,0.0,October-2025
Y60,RQ3,BIRMINGHAM WOMEN'S AND CHILDREN'S NHS FOUNDATION TRUST,46588,27374,280,58.75761998797974,0.601013136429982,October-2025
Y60,RRE,MIDLANDS PARTNERSHIP UNIVERSITY NHS FOUNDATION TRUST,15624,15046,2,96.30056323604711,0.012800819252432157,October-2025
Y60,RRJ,THE ROYAL ORTHOPAEDIC HOSPITAL NHS FOUNDATION TRUST,26904,16618,638,61.76776687481416,2.3713945881653284,October-2025
Y60,RRK,UNIVERSITY HOSPITALS BIRMINGHAM NHS FOUNDATION TRUST,191610,116118,4016,60.6012212306247,2.0959240123166847,October-2025
Y60,RTG,UNIVERSITY HOSPITALS OF DERBY AND BURTON NHS FOUNDATION TRUST,191908,114204,3366,59.50976509577506,1.7539654417741837,October-2025
Y60,RWD,UNITED LINCOLNSHIRE TEACHING HOSPITALS NHS TRUST,137610,73836,4318,53.65598430346632,3.1378533536806916,October-2025
Y60,RWE,UNIVERSITY HOSPITALS OF LEICESTER NHS TRUST,218778,113016,6888,51.65784493870499,3.1483970051833365,October-2025
Y60,RWP,WORCESTERSHIRE ACUTE HOSPITALS NHS TRUST,116108,68422,1756,58.92961725290247,1.5123850208426637,October-2025
Y60,RX1,NOTTINGHAM UNIVERSITY HOSPITALS NHS TRUST,176264,105490,4702,59.847728407388914,2.6675895248037036,October-2025
Y60,RXK,SANDWELL AND WEST BIRMINGHAM HOSPITALS NHS TRUST,129510,74696,1624,57.67585514632074,1.253957223380434,October-2025
Y60,RXW,THE SHREWSBURY AND TELFORD HOSPITAL NHS TRUST,64526,41304,168,64.01140625484301,0.2603601648947711,October-2025
Y60,RYW,BIRMINGHAM COMMUNITY HEALTHCARE NHS FOUNDATION TRUST,30926,21676,68,70.08989200025869,0.21987971286296318,October-2025
Y61,RAJ,MID AND SOUTH ESSEX NHS FOUNDATION TRUST,362154,180666,29152,49.88651236766679,8.049614252500318,October-2025
Y61,RC9,BEDFORDSHIRE HOSPITALS NHS FOUNDATION TRUST,175116,105224,2224,60.088170127229944,1.270015304141255,October-2025
Y61,RCX,"THE QUEEN ELIZABETH HOSPITAL, KING'S LYNN, NHS FOUNDATION TRUST",54246,30018,842,55.336799026656344,1.5521881797736239,October-2025
Y61,RD8,MILTON KEYNES UNIVERSITY HOSPITAL NHS FOUNDATION TRUST,70310,36510,3496,51.92717963305362,4.972265680557531,October-2025
Y61,RDE,EAST SUFFOLK AND NORTH ESSEX NHS FOUNDATION TRUST,195238,109300,6506,55.98295413802641,3.3323430889478485,October-2025
Y61,RGM,ROYAL PAPWORTH HOSPITAL NHS FOUNDATION TRUST,11786,8696,66,73.78245375869676,0.5599864245715255,October-2025
Y61,RGN,NORTH WEST ANGLIA NHS FOUNDATION TRUST,156796,89596,2260,57.141763820505616,1.441363300084186,October-2025
Y61,RGP,JAMES PAGET UNIVERSITY HOSPITALS NHS FOUNDATION TRUST,68798,35382,3536,51.428820605250145,5.139684293148057,October-2025
Y61,RGR,WEST SUFFOLK NHS FOUNDATION TRUST,66392,41068,1842,61.856850222918425,2.7744306542956982,October-2025
Y61,RGT,CAMBRIDGE UNIVERSITY HOSPITALS NHS FOUNDATION TRUST,130888,77620,4710,59.30260986492269,3.598496424423935,October-2025
Y61,RM1,NORFOLK AND NORWICH UNIVERSITY HOSPITALS NHS FOUNDATION TRUST,165414,84668,8242,51.18551029538008,4.982649594351144,October-2025
Y61,RQW,THE PRINCESS ALEXANDRA HOSPITAL NHS TRUST,84388,46860,3894,55.52922216428876,4.614400151680334,October-2025
Y61,RT1,CAMBRIDGESHIRE AND PETERBOROUGH NHS FOUNDATION TRUST,550,260,4,47.27272727272727,0.7272727272727273,October-2025
Y61,RWG,WEST HERTFORDSHIRE TEACHING HOSPITALS NHS TRUST,92984,58610,2094,63.032349651552956,2.252000344145229,October-2025
Y61,RWH,EAST AND NORTH HERTFORDSHIRE TEACHING NHS TRUST,104598,68032,1486,65.04139658502075,1.420677259603434,October-2025
Y62,R0A,MANCHESTER UNIVERSITY NHS FOUNDATION TRUST,367730,197984,11982,53.83950180839203,3.258368911973459,October-2025
Y62,RBL,WIRRAL UNIVERSITY TEACHING HOSPITAL NHS FOUNDATION TRUST,98906,60296,2626,60.962934503467935,2.655046205488039,October-2025
Y62,RBN,MERSEY AND WEST LANCASHIRE TEACHING HOSPITALS NHS TRUST,152960,97774,3124,63.92128661087866,2.0423640167364017,October-2025
Y62,RBQ,LIVERPOOL HEART AND CHEST HOSPITAL NHS FOUNDATION TRUST,9804,7758,70,79.13096695226439,0.7139942880456956,October-2025
Y62,RBS,ALDER HEY CHILDREN'S NHS FOUNDATION TRUST,34980,21496,534,61.452258433390504,1.5265866209262435,October-2025
Y62,RBT,MID CHESHIRE HOSPITALS NHS FOUNDATION TRUST,86404,47368,2986,54.82153603999815,3.455858525068284,October-2025
Y62,RBV,THE CHRISTIE NHS FOUNDATION TRUST,7304,7094,4,97.1248630887185,0.054764512595837894,October-2025
Y62,REM,LIVERPOOL UNIVERSITY HOSPITALS NHS FOUNDATION TRUST,130650,73608,3324,56.3398392652124,2.5442020665901266,October-2025
Y62,REN,THE CLATTERBRIDGE CANCER CENTRE NHS FOUNDATION TRUST,1976,1914,0,96.86234817813765,0.0,October-2025
Y62,REP,LIVERPOOL WOMEN'S NHS FOUNDATION TRUST,30674,14708,3016,47.949403403533935,9.832431375105953,October-2025
Y62,RET,THE WALTON CENTRE NHS FOUNDATION TRUST,28598,17914,182,62.64074410797957,0.6364081404294006,October-2025
Y62,RJN,EAST CHESHIRE NHS TRUST,41546,23568,1310,56.7274827901603,3.153131468733452,October-2025
Y62,RJR,COUNTESS OF CHESTER HOSPITAL NHS FOUNDATION TRUST,66524,34712,4678,52.17966448199146,7.032048583969695,October-2025
Y62,RM3,NORTHERN CARE ALLIANCE NHS FOUNDATION TRUST,281870,152724,9106,54.18242452194274,3.2305672827899388,October-2025
Y62,RMC,BOLTON NHS FOUNDATION TRUST,74732,44148,2114,59.07509500615533,2.828774822030723,October-2025
Y62,RMP,TAMESIDE AND GLOSSOP INTEGRATED CARE NHS FOUNDATION TRUST,34232,25212,0,73.65038560411311,0.0,October-2025
Y62,RRF,"WRIGHTINGTON, WIGAN AND LEIGH NHS FOUNDATION TRUST",97028,55948,3440,57.661705899328034,3.545368347281197,October-2025
Y62,RTX,UNIVERSITY HOSPITALS OF MORECAMBE BAY NHS FOUNDATION TRUST,68052,46960,1134,69.00605419385177,1.6663727737612415,October-2025
Y62,RW4,MERSEY CARE NHS FOUNDATION TRUST,94,94,0,100.0,0.0,October-2025
Y62,RW5,LANCASHIRE & SOUTH CUMBRIA NHS FOUNDATION TRUST,5854,5600,0,95.66108643662453,0.0,October-2025
Y62,RWJ,STOCKPORT NHS FOUNDATION TRUST,70098,40488,1438,57.75913720790893,2.051413735056635,October-2025
Y62,RWW,WARRINGTON AND HALTON TEACHING HOSPITALS NHS FOUNDATION TRUST,65464,39344,2554,60.100207747769765,3.9013809116460956,October-2025
Y62,RXL,BLACKPOOL TEACHING HOSPITALS NHS FOUNDATION TRUST,87060,47938,3114,55.063174821961866,3.5768435561681597,October-2025
Y62,RXN,LANCASHIRE TEACHING HOSPITALS NHS FOUNDATION TRUST,128608,69532,3852,54.065065936800195,2.9951480467778056,October-2025
Y62,RXR,EAST LANCASHIRE HOSPITALS NHS TRUST,108592,64848,3588,59.71710623250331,3.304110800058936,October-2025
Y63,R0B,SOUTH TYNESIDE AND SUNDERLAND NHS FOUNDATION TRUST,117378,89184,36,75.98016664110821,0.030670142616163163,October-2025
Y63,RAE,BRADFORD TEACHING HOSPITALS NHS FOUNDATION TRUST,64408,42100,290,65.36455098745498,0.45025462675444045,October-2025
Y63,RCB,YORK AND SCARBOROUGH TEACHING HOSPITALS NHS FOUNDATION TRUST,117448,66188,3618,56.355152918738504,3.0805122266875555,October-2025
Y63,RCD,HARROGATE AND DISTRICT NHS FOUNDATION TRUST,38984,29218,6,74.94869690129283,0.015390929612148574,October-2025
Y63,RCF,AIREDALE NHS FOUNDATION TRUST,28196,19790,200,70.18726060434103,0.7093204709887928,October-2025
Y63,RCU,SHEFFIELD CHILDREN'S NHS FOUNDATION TRUST,23122,15046,518,65.07222558602197,2.240290632298244,October-2025
Y63,RFF,BARNSLEY HOSPITAL NHS FOUNDATION TRUST,49944,32698,470,65.46932564472209,0.9410539804581132,October-2025
Y63,RFR,THE ROTHERHAM NHS FOUNDATION TRUST,62322,40302,1168,64.66737267738519,1.8741375437245276,October-2025
Y63,RJL,NORTHERN LINCOLNSHIRE AND GOOLE NHS FOUNDATION TRUST,80312,47974,1988,59.7345353122821,2.4753461500149414,October-2025
Y63,RNN,NORTH CUMBRIA INTEGRATED CARE NHS FOUNDATION TRUST,78864,44050,2990,55.85565023331305,3.7913369851896936,October-2025
Y63,RP5,DONCASTER AND BASSETLAW TEACHING HOSPITALS NHS FOUNDATION TRUST,111796,67922,2838,60.755304304268485,2.538552363233032,October-2025
Y63,RR7,GATESHEAD HEALTH NHS FOUNDATION TRUST,26450,17950,82,67.86389413988658,0.31001890359168244,October-2025
Y63,RR8,LEEDS TEACHING HOSPITALS NHS TRUST,175524,117174,2750,66.75668284679018,1.566737312276384,October-2025
Y63,RTD,THE NEWCASTLE UPON TYNE HOSPITALS NHS FOUNDATION TRUST,178350,131162,2018,73.54191197084384,1.1314830389683208,October-2025
Y63,RTF,NORTHUMBRIA HEALTHCARE NHS FOUNDATION TRUST,70056,57938,4,82.70240950097065,0.005709717939933767,October-2025
Y63,RTR,SOUTH TEES HOSPITALS NHS FOUNDATION TRUST,113192,70264,2732,62.075058308007634,2.4135981341437556,October-2025
Y63,RVW,NORTH TEES AND HARTLEPOOL NHS FOUNDATION TRUST,44582,32906,382,73.8100578708896,0.8568480552689427,October-2025
Y63,RWA,HULL UNIVERSITY TEACHING HOSPITALS NHS TRUST,162558,91846,6442,56.500449070485615,3.9628932442574345,October-2025
Y63,RWY,CALDERDALE AND HUDDERSFIELD NHS FOUNDATION TRUST,71874,51256,36,71.31368784261346,0.050087653393438514,October-2025
Y63,RX4,"CUMBRIA, NORTHUMBERLAND, TYNE AND WEAR NHS FOUNDATION TRUST",316,316,0,100.0,0.0,October-2025
Y63,RXF,MID YORKSHIRE TEACHING NHS TRUST,112912,69082,384,61.18215955788578,0.3400878560294743,October-2025
Y63,RXG,SOUTH WEST YORKSHIRE PARTNERSHIP NHS FOUNDATION TRUST,9560,9282,0,97.09205020920501,0.0,October-2025
Y63,RXP,COUNTY DURHAM AND DARLINGTON NHS FOUNDATION TRUST,84574,58060,1106,68.64993969777946,1.3077305081940076,October-2025
Y63,TAD,BRADFORD DISTRICT CARE NHS FOUNDATION TRUST,992,530,30,53.42741935483871,3.024193548387097,October-2025
Y56,R1H,BARTS HEALTH NHS TRUST,266412,149140,7150,55.9809618185367,2.6838130414545893,November-2025
Y56,R1K,LONDON NORTH WEST UNIVERSITY HEALTHCARE NHS TRUST,168692,99130,3206,58.763901074146965,1.900505062480734,November-2025
Y56,RAL,ROYAL FREE LONDON NHS FOUNDATION TRUST,273802,160730,4760,58.703004360815484,1.7384825530858066,November-2025
Y56,RAN,ROYAL NATIONAL ORTHOPAEDIC HOSPITAL NHS TRUST,19364,14128,70,72.96013220409007,0.3614955587688494,November-2025
Y56,RAS,THE HILLINGDON HOSPITALS NHS FOUNDATION TRUST,70106,41230,1104,58.81094342852252,1.5747582232619177,November-2025
Y56,RAX,KINGSTON AND RICHMOND NHS FOUNDATION TRUST,90804,57260,602,63.05889608387296,0.6629663891458526,November-2025
Y56,RJ1,GUY'S AND ST THOMAS' NHS FOUNDATION TRUST,217684,144574,2582,66.4146193564984,1.1861230039874313,November-2025
Y56,RJ2,LEWISHAM AND GREENWICH NHS TRUST,112662,70164,2450,62.27831922032273,2.1746462871243186,November-2025
Y56,RJ6,CROYDON HEALTH SERVICES NHS TRUST,74656,49972,1106,66.93634804972139,1.4814616373767682,November-2025
Y56,RJ7,ST GEORGE'S UNIVERSITY HOSPITALS NHS FOUNDATION TRUST,136950,82662,2550,60.359255202628695,1.8619934282584885,November-2025
Y56,RJZ,KING'S COLLEGE HOSPITAL NHS FOUNDATION TRUST,172394,110198,3610,63.92217826606495,2.094040395837442,November-2025
Y56,RKE,WHITTINGTON HEALTH NHS TRUST,55882,33576,1040,60.083747897355146,1.8610643856698041,November-2025
Y56,RP4,GREAT ORMOND STREET HOSPITAL FOR CHILDREN NHS FOUNDATION TRUST,15350,10672,410,69.52442996742671,2.671009771986971,November-2025
Y56,RP6,MOORFIELDS EYE HOSPITAL NHS FOUNDATION TRUST,69056,57800,36,83.70018535681186,0.05213160333642262,November-2025
Y56,RPG,OXLEAS NHS FOUNDATION TRUST,2626,1680,64,63.97562833206397,2.437166793602437,November-2025
Y56,RPY,THE ROYAL MARSDEN NHS FOUNDATION TRUST,4132,3934,4,95.2081316553727,0.0968054211035818,November-2025
Y56,RQM,CHELSEA AND WESTMINSTER HOSPITAL NHS FOUNDATION TRUST,149354,91832,3128,61.48613361543715,2.0943530136454327,November-2025
Y56,RQX,HOMERTON HEALTHCARE NHS FOUNDATION TRUST,55654,38052,528,68.37244402918029,0.9487188701620728,November-2025
Y56,RRV,UNIVERSITY COLLEGE LONDON HOSPITALS NHS FOUNDATION TRUST,145522,85704,2472,58.894187820398294,1.6987122222069515,November-2025
Y56,RVR,EPSOM AND ST HELIER UNIVERSITY HOSPITALS NHS TRUST,115592,70016,2106,60.57166585922901,1.8219253927607446,November-2025
Y56,RYJ,IMPERIAL COLLEGE HEALTHCARE NHS TRUST,180446,112998,1544,62.621504494419376,0.855657648271505,November-2025
Y58,R0D,UNIVERSITY HOSPITALS DORSET NHS FOUNDATION TRUST,125926,80098,3426,63.607197878118896,2.720645458443848,November-2025
Y58,RA7,UNIVERSITY HOSPITALS BRISTOL AND WESTON NHS FOUNDATION TRUST,104208,70118,1346,67.28658068478428,1.2916474742822048,November-2025
Y58,RA9,TORBAY AND SOUTH DEVON NHS FOUNDATION TRUST,63960,43966,1208,68.73983739837398,1.8886804252657912,November-2025
Y58,RBD,DORSET COUNTY HOSPITAL NHS FOUNDATION TRUST,42250,25778,524,61.013017751479296,1.2402366863905325,November-2025
Y58,RD1,ROYAL UNITED HOSPITALS BATH NHS FOUNDATION TRUST,77176,48630,1090,63.0118171452265,1.4123561729034932,November-2025
Y58,REF,ROYAL CORNWALL HOSPITALS NHS TRUST,81968,59772,596,72.92113995705641,0.7271130197150107,November-2025
Y58,RH5,SOMERSET NHS FOUNDATION TRUST,113286,70618,2626,62.33603446145155,2.3180269406634535,November-2025
Y58,RH8,ROYAL DEVON UNIVERSITY HEALTHCARE NHS FOUNDATION TRUST,145340,88730,3730,61.04995183707169,2.566396036879042,November-2025
Y58,RJ8,CORNWALL PARTNERSHIP NHS FOUNDATION TRUST,1396,1392,0,99.7134670487106,0.0,November-2025
Y58,RK9,UNIVERSITY HOSPITALS PLYMOUTH NHS TRUST,98262,59768,3026,60.82514094970589,3.0795220939936088,November-2025
Y58,RN3,GREAT WESTERN HOSPITALS NHS FOUNDATION TRUST,83606,49968,1204,59.766045499126854,1.440088031959429,November-2025
Y58,RNZ,SALISBURY NHS FOUNDATION TRUST,58374,39798,340,68.17761332099907,0.5824510912392503,November-2025
Y58,RTE,GLOUCESTERSHIRE HOSPITALS NHS FOUNDATION TRUST,126294,88400,62,69.99540754113418,0.049091801669121256,November-2025
Y58,RVJ,NORTH BRISTOL NHS TRUST,86624,57502,252,66.38114148503878,0.29091244920576287,November-2025
Y59,R1F,ISLE OF WIGHT NHS TRUST,28758,17986,110,62.542596842617705,0.3825022602406287,November-2025
Y59,RA2,ROYAL SURREY NHS FOUNDATION TRUST,58506,35696,1080,61.01254572180631,1.8459645164598502,November-2025
Y59,RDR,SUSSEX COMMUNITY NHS FOUNDATION TRUST,27598,19744,14,71.54141604464091,0.05072831364591637,November-2025
Y59,RDU,FRIMLEY HEALTH NHS FOUNDATION TRUST,136414,77214,3220,56.60269473807674,2.3604615362059613,November-2025
Y59,RHM,UNIVERSITY HOSPITAL SOUTHAMPTON NHS FOUNDATION TRUST,126798,76982,3560,60.71231407435449,2.80761526207038,November-2025
Y59,RHU,PORTSMOUTH HOSPITALS UNIVERSITY NHS TRUST,114996,66960,5028,58.228112282166336,4.372325993947616,November-2025
Y59,RHW,ROYAL BERKSHIRE NHS FOUNDATION TRUST,68348,55834,62,81.69075905659273,0.09071223737344179,November-2025
Y59,RN5,HAMPSHIRE HOSPITALS NHS FOUNDATION TRUST,100422,58890,3482,58.642528529605066,3.4673677082710963,November-2025
Y59,RN7,DARTFORD AND GRAVESHAM NHS TRUST,63522,38804,2042,61.08749724504896,3.2146342999275843,November-2025
Y59,RPA,MEDWAY NHS FOUNDATION TRUST,74208,41422,1828,55.81877964639931,2.4633462699439415,November-2025
Y59,RPC,QUEEN VICTORIA HOSPITAL NHS FOUNDATION TRUST,40036,24978,536,62.38885003496853,1.3387950844240184,November-2025
Y59,RTH,OXFORD UNIVERSITY HOSPITALS NHS FOUNDATION TRUST,168116,101504,4526,60.37735849056604,2.6921887268314735,November-2025
Y59,RTK,ASHFORD AND ST PETER'S HOSPITALS NHS FOUNDATION TRUST,103912,61334,1324,59.024944183539915,1.2741550542766957,November-2025
Y59,RTP,SURREY AND SUSSEX HEALTHCARE NHS TRUST,91318,55536,1460,60.816049409754925,1.5988085591011632,November-2025
Y59,RVV,EAST KENT HOSPITALS UNIVERSITY NHS FOUNDATION TRUST,153684,82454,4152,53.65164883787512,2.701647536503475,November-2025
Y59,RW1,HAMPSHIRE AND ISLE OF WIGHT HEALTHCARE NHS FOUNDATION TRUST,8960,8248,0,92.05357142857142,0.0,November-2025
Y59,RWF,MAIDSTONE AND TUNBRIDGE WELLS NHS TRUST,99190,69548,4,70.11593910676478,0.004032664583123299,November-2025
Y59,RWX,BERKSHIRE HEALTHCARE NHS FOUNDATION TRUST,182,182,0,100.0,0.0,November-2025
Y59,RXC,EAST SUSSEX HEALTHCARE NHS TRUST,123300,79212,1548,64.2433090024331,1.2554744525547445,November-2025
Y59,RXQ,BUCKINGHAMSHIRE HEALTHCARE NHS TRUST,96010,57782,2368,60.183314238100195,2.4664097489844807,November-2025
Y59,RYR,UNIVERSITY HOSPITALS SUSSEX NHS FOUNDATION TRUST,231960,120210,9710,51.82359027418521,4.186066563200551,November-2025
Y59,RYY,KENT COMMUNITY HEALTH NHS FOUNDATION TRUST,8256,8250,0,99.92732558139535,0.0,November-2025
Y60,R1A,HEREFORDSHIRE AND WORCESTERSHIRE HEALTH AND CARE NHS TRUST,164,126,0,76.82926829268293,0.0,November-2025
Y60,R1D,SHROPSHIRE COMMUNITY HEALTH NHS TRUST,15636,12654,46,80.92862624712203,0.2941928882067025,November-2025
Y60,RBK,WALSALL HEALTHCARE NHS TRUST,60816,42672,22,70.1657458563536,0.036174690870823464,November-2025
Y60,RFS,CHESTERFIELD ROYAL HOSPITAL NHS FOUNDATION TRUST,60318,33152,2906,54.96203455021719,4.817798998640539,November-2025
Y60,RJC,SOUTH WARWICKSHIRE UNIVERSITY NHS FOUNDATION TRUST,63352,41244,912,65.10291703497917,1.4395757040030308,November-2025
Y60,RJE,UNIVERSITY HOSPITALS OF NORTH MIDLANDS NHS TRUST,128690,82284,2364,63.93970005439428,1.8369725697412385,November-2025
Y60,RK5,SHERWOOD FOREST HOSPITALS NHS FOUNDATION TRUST,72628,43794,616,60.29905821446274,0.8481577353086963,November-2025
Y60,RKB,UNIVERSITY HOSPITALS COVENTRY AND WARWICKSHIRE NHS TRUST,142276,80100,4210,56.29902443138688,2.959037363996739,November-2025
Y60,RL1,THE ROBERT JONES AND AGNES HUNT ORTHOPAEDIC HOSPITAL NHS FOUNDATION TRUST,33774,19348,1524,57.28667021969562,4.512346775626221,November-2025
Y60,RL4,THE ROYAL WOLVERHAMPTON NHS TRUST,153154,84244,4216,55.00607231936482,2.752784778719459,November-2025
Y60,RLQ,WYE VALLEY NHS TRUST,43826,28004,1110,63.89814265504496,2.5327431205220647,November-2025
Y60,RLT,GEORGE ELIOT HOSPITAL NHS TRUST,39360,25630,346,65.11686991869918,0.8790650406504066,November-2025
Y60,RNA,THE DUDLEY GROUP NHS FOUNDATION TRUST,94360,60364,52,63.97202204323867,0.05510809665112336,November-2025
Y60,RNQ,KETTERING GENERAL HOSPITAL NHS FOUNDATION TRUST,50122,30282,540,60.41658353617174,1.0773712142372611,November-2025
Y60,RNS,NORTHAMPTON GENERAL HOSPITAL NHS TRUST,87152,52734,1222,60.508077841013396,1.4021479713603817,November-2025
Y60,RP7,LINCOLNSHIRE PARTNERSHIP NHS FOUNDATION TRUST,66,60,2,90.9090909090909,3.0303030303030303,November-2025
Y60,RQ3,BIRMINGHAM WOMEN'S AND CHILDREN'S NHS FOUNDATION TRUST,44718,26226,242,58.647524486783844,0.5411691041638714,November-2025
Y60,RRE,MIDLANDS PARTNERSHIP UNIVERSITY NHS FOUNDATION TRUST,14802,14208,0,95.98702877989462,0.0,November-2025
Y60,RRJ,THE ROYAL ORTHOPAEDIC HOSPITAL NHS FOUNDATION TRUST,26392,16318,454,61.82934222491664,1.7202182479539256,November-2025
Y60,RRK,UNIVERSITY HOSPITALS BIRMINGHAM NHS FOUNDATION TRUST,190438,117010,3104,61.442569235131636,1.6299268003234648,November-2025
Y60,RTG,UNIVERSITY HOSPITALS OF DERBY AND BURTON NHS FOUNDATION TRUST,192974,113830,3284,58.98722107641444,1.701783659974919,November-2025
Y60,RWD,UNITED LINCOLNSHIRE TEACHING HOSPITALS NHS TRUST,134942,72398,2974,53.65119829259979,2.203909827926072,November-2025
Y60,RWE,UNIVERSITY HOSPITALS OF LEICESTER NHS TRUST,218378,115084,6428,52.69944774656787,2.9435199516434807,November-2025
Y60,RWP,WORCESTERSHIRE ACUTE HOSPITALS NHS TRUST,115100,66230,1536,57.54126846220677,1.3344917463075585,November-2025
Y60,RX1,NOTTINGHAM UNIVERSITY HOSPITALS NHS TRUST,175900,100856,5172,57.33712336554861,2.940306992609437,November-2025
Y60,RXK,SANDWELL AND WEST BIRMINGHAM HOSPITALS NHS TRUST,135238,79098,1322,58.48799893521052,0.9775358996731688,November-2025
Y60,RXW,THE SHREWSBURY AND TELFORD HOSPITAL NHS TRUST,67242,44034,136,65.4858570536272,0.20225454329139528,November-2025
Y60,RYW,BIRMINGHAM COMMUNITY HEALTHCARE NHS FOUNDATION TRUST,29724,20812,44,70.01749428071592,0.14802852913470596,November-2025
Y61,RAJ,MID AND SOUTH ESSEX NHS FOUNDATION TRUST,360472,177248,28434,49.171086797310195,7.887991300295169,November-2025
Y61,RC9,BEDFORDSHIRE HOSPITALS NHS FOUNDATION TRUST,172208,103884,2086,60.32472359007711,1.2113258385208585,November-2025
Y61,RCX,"THE QUEEN ELIZABETH HOSPITAL, KING'S LYNN, NHS FOUNDATION TRUST",52614,29256,726,55.60497206066827,1.3798608735317595,November-2025
Y61,RD8,MILTON KEYNES UNIVERSITY HOSPITAL NHS FOUNDATION TRUST,70020,37844,2932,54.04741502427878,4.187375035704084,November-2025
Y61,RDE,EAST SUFFOLK AND NORTH ESSEX NHS FOUNDATION TRUST,186832,101520,6010,54.33758670891496,3.2167936970112185,November-2025
Y61,RGM,ROYAL PAPWORTH HOSPITAL NHS FOUNDATION TRUST,11404,8478,18,74.34233602244826,0.1578393546124167,November-2025
Y61,RGN,NORTH WEST ANGLIA NHS FOUNDATION TRUST,158214,90840,2034,57.41590504000909,1.285600515757139,November-2025
Y61,RGP,JAMES PAGET UNIVERSITY HOSPITALS NHS FOUNDATION TRUST,67780,35446,3374,52.29566243729714,4.977869578046621,November-2025
Y61,RGR,WEST SUFFOLK NHS FOUNDATION TRUST,65860,40918,1552,62.1287579714546,2.3565138171879747,November-2025
Y61,RGT,CAMBRIDGE UNIVERSITY HOSPITALS NHS FOUNDATION TRUST,128138,76162,4278,59.43748146529523,3.33858808472116,November-2025
Y61,RM1,NORFOLK AND NORWICH UNIVERSITY HOSPITALS NHS FOUNDATION TRUST,154130,84800,7230,55.018490884318425,4.69084539025498,November-2025
Y61,RQW,THE PRINCESS ALEXANDRA HOSPITAL NHS TRUST,82310,46140,3862,56.05637225124529,4.692017980804277,November-2025
Y61,RT1,CAMBRIDGESHIRE AND PETERBOROUGH NHS FOUNDATION TRUST,590,266,4,45.08474576271186,0.6779661016949152,November-2025
Y61,RWG,WEST HERTFORDSHIRE TEACHING HOSPITALS NHS TRUST,93150,59442,2028,63.81320450885668,2.177133655394525,November-2025
Y61,RWH,EAST AND NORTH HERTFORDSHIRE TEACHING NHS TRUST,106366,70352,1312,66.14143617321324,1.23347686290732,November-2025
Y62,R0A,MANCHESTER UNIVERSITY NHS FOUNDATION TRUST,359302,194244,10620,54.06148588095808,2.9557308336719528,November-2025
Y62,RBL,WIRRAL UNIVERSITY TEACHING HOSPITAL NHS FOUNDATION TRUST,96132,57274,2592,59.57849623434445,2.6962925976781924,November-2025
Y62,RBN,MERSEY AND WEST LANCASHIRE TEACHING HOSPITALS NHS TRUST,149676,93882,3066,62.72348272268099,2.0484245971298,November-2025
Y62,RBQ,LIVERPOOL HEART AND CHEST HOSPITAL NHS FOUNDATION TRUST,9752,7556,82,77.48154224774404,0.8408531583264971,November-2025
Y62,RBS,ALDER HEY CHILDREN'S NHS FOUNDATION TRUST,33784,20916,532,61.91096376983187,1.5747099218565,November-2025
Y62,RBT,MID CHESHIRE HOSPITALS NHS FOUNDATION TRUST,83778,45756,2288,54.61577024994628,2.7310272386545393,November-2025
Y62,RBV,THE CHRISTIE NHS FOUNDATION TRUST,7050,6846,0,97.1063829787234,0.0,November-2025
Y62,REM,LIVERPOOL UNIVERSITY HOSPITALS NHS FOUNDATION TRUST,127300,71982,3000,56.545168892380204,2.356637863315004,November-2025
Y62,REN,THE CLATTERBRIDGE CANCER CENTRE NHS FOUNDATION TRUST,1868,1806,0,96.68094218415418,0.0,November-2025
Y62,REP,LIVERPOOL WOMEN'S NHS FOUNDATION TRUST,28406,13874,2578,48.8417939871858,9.075547419559248,November-2025
Y62,RET,THE WALTON CENTRE NHS FOUNDATION TRUST,28040,17728,188,63.22396576319543,0.6704707560627674,November-2025
Y62,RJN,EAST CHESHIRE NHS TRUST,38798,19876,1300,51.22944481674313,3.3506881798030825,November-2025
Y62,RJR,COUNTESS OF CHESTER HOSPITAL NHS FOUNDATION TRUST,63494,33630,3694,52.96563454814628,5.817872554887076,November-2025
Y62,RM3,NORTHERN CARE ALLIANCE NHS FOUNDATION TRUST,275572,148044,8678,53.72243914476071,3.149086264206814,November-2025
Y62,RMC,BOLTON NHS FOUNDATION TRUST,74956,43902,2206,58.57036127861679,2.9430599284913814,November-2025
Y62,RMP,TAMESIDE AND GLOSSOP INTEGRATED CARE NHS FOUNDATION TRUST,34018,25038,0,73.60221059439121,0.0,November-2025
Y62,RRF,"WRIGHTINGTON, WIGAN AND LEIGH NHS FOUNDATION TRUST",94820,55350,2984,58.37376080995571,3.1470153975954442,November-2025
Y62,RTX,UNIVERSITY HOSPITALS OF MORECAMBE BAY NHS FOUNDATION TRUST,67774,46908,1060,69.2123823295069,1.5640216012040016,November-2025
Y62,RW4,MERSEY CARE NHS FOUNDATION TRUST,106,104,0,98.11320754716981,0.0,November-2025
Y62,RW5,LANCASHIRE & SOUTH CUMBRIA NHS FOUNDATION TRUST,6432,6232,0,96.8905472636816,0.0,November-2025
Y62,RWJ,STOCKPORT NHS FOUNDATION TRUST,69294,39572,1396,57.10739746587006,2.0146044390567726,November-2025
Y62,RWW,WARRINGTON AND HALTON TEACHING HOSPITALS NHS FOUNDATION TRUST,65178,39476,2174,60.56644880174292,3.3354812973702783,November-2025
Y62,RXL,BLACKPOOL TEACHING HOSPITALS NHS FOUNDATION TRUST,86584,47742,2470,55.139517693800244,2.8527210570082233,November-2025
Y62,RXN,LANCASHIRE TEACHING HOSPITALS NHS FOUNDATION TRUST,128756,69592,4064,54.04952002236789,3.1563577619683745,November-2025
Y62,RXR,EAST LANCASHIRE HOSPITALS NHS TRUST,104626,63530,2370,60.72104448225106,2.26521132414505,November-2025
Y63,R0B,SOUTH TYNESIDE AND SUNDERLAND NHS FOUNDATION TRUST,115300,87598,26,75.97398091934085,0.022549869904596707,November-2025
Y63,RAE,BRADFORD TEACHING HOSPITALS NHS FOUNDATION TRUST,63664,41182,254,64.68647901482785,0.398969590349334,November-2025
Y63,RCB,YORK AND SCARBOROUGH TEACHING HOSPITALS NHS FOUNDATION TRUST,115532,64360,3100,55.70750960772774,2.683239275698508,November-2025
Y63,RCD,HARROGATE AND DISTRICT NHS FOUNDATION TRUST,38442,28254,4,73.49773685031997,0.010405285885229697,November-2025
Y63,RCF,AIREDALE NHS FOUNDATION TRUST,28250,19662,188,69.6,0.6654867256637168,November-2025
Y63,RCU,SHEFFIELD CHILDREN'S NHS FOUNDATION TRUST,22752,14668,460,64.4690576652602,2.0218002812939524,November-2025
Y63,RFF,BARNSLEY HOSPITAL NHS FOUNDATION TRUST,48478,31910,404,65.82367259375387,0.833367713189488,November-2025
Y63,RFR,THE ROTHERHAM NHS FOUNDATION TRUST,62246,40386,1088,64.881277511808,1.7479034797416704,November-2025
Y63,RJL,NORTHERN LINCOLNSHIRE AND GOOLE NHS FOUNDATION TRUST,78592,46758,1976,59.49460504885994,2.5142508143322475,November-2025
Y63,RNN,NORTH CUMBRIA INTEGRATED CARE NHS FOUNDATION TRUST,77694,42888,2880,55.20117383581744,3.706849949803073,November-2025
Y63,RP5,DONCASTER AND BASSETLAW TEACHING HOSPITALS NHS FOUNDATION TRUST,108330,65794,2238,60.734791839748915,2.065909720299086,November-2025
Y63,RR7,GATESHEAD HEALTH NHS FOUNDATION TRUST,25510,17718,66,69.45511564092513,0.2587220697765582,November-2025
Y63,RR8,LEEDS TEACHING HOSPITALS NHS TRUST,174158,116212,2660,66.72791373350636,1.5273487293147603,November-2025
Y63,RTD,THE NEWCASTLE UPON TYNE HOSPITALS NHS FOUNDATION TRUST,172930,124684,1920,72.10085005493553,1.1102758341525474,November-2025
Y63,RTF,NORTHUMBRIA HEALTHCARE NHS FOUNDATION TRUST,69872,57206,8,81.87256697961988,0.01144950767117014,November-2025
Y63,RTR,SOUTH TEES HOSPITALS NHS FOUNDATION TRUST,112018,69162,2510,61.74186291488868,2.2407113142530664,November-2025
Y63,RVW,NORTH TEES AND HARTLEPOOL NHS FOUNDATION TRUST,43982,32004,364,72.76613159929062,0.8276112955299895,November-2025
Y63,RWA,HULL UNIVERSITY TEACHING HOSPITALS NHS TRUST,161580,90416,6582,55.9574204728308,4.073523950984033,November-2025
Y63,RWY,CALDERDALE AND HUDDERSFIELD NHS FOUNDATION TRUST,72402,52534,34,72.55876909477638,0.04696002872848816,November-2025
Y63,RX4,"CUMBRIA, NORTHUMBERLAND, TYNE AND WEAR NHS FOUNDATION TRUST",316,316,0,100.0,0.0,November-2025
Y63,RXF,MID YORKSHIRE TEACHING NHS TRUST,112364,69026,450,61.43070734398918,0.4004841408280232,November-2025
Y63,RXG,SOUTH WEST YORKSHIRE PARTNERSHIP NHS FOUNDATION TRUST,9232,9028,0,97.790294627383,0.0,November-2025
Y63,RXP,COUNTY DURHAM AND DARLINGTON NHS FOUNDATION TRUST,81670,55776,1216,68.2943553324354,1.4889188196400147,November-2025
Y63,TAD,BRADFORD DISTRICT CARE NHS FOUNDATION TRUST,1230,786,20,63.90243902439025,1.6260162601626018,November-2025
Y56,R1H,BARTS HEALTH NHS TRUST,264780,148576,6944,56.11299947125916,2.6225545736082783,December-2025
Y56,R1K,LONDON NORTH WEST UNIVERSITY HEALTHCARE NHS TRUST,165430,98042,2616,59.26494589856737,1.5813334945294082,December-2025
Y56,RAL,ROYAL FREE LONDON NHS FOUNDATION TRUST,277266,163980,4536,59.14176278375278,1.635974118716323,December-2025
Y56,RAN,ROYAL NATIONAL ORTHOPAEDIC HOSPITAL NHS TRUST,19078,13540,56,70.97179997903345,0.29353181675228013,December-2025
Y56,RAS,THE HILLINGDON HOSPITALS NHS FOUNDATION TRUST,68674,40624,826,59.154847540553924,1.2027841686810146,December-2025
Y56,RAX,KINGSTON AND RICHMOND NHS FOUNDATION TRUST,90950,54858,738,60.31665750412315,0.811434854315558,December-2025
Y56,RF4,"BARKING, HAVERING AND REDBRIDGE UNIVERSITY HOSPITALS NHS TRUST",137826,91944,1446,66.71019981716077,1.0491489269078402,December-2025
Y56,RJ1,GUY'S AND ST THOMAS' NHS FOUNDATION TRUST,216608,143584,2146,66.28748707342295,0.9907297976067366,December-2025
Y56,RJ2,LEWISHAM AND GREENWICH NHS TRUST,111838,69770,2210,62.384878127291266,1.9760725334859348,December-2025
Y56,RJ6,CROYDON HEALTH SERVICES NHS TRUST,72014,47006,980,65.2734190574055,1.3608465020690421,December-2025
Y56,RJ7,ST GEORGE'S UNIVERSITY HOSPITALS NHS FOUNDATION TRUST,137306,82660,2076,60.20130220092349,1.511951407804466,December-2025
Y56,RJZ,KING'S COLLEGE HOSPITAL NHS FOUNDATION TRUST,176016,112546,3254,63.94077811108081,1.8486955731297154,December-2025
Y56,RKE,WHITTINGTON HEALTH NHS TRUST,57566,34032,1316,59.118229510474926,2.2860716395094327,December-2025
Y56,RP4,GREAT ORMOND STREET HOSPITAL FOR CHILDREN NHS FOUNDATION TRUST,16104,11268,386,69.97019374068554,2.39692001987084,December-2025
Y56,RP6,MOORFIELDS EYE HOSPITAL NHS FOUNDATION TRUST,69584,58796,26,84.49643596229018,0.03736491147390204,December-2025
Y56,RPG,OXLEAS NHS FOUNDATION TRUST,4020,2570,310,63.93034825870647,7.711442786069651,December-2025
Y56,RPY,THE ROYAL MARSDEN NHS FOUNDATION TRUST,3738,3530,6,94.43552701979668,0.16051364365971107,December-2025
Y56,RQM,CHELSEA AND WESTMINSTER HOSPITAL NHS FOUNDATION TRUST,146722,89796,2642,61.2014558143973,1.8006842872916127,December-2025
Y56,RQX,HOMERTON HEALTHCARE NHS FOUNDATION TRUST,49828,34806,460,69.85229188408124,0.9231757244922534,December-2025
Y56,RRV,UNIVERSITY COLLEGE LONDON HOSPITALS NHS FOUNDATION TRUST,148766,88090,2260,59.2137988518882,1.5191643251818292,December-2025
Y56,RVR,EPSOM AND ST HELIER UNIVERSITY HOSPITALS NHS TRUST,117430,70584,1776,60.10729796474495,1.5123903602145958,December-2025
Y56,RYJ,IMPERIAL COLLEGE HEALTHCARE NHS TRUST,179436,115266,1240,64.23794556276331,0.6910541920238971,December-2025
Y58,R0D,UNIVERSITY HOSPITALS DORSET NHS FOUNDATION TRUST,126624,78352,3348,61.8776851149861,2.644048521607278,December-2025
Y58,RA7,UNIVERSITY HOSPITALS BRISTOL AND WESTON NHS FOUNDATION TRUST,100802,67414,1272,66.87764131664055,1.2618797246086386,December-2025
Y58,RA9,TORBAY AND SOUTH DEVON NHS FOUNDATION TRUST,65632,44282,1308,67.47013651877133,1.992930277913213,December-2025
Y58,RBD,DORSET COUNTY HOSPITAL NHS FOUNDATION TRUST,41668,25374,540,60.89565133915714,1.2959585293270615,December-2025
Y58,RD1,ROYAL UNITED HOSPITALS BATH NHS FOUNDATION TRUST,80220,50256,930,62.64771877337323,1.1593118922961856,December-2025
Y58,REF,ROYAL CORNWALL HOSPITALS NHS TRUST,82374,60256,508,73.14929468036031,0.6166994439993202,December-2025
Y58,RH5,SOMERSET NHS FOUNDATION TRUST,107536,67064,2578,62.36423151316768,2.397336705847344,December-2025
Y58,RH8,ROYAL DEVON UNIVERSITY HEALTHCARE NHS FOUNDATION TRUST,144646,88384,3514,61.103659969857446,2.4293793122519807,December-2025
Y58,RJ8,CORNWALL PARTNERSHIP NHS FOUNDATION TRUST,1326,1324,0,99.84917043740573,0.0,December-2025
Y58,RK9,UNIVERSITY HOSPITALS PLYMOUTH NHS TRUST,96226,58008,2576,60.28308357408601,2.6770311558206723,December-2025
Y58,RN3,GREAT WESTERN HOSPITALS NHS FOUNDATION TRUST,85646,50496,1314,58.958970646615136,1.534222263736777,December-2025
Y58,RNZ,SALISBURY NHS FOUNDATION TRUST,57878,39606,350,68.43014616952901,0.6047202736791182,December-2025
Y58,RTE,GLOUCESTERSHIRE HOSPITALS NHS FOUNDATION TRUST,124314,86112,60,69.26975240117767,0.04826487764853516,December-2025
Y58,RVJ,NORTH BRISTOL NHS TRUST,85622,57002,180,66.57401135222256,0.21022634369671345,December-2025
Y59,R1F,ISLE OF WIGHT NHS TRUST,28272,17284,138,61.13469156762875,0.48811544991511036,December-2025
Y59,RA2,ROYAL SURREY NHS FOUNDATION TRUST,58970,35734,1012,60.59691368492454,1.7161268441580464,December-2025
Y59,RDR,SUSSEX COMMUNITY NHS FOUNDATION TRUST,27986,19102,126,68.25555634960338,0.4502251125562781,December-2025
Y59,RDU,FRIMLEY HEALTH NHS FOUNDATION TRUST,134710,75066,3012,55.72414817014327,2.2359141860292477,December-2025
Y59,RHM,UNIVERSITY HOSPITAL SOUTHAMPTON NHS FOUNDATION TRUST,127020,77218,3102,60.792001259644145,2.4421350968351443,December-2025
Y59,RHU,PORTSMOUTH HOSPITALS UNIVERSITY NHS TRUST,113642,65052,4092,57.24292075113075,3.6007814012424983,December-2025
Y59,RHW,ROYAL BERKSHIRE NHS FOUNDATION TRUST,68472,56250,84,82.15036803364879,0.12267788293024887,December-2025
Y59,RN5,HAMPSHIRE HOSPITALS NHS FOUNDATION TRUST,100942,59098,3200,58.54649204493669,3.170137306572091,December-2025
Y59,RN7,DARTFORD AND GRAVESHAM NHS TRUST,63550,38196,1816,60.10385523210071,2.8575924468922107,December-2025
Y59,RPA,MEDWAY NHS FOUNDATION TRUST,73836,42128,1066,57.05617855788504,1.443740180941546,December-2025
Y59,RPC,QUEEN VICTORIA HOSPITAL NHS FOUNDATION TRUST,40354,24556,532,60.851464538831344,1.3183327551172126,December-2025
Y59,RTH,OXFORD UNIVERSITY HOSPITALS NHS FOUNDATION TRUST,167350,100192,4190,59.869734090230054,2.5037346877801014,December-2025
Y59,RTK,ASHFORD AND ST PETER'S HOSPITALS NHS FOUNDATION TRUST,102614,60446,1242,58.906192137525096,1.2103611592960024,December-2025
Y59,RTP,SURREY AND SUSSEX HEALTHCARE NHS TRUST,93722,58128,1380,62.0217238215147,1.4724397686775783,December-2025
Y59,RVV,EAST KENT HOSPITALS UNIVERSITY NHS FOUNDATION TRUST,151896,78654,3954,51.7814820666772,2.6030968557434035,December-2025
Y59,RW1,HAMPSHIRE AND ISLE OF WIGHT HEALTHCARE NHS FOUNDATION TRUST,8334,7668,0,92.0086393088553,0.0,December-2025
Y59,RWF,MAIDSTONE AND TUNBRIDGE WELLS NHS TRUST,98882,68816,26,69.59406160878623,0.0262939665459841,December-2025
Y59,RWX,BERKSHIRE HEALTHCARE NHS FOUNDATION TRUST,214,214,0,100.0,0.0,December-2025
Y59,RXC,EAST SUSSEX HEALTHCARE NHS TRUST,122700,80036,1448,65.22901385493073,1.1801140994295027,December-2025
Y59,RXQ,BUCKINGHAMSHIRE HEALTHCARE NHS TRUST,94840,56008,2238,59.05525094896667,2.3597638127372416,December-2025
Y59,RYR,UNIVERSITY HOSPITALS SUSSEX NHS FOUNDATION TRUST,232604,118956,9460,51.140994995786826,4.066997987996767,December-2025
Y59,RYY,KENT COMMUNITY HEALTH NHS FOUNDATION TRUST,8002,7992,0,99.87503124218945,0.0,December-2025
Y60,R1A,HEREFORDSHIRE AND WORCESTERSHIRE HEALTH AND CARE NHS TRUST,142,118,0,83.09859154929578,0.0,December-2025
Y60,R1D,SHROPSHIRE COMMUNITY HEALTH NHS TRUST,15150,12242,48,80.8052805280528,0.31683168316831684,December-2025
Y60,RBK,WALSALL HEALTHCARE NHS TRUST,60590,42204,34,69.65505859052648,0.05611487044066678,December-2025
Y60,RFS,CHESTERFIELD ROYAL HOSPITAL NHS FOUNDATION TRUST,57682,30982,2594,53.71172982906279,4.497070143198918,December-2025
Y60,RJC,SOUTH WARWICKSHIRE UNIVERSITY NHS FOUNDATION TRUST,61776,40402,760,65.4008029008029,1.2302512302512303,December-2025
Y60,RJE,UNIVERSITY HOSPITALS OF NORTH MIDLANDS NHS TRUST,129180,80860,2382,62.59482892088558,1.8439386901997212,December-2025
Y60,RK5,SHERWOOD FOREST HOSPITALS NHS FOUNDATION TRUST,71950,42638,684,59.26059763724809,0.9506601806810285,December-2025
Y60,RKB,UNIVERSITY HOSPITALS COVENTRY AND WARWICKSHIRE NHS TRUST,139434,77660,3628,55.69660197656239,2.6019478749802776,December-2025
Y60,RL1,THE ROBERT JONES AND AGNES HUNT ORTHOPAEDIC HOSPITAL NHS FOUNDATION TRUST,32976,18388,1350,55.76176613294517,4.093886462882096,December-2025
Y60,RL4,THE ROYAL WOLVERHAMPTON NHS TRUST,151128,81712,4678,54.06807474458737,3.0953893388386002,December-2025
Y60,RLQ,WYE VALLEY NHS TRUST,43506,27960,1040,64.2669976554958,2.390474877028456,December-2025
Y60,RLT,GEORGE ELIOT HOSPITAL NHS TRUST,39394,25266,310,64.13667055896836,0.7869218662740519,December-2025
Y60,RNA,THE DUDLEY GROUP NHS FOUNDATION TRUST,93762,58508,44,62.40054606343721,0.046927326635523986,December-2025
Y60,RNQ,KETTERING GENERAL HOSPITAL NHS FOUNDATION TRUST,51490,32306,534,62.74228005437949,1.0370945814721306,December-2025
Y60,RNS,NORTHAMPTON GENERAL HOSPITAL NHS TRUST,86670,52104,1118,60.117687781239184,1.2899503865235953,December-2025
Y60,RP7,LINCOLNSHIRE PARTNERSHIP NHS FOUNDATION TRUST,72,64,4,88.88888888888889,5.555555555555555,December-2025
Y60,RQ3,BIRMINGHAM WOMEN'S AND CHILDREN'S NHS FOUNDATION TRUST,44328,26132,284,58.95145280635264,0.6406785778740299,December-2025
Y60,RRE,MIDLANDS PARTNERSHIP UNIVERSITY NHS FOUNDATION TRUST,15952,15258,2,95.6494483450351,0.012537612838515547,December-2025
Y60,RRJ,THE ROYAL ORTHOPAEDIC HOSPITAL NHS FOUNDATION TRUST,26354,16320,396,61.92608332700919,1.5026181983759581,December-2025
Y60,RRK,UNIVERSITY HOSPITALS BIRMINGHAM NHS FOUNDATION TRUST,189824,116742,1888,61.500126432906264,0.9946055293324343,December-2025
Y60,RTG,UNIVERSITY HOSPITALS OF DERBY AND BURTON NHS FOUNDATION TRUST,193648,112576,3242,58.13434685615137,1.6741716929686856,December-2025
Y60,RWD,UNITED LINCOLNSHIRE TEACHING HOSPITALS NHS TRUST,133720,72384,1354,54.13102004187855,1.0125635656595873,December-2025
Y60,RWE,UNIVERSITY HOSPITALS OF LEICESTER NHS TRUST,215516,112096,5622,52.0128435939791,2.608623025668628,December-2025
Y60,RWP,WORCESTERSHIRE ACUTE HOSPITALS NHS TRUST,114908,66482,1422,57.85672015873568,1.2375117485292582,December-2025
Y60,RX1,NOTTINGHAM UNIVERSITY HOSPITALS NHS TRUST,190038,108682,5012,57.189614708637215,2.6373672633894274,December-2025
Y60,RXK,SANDWELL AND WEST BIRMINGHAM HOSPITALS NHS TRUST,131450,78082,932,59.400532521871426,0.7090148345378471,December-2025
Y60,RXW,THE SHREWSBURY AND TELFORD HOSPITAL NHS TRUST,65580,42052,40,64.12320829521195,0.060994205550472705,December-2025
Y60,RYW,BIRMINGHAM COMMUNITY HEALTHCARE NHS FOUNDATION TRUST,29832,21078,20,70.65567176186646,0.06704210244033253,December-2025
Y61,RAJ,MID AND SOUTH ESSEX NHS FOUNDATION TRUST,358096,172444,27076,48.155801796166394,7.561100933827801,December-2025
Y61,RC9,BEDFORDSHIRE HOSPITALS NHS FOUNDATION TRUST,170818,102328,1988,59.90469388471941,1.1638117762765048,December-2025
Y61,RCX,"THE QUEEN ELIZABETH HOSPITAL, KING'S LYNN, NHS FOUNDATION TRUST",52562,28428,724,54.08469997336479,1.3774209504965564,December-2025
Y61,RD8,MILTON KEYNES UNIVERSITY HOSPITAL NHS FOUNDATION TRUST,70040,38312,2794,54.70017133066819,3.9891490576813253,December-2025
Y61,RDE,EAST SUFFOLK AND NORTH ESSEX NHS FOUNDATION TRUST,185406,100134,4674,54.007960907414,2.52095401443319,December-2025
Y61,RGM,ROYAL PAPWORTH HOSPITAL NHS FOUNDATION TRUST,11046,8206,32,74.28933550606554,0.2896976281006699,December-2025
Y61,RGN,NORTH WEST ANGLIA NHS FOUNDATION TRUST,157732,91408,1598,57.951461973474,1.0131108462455305,December-2025
Y61,RGP,JAMES PAGET UNIVERSITY HOSPITALS NHS FOUNDATION TRUST,67860,35814,3576,52.7763041556145,5.269672855879753,December-2025
Y61,RGR,WEST SUFFOLK NHS FOUNDATION TRUST,65082,40928,1520,62.88681970437294,2.335515196214007,December-2025
Y61,RGT,CAMBRIDGE UNIVERSITY HOSPITALS NHS FOUNDATION TRUST,128564,76476,3894,59.484770231168916,3.0288416664073923,December-2025
Y61,RM1,NORFOLK AND NORWICH UNIVERSITY HOSPITALS NHS FOUNDATION TRUST,152602,84116,6528,55.12116486022464,4.277794524318161,December-2025
Y61,RQW,THE PRINCESS ALEXANDRA HOSPITAL NHS TRUST,80012,45074,3300,56.33404989251613,4.12438134279858,December-2025
Y61,RT1,CAMBRIDGESHIRE AND PETERBOROUGH NHS FOUNDATION TRUST,602,262,10,43.521594684385384,1.6611295681063125,December-2025
Y61,RWG,WEST HERTFORDSHIRE TEACHING HOSPITALS NHS TRUST,91540,58192,2000,63.57002403320953,2.184837229626393,December-2025
Y61,RWH,EAST AND NORTH HERTFORDSHIRE TEACHING NHS TRUST,107222,72108,1224,67.25112383652608,1.1415567700658447,December-2025
Y62,R0A,MANCHESTER UNIVERSITY NHS FOUNDATION TRUST,356186,199680,7102,56.0605975529639,1.9939020624055972,December-2025
Y62,RBL,WIRRAL UNIVERSITY TEACHING HOSPITAL NHS FOUNDATION TRUST,94250,55930,2092,59.342175066313,2.2196286472148543,December-2025
Y62,RBN,MERSEY AND WEST LANCASHIRE TEACHING HOSPITALS NHS TRUST,147560,92690,2990,62.81512605042017,2.0262943887232314,December-2025
Y62,RBQ,LIVERPOOL HEART AND CHEST HOSPITAL NHS FOUNDATION TRUST,9818,7886,62,80.3218578121817,0.6314931757995518,December-2025
Y62,RBS,ALDER HEY CHILDREN'S NHS FOUNDATION TRUST,33446,20922,516,62.554565568378884,1.542785385397357,December-2025
Y62,RBT,MID CHESHIRE HOSPITALS NHS FOUNDATION TRUST,79140,42614,1724,53.846348243618905,2.178417993429366,December-2025
Y62,RBV,THE CHRISTIE NHS FOUNDATION TRUST,6532,6344,0,97.12186160440906,0.0,December-2025
Y62,REM,LIVERPOOL UNIVERSITY HOSPITALS NHS FOUNDATION TRUST,126012,69652,2090,55.27410087928134,1.658572199473066,December-2025
Y62,REN,THE CLATTERBRIDGE CANCER CENTRE NHS FOUNDATION TRUST,1720,1632,0,94.88372093023256,0.0,December-2025
Y62,REP,LIVERPOOL WOMEN'S NHS FOUNDATION TRUST,28258,14060,2092,49.75582136032274,7.403213249345318,December-2025
Y62,RET,THE WALTON CENTRE NHS FOUNDATION TRUST,27752,17734,224,63.90170077832228,0.807149034303834,December-2025
Y62,RJN,EAST CHESHIRE NHS TRUST,38302,17656,1348,46.0968095660801,3.5193984648321233,December-2025
Y62,RJR,COUNTESS OF CHESTER HOSPITAL NHS FOUNDATION TRUST,61316,32858,2674,53.587970513405956,4.3610150694761565,December-2025
Y62,RM3,NORTHERN CARE ALLIANCE NHS FOUNDATION TRUST,270708,143290,8304,52.93157202594677,3.067511857795115,December-2025
Y62,RMC,BOLTON NHS FOUNDATION TRUST,75064,43104,1820,57.4229990408185,2.4245976766492596,December-2025
Y62,RMP,TAMESIDE AND GLOSSOP INTEGRATED CARE NHS FOUNDATION TRUST,33616,24472,0,72.7986673012851,0.0,December-2025
Y62,RRF,"WRIGHTINGTON, WIGAN AND LEIGH NHS FOUNDATION TRUST",92900,53376,2562,57.45532831001077,2.757804090419806,December-2025
Y62,RTX,UNIVERSITY HOSPITALS OF MORECAMBE BAY NHS FOUNDATION TRUST,70736,48304,946,68.28771771092514,1.3373671115132322,December-2025
Y62,RW4,MERSEY CARE NHS FOUNDATION TRUST,80,76,0,95.0,0.0,December-2025
Y62,RW5,LANCASHIRE & SOUTH CUMBRIA NHS FOUNDATION TRUST,6900,6616,0,95.88405797101449,0.0,December-2025
Y62,RWJ,STOCKPORT NHS FOUNDATION TRUST,69112,40340,1198,58.36902419261488,1.7334182197013543,December-2025
Y62,RWW,WARRINGTON AND HALTON TEACHING HOSPITALS NHS FOUNDATION TRUST,66334,40540,1856,61.11496366870684,2.7979618295293514,December-2025
Y62,RXL,BLACKPOOL TEACHING HOSPITALS NHS FOUNDATION TRUST,85036,47856,2040,56.2773413613058,2.398983959734701,December-2025
Y62,RXN,LANCASHIRE TEACHING HOSPITALS NHS FOUNDATION TRUST,128070,68038,3952,53.12563441867728,3.0858124463184198,December-2025
Y62,RXR,EAST LANCASHIRE HOSPITALS NHS TRUST,105340,65732,1644,62.39984811087906,1.5606607176760965,December-2025
Y63,R0B,SOUTH TYNESIDE AND SUNDERLAND NHS FOUNDATION TRUST,115090,87034,8,75.622556260318,0.006951081762099226,December-2025
Y63,RAE,BRADFORD TEACHING HOSPITALS NHS FOUNDATION TRUST,63864,41400,160,64.82525366403607,0.2505323813102844,December-2025
Y63,RCB,YORK AND SCARBOROUGH TEACHING HOSPITALS NHS FOUNDATION TRUST,115938,63706,2642,54.94833445462229,2.2788041884455486,December-2025
Y63,RCD,HARROGATE AND DISTRICT NHS FOUNDATION TRUST,37754,27386,8,72.53800921756634,0.021189807702495102,December-2025
Y63,RCF,AIREDALE NHS FOUNDATION TRUST,28672,20206,138,70.47293526785714,0.4813058035714286,December-2025
Y63,RCU,SHEFFIELD CHILDREN'S NHS FOUNDATION TRUST,23292,15482,390,66.46917396530998,1.6743946419371456,December-2025
Y63,RFF,BARNSLEY HOSPITAL NHS FOUNDATION TRUST,45918,29882,334,65.07687617056493,0.7273835968465526,December-2025
Y63,RFR,THE ROTHERHAM NHS FOUNDATION TRUST,60562,39490,952,65.2059046927116,1.5719428024173574,December-2025
Y63,RJL,NORTHERN LINCOLNSHIRE AND GOOLE NHS FOUNDATION TRUST,78588,46520,1830,59.19478800834733,2.3285997862269046,December-2025
Y63,RNN,NORTH CUMBRIA INTEGRATED CARE NHS FOUNDATION TRUST,77800,43448,2262,55.84575835475578,2.9074550128534704,December-2025
Y63,RP5,DONCASTER AND BASSETLAW TEACHING HOSPITALS NHS FOUNDATION TRUST,106534,64040,2096,60.11226462913248,1.9674470122214505,December-2025
Y63,RR7,GATESHEAD HEALTH NHS FOUNDATION TRUST,25042,17554,50,70.09823496525837,0.19966456353326412,December-2025
Y63,RR8,LEEDS TEACHING HOSPITALS NHS TRUST,171914,113070,2636,65.7712577218842,1.5333248019358516,December-2025
Y63,RTD,THE NEWCASTLE UPON TYNE HOSPITALS NHS FOUNDATION TRUST,170840,122020,1780,71.42355420276282,1.0419105595879186,December-2025
Y63,RTF,NORTHUMBRIA HEALTHCARE NHS FOUNDATION TRUST,70590,57190,12,81.01714123813572,0.016999575010624733,December-2025
Y63,RTR,SOUTH TEES HOSPITALS NHS FOUNDATION TRUST,111172,68768,2074,61.85730219839528,1.8655776634404346,December-2025
Y63,RVW,NORTH TEES AND HARTLEPOOL NHS FOUNDATION TRUST,44118,31468,440,71.32689605149825,0.9973253547304954,December-2025
Y63,RWA,HULL UNIVERSITY TEACHING HOSPITALS NHS TRUST,163286,90750,6144,55.577330573349826,3.7627230748502627,December-2025
Y63,RWY,CALDERDALE AND HUDDERSFIELD NHS FOUNDATION TRUST,70536,52434,46,74.33650901667234,0.06521492571169332,December-2025
Y63,RX4,"CUMBRIA, NORTHUMBERLAND, TYNE AND WEAR NHS FOUNDATION TRUST",348,348,0,100.0,0.0,December-2025
Y63,RXF,MID YORKSHIRE TEACHING NHS TRUST,111330,68608,394,61.62579717955627,0.353902811461421,December-2025
Y63,RXG,SOUTH WEST YORKSHIRE PARTNERSHIP NHS FOUNDATION TRUST,8792,8574,0,97.52047315741584,0.0,December-2025
Y63,RXP,COUNTY DURHAM AND DARLINGTON NHS FOUNDATION TRUST,82864,55946,1254,67.51544699748986,1.5133230353350067,December-2025
Y63,TAD,BRADFORD DISTRICT CARE NHS FOUNDATION TRUST,1308,882,24,67.43119266055045,1.834862385321101,December-2025
Y56,R1H,BARTS HEALTH NHS TRUST,264020,149804,5436,56.7396409362927,2.0589349291720325,January-2026
Y56,R1K,LONDON NORTH WEST UNIVERSITY HEALTHCARE NHS TRUST,165620,99712,2414,60.205289216278224,1.4575534355754136,January-2026
Y56,RAL,ROYAL FREE LONDON NHS FOUNDATION TRUST,280320,165900,4762,59.182363013698634,1.6987728310502284,January-2026
Y56,RAN,ROYAL NATIONAL ORTHOPAEDIC HOSPITAL NHS TRUST,18284,12940,44,70.77225989936557,0.24064756070881643,January-2026
Y56,RAS,THE HILLINGDON HOSPITALS NHS FOUNDATION TRUST,66902,40368,550,60.339003318286444,0.8220979940808945,January-2026
Y56,RAX,KINGSTON AND RICHMOND NHS FOUNDATION TRUST,89892,52134,818,57.99626218128421,0.9099808659280025,January-2026
Y56,RF4,"BARKING, HAVERING AND REDBRIDGE UNIVERSITY HOSPITALS NHS TRUST",138668,90020,1514,64.91764502264401,1.0918164248420688,January-2026
Y56,RJ1,GUY'S AND ST THOMAS' NHS FOUNDATION TRUST,215182,143038,2376,66.47303213094033,1.1041815765259175,January-2026
Y56,RJ2,LEWISHAM AND GREENWICH NHS TRUST,112734,70196,2194,62.266929231642635,1.946174179927972,January-2026
Y56,RJ6,CROYDON HEALTH SERVICES NHS TRUST,72470,47796,1170,65.95280805850697,1.6144611563405546,January-2026
Y56,RJ7,ST GEORGE'S UNIVERSITY HOSPITALS NHS FOUNDATION TRUST,136068,82314,1836,60.49475262368815,1.3493253373313343,January-2026
Y56,RJZ,KING'S COLLEGE HOSPITAL NHS FOUNDATION TRUST,167862,105670,3580,62.95051887860266,2.1327042451537572,January-2026
Y56,RKE,WHITTINGTON HEALTH NHS TRUST,55842,32346,868,57.92414311808316,1.5543855879087425,January-2026
Y56,RP4,GREAT ORMOND STREET HOSPITAL FOR CHILDREN NHS FOUNDATION TRUST,16500,11928,414,72.2909090909091,2.5090909090909093,January-2026
Y56,RP6,MOORFIELDS EYE HOSPITAL NHS FOUNDATION TRUST,68220,57642,32,84.49428320140721,0.04690706537672237,January-2026
Y56,RPG,OXLEAS NHS FOUNDATION TRUST,5326,2562,948,48.10364250844912,17.799474277131054,January-2026
Y56,RPY,THE ROYAL MARSDEN NHS FOUNDATION TRUST,3814,3588,2,94.0744625065548,0.05243838489774515,January-2026
Y56,RQM,CHELSEA AND WESTMINSTER HOSPITAL NHS FOUNDATION TRUST,148214,91550,2526,61.76879377116872,1.704292442009527,January-2026
Y56,RQX,HOMERTON HEALTHCARE NHS FOUNDATION TRUST,48948,34812,510,71.12037264035303,1.0419220397156166,January-2026
Y56,RRV,UNIVERSITY COLLEGE LONDON HOSPITALS NHS FOUNDATION TRUST,151358,91446,2218,60.41702453785066,1.4653999127895454,January-2026
Y56,RVR,EPSOM AND ST HELIER UNIVERSITY HOSPITALS NHS TRUST,120118,73916,1652,61.53615611315539,1.3753142742969413,January-2026
Y56,RYJ,IMPERIAL COLLEGE HEALTHCARE NHS TRUST,176676,113820,908,64.42301161448074,0.513935112861962,January-2026
Y58,R0D,UNIVERSITY HOSPITALS DORSET NHS FOUNDATION TRUST,131868,83408,3056,63.25112991779659,2.3174689841356506,January-2026
Y58,RA7,UNIVERSITY HOSPITALS BRISTOL AND WESTON NHS FOUNDATION TRUST,100376,67512,972,67.25910576233363,0.9683589702717781,January-2026
Y58,RA9,TORBAY AND SOUTH DEVON NHS FOUNDATION TRUST,66102,44294,1178,67.00856252458321,1.7820943390517687,January-2026
Y58,RBD,DORSET COUNTY HOSPITAL NHS FOUNDATION TRUST,42410,26254,634,61.90521103513322,1.494930440933742,January-2026
Y58,RD1,ROYAL UNITED HOSPITALS BATH NHS FOUNDATION TRUST,80266,50618,804,63.06281613634665,1.001669449081803,January-2026
Y58,REF,ROYAL CORNWALL HOSPITALS NHS TRUST,81832,59656,494,72.90057679147522,0.6036758236386743,January-2026
Y58,RH5,SOMERSET NHS FOUNDATION TRUST,106256,65704,2388,61.83556693269085,2.2474024996235507,January-2026
Y58,RH8,ROYAL DEVON UNIVERSITY HEALTHCARE NHS FOUNDATION TRUST,146338,89792,3402,61.359318837212484,2.324755019202121,January-2026
Y58,RJ8,CORNWALL PARTNERSHIP NHS FOUNDATION TRUST,1328,1322,0,99.54819277108435,0.0,January-2026
Y58,RK9,UNIVERSITY HOSPITALS PLYMOUTH NHS TRUST,95886,58990,2154,61.52097282189266,2.246417620924848,January-2026
Y58,RN3,GREAT WESTERN HOSPITALS NHS FOUNDATION TRUST,87880,50958,1480,57.98588984979518,1.6841147018661813,January-2026
Y58,RNZ,SALISBURY NHS FOUNDATION TRUST,58680,40550,306,69.10361281526926,0.5214723926380368,January-2026
Y58,RTE,GLOUCESTERSHIRE HOSPITALS NHS FOUNDATION TRUST,125724,86130,42,68.50720626133435,0.03340650949699341,January-2026
Y58,RVJ,NORTH BRISTOL NHS TRUST,83878,56460,208,67.31204845132216,0.247979207897184,January-2026
Y59,R1F,ISLE OF WIGHT NHS TRUST,27726,16622,188,59.950948568131004,0.6780639111303469,January-2026
Y59,RA2,ROYAL SURREY NHS FOUNDATION TRUST,59136,35730,1022,60.420048701298704,1.7282196969696968,January-2026
Y59,RDR,SUSSEX COMMUNITY NHS FOUNDATION TRUST,28820,18208,352,63.178348369188065,1.2213740458015268,January-2026
Y59,RDU,FRIMLEY HEALTH NHS FOUNDATION TRUST,133650,75238,2756,56.2947998503554,2.062102506546951,January-2026
Y59,RHM,UNIVERSITY HOSPITAL SOUTHAMPTON NHS FOUNDATION TRUST,125340,75432,3058,60.18190521780756,2.4397638423488113,January-2026
Y59,RHU,PORTSMOUTH HOSPITALS UNIVERSITY NHS TRUST,113522,64054,4098,56.42430542097567,3.609872976163211,January-2026
Y59,RHW,ROYAL BERKSHIRE NHS FOUNDATION TRUST,69120,57682,50,83.4519675925926,0.07233796296296297,January-2026
Y59,RN5,HAMPSHIRE HOSPITALS NHS FOUNDATION TRUST,101504,58688,3018,57.81841109709962,2.97328184110971,January-2026
Y59,RN7,DARTFORD AND GRAVESHAM NHS TRUST,61772,36434,1826,58.98141552807097,2.9560318590947356,January-2026
Y59,RPA,MEDWAY NHS FOUNDATION TRUST,70634,40930,654,57.94659795565875,0.9258997083557494,January-2026
Y59,RPC,QUEEN VICTORIA HOSPITAL NHS FOUNDATION TRUST,39812,23714,514,59.564955289862354,1.291068019692555,January-2026
Y59,RTH,OXFORD UNIVERSITY HOSPITALS NHS FOUNDATION TRUST,170020,101516,4020,59.70826961533937,2.364427714386543,January-2026
Y59,RTK,ASHFORD AND ST PETER'S HOSPITALS NHS FOUNDATION TRUST,101232,59496,1420,58.77192982456141,1.402718507981666,January-2026
Y59,RTP,SURREY AND SUSSEX HEALTHCARE NHS TRUST,93546,58664,1414,62.71139332520899,1.5115558121138264,January-2026
Y59,RVV,EAST KENT HOSPITALS UNIVERSITY NHS FOUNDATION TRUST,150386,77172,4012,51.315946963148164,2.667801524078039,January-2026
Y59,RW1,HAMPSHIRE AND ISLE OF WIGHT HEALTHCARE NHS FOUNDATION TRUST,8340,7710,0,92.44604316546763,0.0,January-2026
Y59,RWF,MAIDSTONE AND TUNBRIDGE WELLS NHS TRUST,99046,69344,30,70.01191365628092,0.03028895664640672,January-2026
Y59,RWX,BERKSHIRE HEALTHCARE NHS FOUNDATION TRUST,204,204,0,100.0,0.0,January-2026
Y59,RXC,EAST SUSSEX HEALTHCARE NHS TRUST,119432,75610,1360,63.30799115814857,1.1387232902404716,January-2026
Y59,RXQ,BUCKINGHAMSHIRE HEALTHCARE NHS TRUST,94020,57466,1808,61.1210380770049,1.9229951074239522,January-2026
Y59,RYR,UNIVERSITY HOSPITALS SUSSEX NHS FOUNDATION TRUST,232356,117702,9922,50.655890099674636,4.270171633183563,January-2026
Y59,RYY,KENT COMMUNITY HEALTH NHS FOUNDATION TRUST,7920,7910,0,99.87373737373737,0.0,January-2026
Y60,R1A,HEREFORDSHIRE AND WORCESTERSHIRE HEALTH AND CARE NHS TRUST,106,82,0,77.35849056603774,0.0,January-2026
Y60,R1D,SHROPSHIRE COMMUNITY HEALTH NHS TRUST,15196,12572,8,82.73229797315082,0.052645433008686494,January-2026
Y60,RBK,WALSALL HEALTHCARE NHS TRUST,59142,40982,32,69.29424097933786,0.05410706435358966,January-2026
Y60,RFS,CHESTERFIELD ROYAL HOSPITAL NHS FOUNDATION TRUST,56584,30498,2554,53.89862858758659,4.513643432772515,January-2026
Y60,RJC,SOUTH WARWICKSHIRE UNIVERSITY NHS FOUNDATION TRUST,60658,39878,836,65.74235879850968,1.3782188664314683,January-2026
Y60,RJE,UNIVERSITY HOSPITALS OF NORTH MIDLANDS NHS TRUST,130750,80906,2494,61.87839388145315,1.9074569789674953,January-2026
Y60,RK5,SHERWOOD FOREST HOSPITALS NHS FOUNDATION TRUST,71342,42530,652,59.614252473998484,0.913907656079168,January-2026
Y60,RKB,UNIVERSITY HOSPITALS COVENTRY AND WARWICKSHIRE NHS TRUST,139396,77890,3898,55.876782691038485,2.796349967000488,January-2026
Y60,RL1,THE ROBERT JONES AND AGNES HUNT ORTHOPAEDIC HOSPITAL NHS FOUNDATION TRUST,32894,18046,1172,54.86106888794309,3.5629598102997506,January-2026
Y60,RL4,THE ROYAL WOLVERHAMPTON NHS TRUST,157658,88644,4218,56.22550076748405,2.675411333392533,January-2026
Y60,RLQ,WYE VALLEY NHS TRUST,42846,27916,804,65.1542734444289,1.8764878868505812,January-2026
Y60,RLT,GEORGE ELIOT HOSPITAL NHS TRUST,40574,25870,472,63.760043377532405,1.163306550993247,January-2026
Y60,RNA,THE DUDLEY GROUP NHS FOUNDATION TRUST,93354,56948,66,61.002206654240844,0.07069863101741757,January-2026
Y60,RNQ,KETTERING GENERAL HOSPITAL NHS FOUNDATION TRUST,49178,30478,556,61.974866810362364,1.1305868477774614,January-2026
Y60,RNS,NORTHAMPTON GENERAL HOSPITAL NHS TRUST,85556,50706,1378,59.26644536911496,1.6106409836832016,January-2026
Y60,RP7,LINCOLNSHIRE PARTNERSHIP NHS FOUNDATION TRUST,36,34,0,94.44444444444444,0.0,January-2026
Y60,RQ3,BIRMINGHAM WOMEN'S AND CHILDREN'S NHS FOUNDATION TRUST,42544,24940,350,58.62166227905228,0.8226776983828507,January-2026
Y60,RRE,MIDLANDS PARTNERSHIP UNIVERSITY NHS FOUNDATION TRUST,16582,15636,2,94.29501869497045,0.012061271257990593,January-2026
Y60,RRJ,THE ROYAL ORTHOPAEDIC HOSPITAL NHS FOUNDATION TRUST,25978,16150,342,62.16798829779043,1.316498575717915,January-2026
Y60,RRK,UNIVERSITY HOSPITALS BIRMINGHAM NHS FOUNDATION TRUST,186170,113984,1468,61.22576140087017,0.7885266154589892,January-2026
Y60,RTG,UNIVERSITY HOSPITALS OF DERBY AND BURTON NHS FOUNDATION TRUST,195356,111674,3848,57.164356354552716,1.9697373001085199,January-2026
Y60,RWD,UNITED LINCOLNSHIRE TEACHING HOSPITALS NHS TRUST,134720,72860,1020,54.08254156769596,0.7571258907363421,January-2026
Y60,RWE,UNIVERSITY HOSPITALS OF LEICESTER NHS TRUST,211618,109346,5428,51.671407914260605,2.56499919666569,January-2026
Y60,RWP,WORCESTERSHIRE ACUTE HOSPITALS NHS TRUST,112638,64524,1488,57.28439780535876,1.321046183348426,January-2026
Y60,RX1,NOTTINGHAM UNIVERSITY HOSPITALS NHS TRUST,185564,102248,5492,55.101204975102924,2.9596257894850297,January-2026
Y60,RXK,SANDWELL AND WEST BIRMINGHAM HOSPITALS NHS TRUST,128472,73102,1082,56.90111463976586,0.8422068621956534,January-2026
Y60,RXW,THE SHREWSBURY AND TELFORD HOSPITAL NHS TRUST,67274,42298,62,62.87421589321283,0.09216041858667538,January-2026
Y60,RYW,BIRMINGHAM COMMUNITY HEALTHCARE NHS FOUNDATION TRUST,30718,21754,26,70.81841265707402,0.08464092714369424,January-2026
Y61,RAJ,MID AND SOUTH ESSEX NHS FOUNDATION TRUST,353080,173214,27026,49.058003851818285,7.654355953325026,January-2026
Y61,RC9,BEDFORDSHIRE HOSPITALS NHS FOUNDATION TRUST,172414,104642,2246,60.6922871692554,1.302678436785876,January-2026
Y61,RCX,"THE QUEEN ELIZABETH HOSPITAL, KING'S LYNN, NHS FOUNDATION TRUST",52288,28184,800,53.901468788249694,1.5299877600979193,January-2026
Y61,RD8,MILTON KEYNES UNIVERSITY HOSPITAL NHS FOUNDATION TRUST,69502,39122,2748,56.28902765388047,3.9538430548761188,January-2026
Y61,RDE,EAST SUFFOLK AND NORTH ESSEX NHS FOUNDATION TRUST,181552,98140,4032,54.05613818630475,2.2208513263417644,January-2026
Y61,RGM,ROYAL PAPWORTH HOSPITAL NHS FOUNDATION TRUST,10670,8058,36,75.52014995313965,0.3373945641986879,January-2026
Y61,RGN,NORTH WEST ANGLIA NHS FOUNDATION TRUST,156812,91448,1492,58.31696553835166,0.9514577965971991,January-2026
Y61,RGP,JAMES PAGET UNIVERSITY HOSPITALS NHS FOUNDATION TRUST,66756,35424,3516,53.064893043321945,5.266942297321589,January-2026
Y61,RGR,WEST SUFFOLK NHS FOUNDATION TRUST,63846,39992,1380,62.638223224634274,2.161450991448172,January-2026
Y61,RGT,CAMBRIDGE UNIVERSITY HOSPITALS NHS FOUNDATION TRUST,124964,74862,3330,59.906853173714026,2.6647674530264718,January-2026
Y61,RM1,NORFOLK AND NORWICH UNIVERSITY HOSPITALS NHS FOUNDATION TRUST,137898,80702,5248,58.52296625041697,3.805711467896561,January-2026
Y61,RQW,THE PRINCESS ALEXANDRA HOSPITAL NHS TRUST,80330,44986,3318,56.00149383791858,4.13046184488983,January-2026
Y61,RT1,CAMBRIDGESHIRE AND PETERBOROUGH NHS FOUNDATION TRUST,640,240,34,37.5,5.3125,January-2026
Y61,RWG,WEST HERTFORDSHIRE TEACHING HOSPITALS NHS TRUST,90132,58380,1774,64.77166821994408,1.9682243820174854,January-2026
Y61,RWH,EAST AND NORTH HERTFORDSHIRE TEACHING NHS TRUST,106222,71396,950,67.21394814633503,0.894353335467229,January-2026
Y62,R0A,MANCHESTER UNIVERSITY NHS FOUNDATION TRUST,349112,200946,6116,57.559178716285885,1.7518733243199889,January-2026
Y62,RBL,WIRRAL UNIVERSITY TEACHING HOSPITAL NHS FOUNDATION TRUST,92956,55076,1980,59.249537415551444,2.130040018933689,January-2026
Y62,RBN,MERSEY AND WEST LANCASHIRE TEACHING HOSPITALS NHS TRUST,145494,89808,2910,61.72625675285579,2.0000824776279433,January-2026
Y62,RBQ,LIVERPOOL HEART AND CHEST HOSPITAL NHS FOUNDATION TRUST,10104,8060,64,79.77038796516231,0.6334125098970704,January-2026
Y62,RBS,ALDER HEY CHILDREN'S NHS FOUNDATION TRUST,33070,20518,472,62.04414877532507,1.4272754762624735,January-2026
Y62,RBT,MID CHESHIRE HOSPITALS NHS FOUNDATION TRUST,74790,40826,1600,54.587511699425065,2.1393234389624283,January-2026
Y62,RBV,THE CHRISTIE NHS FOUNDATION TRUST,6874,6704,4,97.52691300552809,0.05819028222286878,January-2026
Y62,REM,LIVERPOOL UNIVERSITY HOSPITALS NHS FOUNDATION TRUST,126222,70074,1946,55.516470979702426,1.541728066422652,January-2026
Y62,REN,THE CLATTERBRIDGE CANCER CENTRE NHS FOUNDATION TRUST,1930,1850,0,95.85492227979275,0.0,January-2026
Y62,REP,LIVERPOOL WOMEN'S NHS FOUNDATION TRUST,26916,13172,1796,48.93743498290979,6.672611086342696,January-2026
Y62,RET,THE WALTON CENTRE NHS FOUNDATION TRUST,26182,16794,226,64.14330456038499,0.8631884500802078,January-2026
Y62,RJN,EAST CHESHIRE NHS TRUST,39576,19844,1106,50.14149989892864,2.794623003840712,January-2026
Y62,RJR,COUNTESS OF CHESTER HOSPITAL NHS FOUNDATION TRUST,59646,32892,2150,55.145357609898404,3.6046004761425747,January-2026
Y62,RM3,NORTHERN CARE ALLIANCE NHS FOUNDATION TRUST,268220,140436,8838,52.35851166952502,3.29505629706957,January-2026
Y62,RMC,BOLTON NHS FOUNDATION TRUST,77672,44668,1392,57.5084972705737,1.7921516119064784,January-2026
Y62,RMP,TAMESIDE AND GLOSSOP INTEGRATED CARE NHS FOUNDATION TRUST,33968,24912,0,73.33961375412153,0.0,January-2026
Y62,RRF,"WRIGHTINGTON, WIGAN AND LEIGH TEACHING HOSPITALS NHS FOUNDATION TRUST",91080,52836,2210,58.01054018445323,2.4264382960035134,January-2026
Y62,RTX,UNIVERSITY HOSPITALS OF MORECAMBE BAY NHS FOUNDATION TRUST,70738,47664,1046,67.38103989369222,1.4786960332494559,January-2026
Y62,RW4,MERSEY CARE NHS FOUNDATION TRUST,104,100,0,96.15384615384616,0.0,January-2026
Y62,RW5,LANCASHIRE & SOUTH CUMBRIA NHS FOUNDATION TRUST,7184,6850,0,95.35077951002228,0.0,January-2026
Y62,RWJ,STOCKPORT NHS FOUNDATION TRUST,68638,40882,912,59.561758792505614,1.328710043998951,January-2026
Y62,RWW,WARRINGTON AND HALTON TEACHING HOSPITALS NHS FOUNDATION TRUST,66492,40888,1714,61.493111953317694,2.5777537147325993,January-2026
Y62,RXL,BLACKPOOL TEACHING HOSPITALS NHS FOUNDATION TRUST,84514,48308,2022,57.1597605130511,2.3925030172515798,January-2026
Y62,RXN,LANCASHIRE TEACHING HOSPITALS NHS FOUNDATION TRUST,126640,67366,3168,53.19488313329121,2.5015792798483893,January-2026
Y62,RXR,EAST LANCASHIRE HOSPITALS NHS TRUST,102950,65622,1352,63.74162214667314,1.3132588635259834,January-2026
Y63,R0B,SOUTH TYNESIDE AND SUNDERLAND NHS FOUNDATION TRUST,114510,85832,16,74.95589904811807,0.013972578814077373,January-2026
Y63,RAE,BRADFORD TEACHING HOSPITALS NHS FOUNDATION TRUST,63216,40528,140,64.11035180966844,0.2214629207795495,January-2026
Y63,RCB,YORK AND SCARBOROUGH TEACHING HOSPITALS NHS FOUNDATION TRUST,113536,61400,2622,54.07976324689966,2.3093996617812853,January-2026
Y63,RCD,HARROGATE AND DISTRICT NHS FOUNDATION TRUST,38672,28450,6,73.56743897393463,0.015515101365328922,January-2026
Y63,RCF,AIREDALE NHS FOUNDATION TRUST,28876,20512,132,71.03476935863694,0.4571270259038648,January-2026
Y63,RCU,SHEFFIELD CHILDREN'S NHS FOUNDATION TRUST,22852,15320,352,67.04008401890425,1.5403465779800456,January-2026
Y63,RFF,BARNSLEY HOSPITAL NHS FOUNDATION TRUST,44286,29776,278,67.23569525357901,0.6277378855620287,January-2026
Y63,RFR,THE ROTHERHAM NHS FOUNDATION TRUST,59322,39288,992,66.22838070193183,1.672229526988301,January-2026
Y63,RJL,NORTHERN LINCOLNSHIRE AND GOOLE NHS FOUNDATION TRUST,79288,46224,1860,58.298859852688935,2.345878317021491,January-2026
Y63,RNN,NORTH CUMBRIA INTEGRATED CARE NHS FOUNDATION TRUST,77030,43300,2034,56.211865506945344,2.6405296637673636,January-2026
Y63,RP5,DONCASTER AND BASSETLAW TEACHING HOSPITALS NHS FOUNDATION TRUST,103938,61802,2062,59.46044757451558,1.98387500240528,January-2026
Y63,RR7,GATESHEAD HEALTH NHS FOUNDATION TRUST,25156,17964,40,71.41039910955637,0.15900779138177773,January-2026
Y63,RR8,LEEDS TEACHING HOSPITALS NHS TRUST,173788,113828,2686,65.49819320091146,1.545561258544894,January-2026
Y63,RTD,THE NEWCASTLE UPON TYNE HOSPITALS NHS FOUNDATION TRUST,167558,118884,1856,70.95095429642274,1.1076761479607062,January-2026
Y63,RTF,NORTHUMBRIA HEALTHCARE NHS FOUNDATION TRUST,71458,57752,0,80.81950236502561,0.0,January-2026
Y63,RTR,SOUTH TEES HOSPITALS NHS FOUNDATION TRUST,111848,69370,1992,62.02167226950862,1.7809884843716473,January-2026
Y63,RVW,NORTH TEES AND HARTLEPOOL NHS FOUNDATION TRUST,43796,30982,500,70.74162023929127,1.1416567723079734,January-2026
Y63,RWA,HULL UNIVERSITY TEACHING HOSPITALS NHS TRUST,162674,89312,6314,54.902442922655126,3.8813823966952308,January-2026
Y63,RWY,CALDERDALE AND HUDDERSFIELD NHS FOUNDATION TRUST,70894,52816,42,74.49995768330183,0.059243377436736536,January-2026
Y63,RX4,"CUMBRIA, NORTHUMBERLAND, TYNE AND WEAR NHS FOUNDATION TRUST",352,350,0,99.43181818181817,0.0,January-2026
Y63,RXF,MID YORKSHIRE TEACHING NHS TRUST,108644,67860,368,62.46088141084643,0.33872096020028714,January-2026
Y63,RXG,SOUTH WEST YORKSHIRE PARTNERSHIP NHS FOUNDATION TRUST,8058,7736,0,96.00397120873666,0.0,January-2026
Y63,RXP,COUNTY DURHAM AND DARLINGTON NHS FOUNDATION TRUST,84244,55724,1558,66.14595698209962,1.8493898675276577,January-2026
Y63,TAD,BRADFORD DISTRICT CARE NHS FOUNDATION TRUST,1332,908,30,68.16816816816817,2.2522522522522523,January-2026
Y56,R1H,BARTS HEALTH NHS TRUST,256474,151118,3626,58.92137214688429,1.4137885321709023,February-2026
Y56,R1K,LONDON NORTH WEST UNIVERSITY HEALTHCARE NHS TRUST,166978,103102,2330,61.74585873588138,1.3953934051192374,February-2026
Y56,RAL,ROYAL FREE LONDON NHS FOUNDATION TRUST,279816,170138,4788,60.80352803270721,1.7111244532121108,February-2026
Y56,RAN,ROYAL NATIONAL ORTHOPAEDIC HOSPITAL NHS TRUST,18250,13064,30,71.58356164383561,0.16438356164383564,February-2026
Y56,RAS,THE HILLINGDON HOSPITALS NHS FOUNDATION TRUST,66772,40836,406,61.157371353261844,0.6080392979093032,February-2026
Y56,RAX,KINGSTON AND RICHMOND NHS FOUNDATION TRUST,88316,53144,792,60.174826758458266,0.8967797454594864,February-2026
Y56,RF4,"BARKING, HAVERING AND REDBRIDGE UNIVERSITY HOSPITALS NHS TRUST",139830,89852,1668,64.25802760494886,1.1928770650075091,February-2026
Y56,RJ1,GUY'S AND ST THOMAS' NHS FOUNDATION TRUST,213856,144018,1934,67.34344605715997,0.9043468502169685,February-2026
Y56,RJ2,LEWISHAM AND GREENWICH NHS TRUST,109832,68148,2026,62.04749071308908,1.844635443222376,February-2026
Y56,RJ6,CROYDON HEALTH SERVICES NHS TRUST,69512,46128,1170,66.3597652203936,1.683162619403844,February-2026
Y56,RJ7,ST GEORGE'S UNIVERSITY HOSPITALS NHS FOUNDATION TRUST,136112,84654,1456,62.194369342894085,1.0697072998706947,February-2026
Y56,RJZ,KING'S COLLEGE HOSPITAL NHS FOUNDATION TRUST,167714,107776,3174,64.26177898088412,1.8925074829769728,February-2026
Y56,RKE,WHITTINGTON HEALTH NHS TRUST,50190,30884,432,61.53417015341701,0.8607292289300658,February-2026
Y56,RP4,GREAT ORMOND STREET HOSPITAL FOR CHILDREN NHS FOUNDATION TRUST,16896,12366,410,73.18892045454545,2.4266098484848486,February-2026
Y56,RP6,MOORFIELDS EYE HOSPITAL NHS FOUNDATION TRUST,69604,58654,60,84.2681455088788,0.08620194241710247,February-2026
Y56,RPG,OXLEAS NHS FOUNDATION TRUST,5588,2662,1046,47.63779527559055,18.71868289191124,February-2026
Y56,RPY,THE ROYAL MARSDEN NHS FOUNDATION TRUST,3938,3716,4,94.36262061960386,0.10157440325038089,February-2026
Y56,RQM,CHELSEA AND WESTMINSTER HOSPITAL NHS FOUNDATION TRUST,149408,94828,2322,63.46915827800386,1.5541336474619833,February-2026
Y56,RQX,HOMERTON HEALTHCARE NHS FOUNDATION TRUST,50342,37094,456,73.68400143021732,0.9058042985975925,February-2026
Y56,RRV,UNIVERSITY COLLEGE LONDON HOSPITALS NHS FOUNDATION TRUST,150642,93026,2098,61.75303036337807,1.392705885476826,February-2026
Y56,RVR,EPSOM AND ST HELIER UNIVERSITY HOSPITALS NHS TRUST,120526,76300,1342,63.30584272273202,1.113452699002705,February-2026
Y56,RYJ,IMPERIAL COLLEGE HEALTHCARE NHS TRUST,174746,116772,610,66.82384718391265,0.34907809048561916,February-2026
Y58,R0D,UNIVERSITY HOSPITALS DORSET NHS FOUNDATION TRUST,132224,84376,2508,63.81292352371732,1.8967812197483058,February-2026
Y58,RA7,UNIVERSITY HOSPITALS BRISTOL AND WESTON NHS FOUNDATION TRUST,99672,67254,778,67.47531904647242,0.78056023757926,February-2026
Y58,RA9,TORBAY AND SOUTH DEVON NHS FOUNDATION TRUST,67202,44880,1190,66.78372667480134,1.7707806315288237,February-2026
Y58,RBD,DORSET COUNTY HOSPITAL NHS FOUNDATION TRUST,42268,25782,646,60.996498533169294,1.5283429544809313,February-2026
Y58,RD1,ROYAL UNITED HOSPITALS BATH NHS FOUNDATION TRUST,80604,53378,652,66.22251997419482,0.8088928589151902,February-2026
Y58,REF,ROYAL CORNWALL HOSPITALS NHS TRUST,81678,58996,548,72.22997624819413,0.670927299884914,February-2026
Y58,RH5,SOMERSET NHS FOUNDATION TRUST,105934,66806,2218,63.06379443804633,2.0937564898899317,February-2026
Y58,RH8,ROYAL DEVON UNIVERSITY HEALTHCARE NHS FOUNDATION TRUST,144050,89412,3252,62.07011454356126,2.257549461992364,February-2026
Y58,RJ8,CORNWALL PARTNERSHIP NHS FOUNDATION TRUST,1356,1344,0,99.11504424778761,0.0,February-2026
Y58,RK9,UNIVERSITY HOSPITALS PLYMOUTH NHS TRUST,94708,59308,1914,62.621953794821984,2.020948599907083,February-2026
Y58,RN3,GREAT WESTERN HOSPITALS NHS FOUNDATION TRUST,88554,50760,1556,57.32095670438376,1.7571199494093999,February-2026
Y58,RNZ,SALISBURY NHS FOUNDATION TRUST,59898,42148,232,70.36628935857625,0.38732511936959496,February-2026
Y58,RTE,GLOUCESTERSHIRE HOSPITALS NHS FOUNDATION TRUST,134524,96512,24,71.74333204483958,0.017840682703458118,February-2026
Y58,RVJ,NORTH BRISTOL NHS TRUST,82386,55936,128,67.89503070910105,0.1553662029956546,February-2026
Y59,R1F,ISLE OF WIGHT NHS TRUST,26158,15970,146,61.052068200932794,0.558146647297194,February-2026
Y59,RA2,ROYAL SURREY NHS FOUNDATION TRUST,60024,37194,1024,61.96521391443422,1.7059842729574837,February-2026
Y59,RDR,SUSSEX COMMUNITY NHS FOUNDATION TRUST,26004,14134,576,54.35317643439471,2.2150438394093217,February-2026
Y59,RDU,FRIMLEY HEALTH NHS FOUNDATION TRUST,132284,76266,2078,57.653230927398624,1.570862689365305,February-2026
Y59,RHM,UNIVERSITY HOSPITAL SOUTHAMPTON NHS FOUNDATION TRUST,125404,76448,2970,60.961372842971514,2.368345507320341,February-2026
Y59,RHU,PORTSMOUTH HOSPITALS UNIVERSITY NHS TRUST,113420,65064,4164,57.36554399576794,3.6713101745723855,February-2026
Y59,RHW,ROYAL BERKSHIRE NHS FOUNDATION TRUST,69534,57166,76,82.21301809186873,0.10929904794776656,February-2026
Y59,RN5,HAMPSHIRE HOSPITALS NHS FOUNDATION TRUST,100152,59116,2870,59.02628005431744,2.8656442207844077,February-2026
Y59,RN7,DARTFORD AND GRAVESHAM NHS TRUST,61438,36276,1590,59.044890784205215,2.5879748689735993,February-2026
Y59,RPA,MEDWAY NHS FOUNDATION TRUST,69548,41444,448,59.590498648415476,0.644159429458791,February-2026
Y59,RPC,QUEEN VICTORIA HOSPITAL NHS FOUNDATION TRUST,40050,24366,510,60.838951310861425,1.2734082397003745,February-2026
Y59,RTH,OXFORD UNIVERSITY HOSPITALS NHS FOUNDATION TRUST,173866,105360,3786,60.59839186499948,2.177539024306075,February-2026
Y59,RTK,ASHFORD AND ST PETER'S HOSPITALS NHS FOUNDATION TRUST,99264,60112,1242,60.55770470664088,1.2512088974854931,February-2026
Y59,RTP,SURREY AND SUSSEX HEALTHCARE NHS TRUST,94910,61674,1392,64.98156147929618,1.46665261826994,February-2026
Y59,RVV,EAST KENT HOSPITALS UNIVERSITY NHS FOUNDATION TRUST,147750,75816,4032,51.313705583756345,2.728934010152284,February-2026
Y59,RW1,HAMPSHIRE AND ISLE OF WIGHT HEALTHCARE NHS FOUNDATION TRUST,8850,8194,0,92.58757062146893,0.0,February-2026
Y59,RWF,MAIDSTONE AND TUNBRIDGE WELLS NHS TRUST,100414,70876,74,70.58378313780946,0.07369490310116118,February-2026
Y59,RWX,BERKSHIRE HEALTHCARE NHS FOUNDATION TRUST,188,188,0,100.0,0.0,February-2026
Y59,RXC,EAST SUSSEX HEALTHCARE NHS TRUST,119448,76166,1194,63.76498560042864,0.9995981514968857,February-2026
Y59,RXQ,BUCKINGHAMSHIRE HEALTHCARE NHS TRUST,92152,57680,900,62.592238909627575,0.9766472784095842,February-2026
Y59,RYR,UNIVERSITY HOSPITALS SUSSEX NHS FOUNDATION TRUST,228106,119056,9506,52.19327856347488,4.167360788405391,February-2026
Y59,RYY,KENT COMMUNITY HEALTH NHS FOUNDATION TRUST,8252,8244,0,99.90305380513816,0.0,February-2026
Y60,R1A,HEREFORDSHIRE AND WORCESTERSHIRE HEALTH AND CARE NHS TRUST,86,62,0,72.09302325581395,0.0,February-2026
Y60,R1D,SHROPSHIRE COMMUNITY HEALTH NHS TRUST,15096,12538,2,83.05511393746687,0.013248542660307366,February-2026
Y60,RBK,WALSALL HEALTHCARE NHS TRUST,57054,40408,36,70.82413152452062,0.06309811757282574,February-2026
Y60,RFS,CHESTERFIELD ROYAL HOSPITAL NHS FOUNDATION TRUST,55258,31648,2278,57.2731550182779,4.122480002895508,February-2026
Y60,RJC,SOUTH WARWICKSHIRE UNIVERSITY NHS FOUNDATION TRUST,60234,40162,666,66.67662781817579,1.1056878175117044,February-2026
Y60,RJE,UNIVERSITY HOSPITALS OF NORTH MIDLANDS NHS TRUST,129100,79604,2730,61.66072811773818,2.1146398140975986,February-2026
Y60,RK5,SHERWOOD FOREST HOSPITALS NHS FOUNDATION TRUST,68702,41848,744,60.91234607435009,1.0829379057378243,February-2026
Y60,RKB,UNIVERSITY HOSPITALS COVENTRY AND WARWICKSHIRE NHS TRUST,141626,81824,3674,57.774702385155265,2.594156440201658,February-2026
Y60,RL1,THE ROBERT JONES AND AGNES HUNT ORTHOPAEDIC HOSPITAL NHS FOUNDATION TRUST,31112,17462,966,56.126253535613266,3.104911288248907,February-2026
Y60,RL4,THE ROYAL WOLVERHAMPTON NHS TRUST,155116,88582,4042,57.10693932282936,2.605791794527966,February-2026
Y60,RLQ,WYE VALLEY NHS TRUST,42966,28344,686,65.96844016198855,1.5966112740306289,February-2026
Y60,RLT,GEORGE ELIOT HOSPITAL NHS TRUST,39888,25606,398,64.19474528680304,0.99779382270357,February-2026
Y60,RNA,THE DUDLEY GROUP NHS FOUNDATION TRUST,93728,57098,64,60.918828951860704,0.06828269033799932,February-2026
Y60,RNQ,KETTERING GENERAL HOSPITAL NHS FOUNDATION TRUST,48096,30050,410,62.47920825016633,0.852461743180306,February-2026
Y60,RNS,NORTHAMPTON GENERAL HOSPITAL NHS TRUST,85074,50952,1260,59.891388673390225,1.4810635446787501,February-2026
Y60,RP7,LINCOLNSHIRE PARTNERSHIP NHS FOUNDATION TRUST,32,28,0,87.5,0.0,February-2026
Y60,RQ3,BIRMINGHAM WOMEN'S AND CHILDREN'S NHS FOUNDATION TRUST,43066,25336,346,58.830632053127765,0.8034180095667115,February-2026
Y60,RRE,MIDLANDS PARTNERSHIP UNIVERSITY NHS FOUNDATION TRUST,17186,16068,0,93.4947049924357,0.0,February-2026
Y60,RRJ,THE ROYAL ORTHOPAEDIC HOSPITAL NHS FOUNDATION TRUST,25606,16148,208,63.06334452862611,0.8123096149339999,February-2026
Y60,RRK,UNIVERSITY HOSPITALS BIRMINGHAM NHS FOUNDATION TRUST,182372,113994,1342,62.50630579255587,0.7358585747812164,February-2026
Y60,RTG,UNIVERSITY HOSPITALS OF DERBY AND BURTON NHS FOUNDATION TRUST,193682,111164,3818,57.395111574642975,1.9712724982187297,February-2026
Y60,RWD,UNITED LINCOLNSHIRE TEACHING HOSPITALS NHS TRUST,138102,77800,928,56.335172553619785,0.6719670967835368,February-2026
Y60,RWE,UNIVERSITY HOSPITALS OF LEICESTER NHS TRUST,234850,130732,5006,55.666169895678095,2.131573344688099,February-2026
Y60,RWP,WORCESTERSHIRE ACUTE HOSPITALS NHS TRUST,111346,65338,1580,58.68015016255635,1.4190002335063674,February-2026
Y60,RX1,NOTTINGHAM UNIVERSITY HOSPITALS NHS TRUST,183440,103028,4376,56.164413432184915,2.385521151330135,February-2026
Y60,RXK,SANDWELL AND WEST BIRMINGHAM HOSPITALS NHS TRUST,133744,78128,1246,58.416078478286884,0.9316305778203134,February-2026
Y60,RXW,THE SHREWSBURY AND TELFORD HOSPITAL NHS TRUST,66718,42120,94,63.13138883060043,0.14089151353457838,February-2026
Y60,RYW,BIRMINGHAM COMMUNITY HEALTHCARE NHS FOUNDATION TRUST,29634,20364,20,68.7183640413039,0.0674900452183303,February-2026
Y61,RAJ,MID AND SOUTH ESSEX NHS FOUNDATION TRUST,353712,178384,25242,50.43198986746279,7.136314289591532,February-2026
Y61,RC9,BEDFORDSHIRE HOSPITALS NHS FOUNDATION TRUST,168864,102394,1910,60.636962289179465,1.1310877392457837,February-2026
Y61,RCX,"THE QUEEN ELIZABETH HOSPITAL, KING'S LYNN, NHS FOUNDATION TRUST",50690,27408,692,54.069836259617276,1.3651607812191755,February-2026
Y61,RD8,MILTON KEYNES UNIVERSITY HOSPITAL NHS FOUNDATION TRUST,70224,40626,2560,57.85201640464799,3.6454773296878558,February-2026
Y61,RDE,EAST SUFFOLK AND NORTH ESSEX NHS FOUNDATION TRUST,178504,102010,2586,57.14717877470533,1.4487070317751984,February-2026
Y61,RGM,ROYAL PAPWORTH HOSPITAL NHS FOUNDATION TRUST,10942,8284,46,75.70828002193383,0.42039846463169434,February-2026
Y61,RGN,NORTH WEST ANGLIA NHS FOUNDATION TRUST,156342,92810,1132,59.36344680252268,0.7240536771948677,February-2026
Y61,RGP,JAMES PAGET UNIVERSITY HOSPITALS NHS FOUNDATION TRUST,66240,35748,3246,53.96739130434782,4.900362318840579,February-2026
Y61,RGR,WEST SUFFOLK NHS FOUNDATION TRUST,62186,39106,1218,62.88553693757437,1.958640208407037,February-2026
Y61,RGT,CAMBRIDGE UNIVERSITY HOSPITALS NHS FOUNDATION TRUST,122176,74330,2820,60.83846254583551,2.3081456259821898,February-2026
Y61,RM1,NORFOLK AND NORWICH UNIVERSITY HOSPITALS NHS FOUNDATION TRUST,132842,82302,3948,61.954803450715886,2.971951641800033,February-2026
Y61,RQW,THE PRINCESS ALEXANDRA HOSPITAL NHS TRUST,77468,44810,2564,57.84323849847679,3.3097537047555123,February-2026
Y61,RT1,CAMBRIDGESHIRE AND PETERBOROUGH NHS FOUNDATION TRUST,550,210,6,38.18181818181819,1.090909090909091,February-2026
Y61,RWG,WEST HERTFORDSHIRE TEACHING HOSPITALS NHS TRUST,89396,59162,1416,66.17969484093248,1.5839634882992528,February-2026
Y61,RWH,EAST AND NORTH HERTFORDSHIRE TEACHING NHS TRUST,107530,72858,866,67.75597507672278,0.8053566446573049,February-2026
Y62,R0A,MANCHESTER UNIVERSITY NHS FOUNDATION TRUST,342814,205680,4820,59.99754969166954,1.4060102562905832,February-2026
Y62,RBL,WIRRAL UNIVERSITY TEACHING HOSPITAL NHS FOUNDATION TRUST,92394,55246,1956,59.79392601251163,2.1170205857523214,February-2026
Y62,RBN,MERSEY AND WEST LANCASHIRE TEACHING HOSPITALS NHS TRUST,149110,94584,2566,63.43236536784924,1.7208772047481724,February-2026
Y62,RBQ,LIVERPOOL HEART AND CHEST HOSPITAL NHS FOUNDATION TRUST,10490,8348,64,79.58055290753097,0.6101048617731172,February-2026
Y62,RBS,ALDER HEY CHILDREN'S NHS FOUNDATION TRUST,31998,20358,464,63.62272642040128,1.4500906306644166,February-2026
Y62,RBT,MID CHESHIRE HOSPITALS NHS FOUNDATION TRUST,69088,39558,1254,57.257410838351085,1.8150764242704958,February-2026
Y62,RBV,THE CHRISTIE NHS FOUNDATION TRUST,6496,6306,0,97.07512315270937,0.0,February-2026
Y62,REM,LIVERPOOL UNIVERSITY HOSPITALS NHS FOUNDATION TRUST,123692,71200,1748,57.562332244607575,1.4131875949940174,February-2026
Y62,REN,THE CLATTERBRIDGE CANCER CENTRE NHS FOUNDATION TRUST,1538,1470,0,95.57867360208063,0.0,February-2026
Y62,REP,LIVERPOOL WOMEN'S NHS FOUNDATION TRUST,26274,13374,1022,50.90203242749486,3.889776965821725,February-2026
Y62,RET,THE WALTON CENTRE NHS FOUNDATION TRUST,25706,16690,220,64.9264763090329,0.8558313234264373,February-2026
Y62,RJN,EAST CHESHIRE NHS TRUST,38890,22594,1082,58.097197222936494,2.782206222679352,February-2026
Y62,RJR,COUNTESS OF CHESTER HOSPITAL NHS FOUNDATION TRUST,59278,34592,1908,58.35554505887514,3.2187320759809714,February-2026
Y62,RM3,NORTHERN CARE ALLIANCE NHS FOUNDATION TRUST,261206,141994,9130,54.36092585928348,3.495325528510065,February-2026
Y62,RMC,BOLTON NHS FOUNDATION TRUST,74738,44724,1086,59.84104471620862,1.453076079103,February-2026
Y62,RMP,TAMESIDE AND GLOSSOP INTEGRATED CARE NHS FOUNDATION TRUST,32800,24490,0,74.66463414634147,0.0,February-2026
Y62,RRF,"WRIGHTINGTON, WIGAN AND LEIGH TEACHING HOSPITALS NHS FOUNDATION TRUST",88764,52412,2110,59.04646027668875,2.3770898111847143,February-2026
Y62,RTX,UNIVERSITY HOSPITALS OF MORECAMBE BAY NHS FOUNDATION TRUST,69572,46720,1140,67.15345253837751,1.6385902374518484,February-2026
Y62,RW4,MERSEY CARE NHS FOUNDATION TRUST,98,94,0,95.91836734693877,0.0,February-2026
Y62,RW5,LANCASHIRE & SOUTH CUMBRIA NHS FOUNDATION TRUST,7256,6904,0,95.14884233737597,0.0,February-2026
Y62,RWJ,STOCKPORT NHS FOUNDATION TRUST,68548,41220,692,60.13304545719787,1.009511583124234,February-2026
Y62,RWW,WARRINGTON AND HALTON TEACHING HOSPITALS NHS FOUNDATION TRUST,67378,42458,1124,63.01463385674849,1.66820030276945,February-2026
Y62,RXL,BLACKPOOL TEACHING HOSPITALS NHS FOUNDATION TRUST,85924,49168,1954,57.222661887249195,2.274102695405242,February-2026
Y62,RXN,LANCASHIRE TEACHING HOSPITALS NHS FOUNDATION TRUST,128186,71444,2642,55.734635607632654,2.061067511272682,February-2026
Y62,RXR,EAST LANCASHIRE HOSPITALS NHS TRUST,100664,65208,1210,64.77787491059365,1.202018596519113,February-2026
Y63,R0B,SOUTH TYNESIDE AND SUNDERLAND NHS FOUNDATION TRUST,114590,85966,12,75.02050789772231,0.010472117985862641,February-2026
Y63,RAE,BRADFORD TEACHING HOSPITALS NHS FOUNDATION TRUST,62522,40322,138,64.49249864047854,0.2207223057483766,February-2026
Y63,RCB,YORK AND SCARBOROUGH TEACHING HOSPITALS NHS FOUNDATION TRUST,113278,61984,2506,54.71848019915606,2.212256572326489,February-2026
Y63,RCD,HARROGATE AND DISTRICT NHS FOUNDATION TRUST,39742,29638,34,74.57601529867647,0.08555180916914096,February-2026
Y63,RCF,AIREDALE NHS FOUNDATION TRUST,29206,21204,150,72.60152023556803,0.5135930973087722,February-2026
Y63,RCU,SHEFFIELD CHILDREN'S NHS FOUNDATION TRUST,22138,15376,312,69.45523534194598,1.40934140392086,February-2026
Y63,RFF,BARNSLEY HOSPITAL NHS FOUNDATION TRUST,43800,29824,256,68.09132420091323,0.5844748858447488,February-2026
Y63,RFR,THE ROTHERHAM NHS FOUNDATION TRUST,58176,39402,888,67.72896039603961,1.5264026402640265,February-2026
Y63,RJL,NORTHERN LINCOLNSHIRE AND GOOLE NHS FOUNDATION TRUST,78886,46918,1746,59.47569911010826,2.213320487792511,February-2026
Y63,RNN,NORTH CUMBRIA INTEGRATED CARE NHS FOUNDATION TRUST,76118,43964,1894,57.7576920045193,2.4882419401455635,February-2026
Y63,RP5,DONCASTER AND BASSETLAW TEACHING HOSPITALS NHS FOUNDATION TRUST,103806,62368,2138,60.08130551220546,2.059611197811302,February-2026
Y63,RR7,GATESHEAD HEALTH NHS FOUNDATION TRUST,24614,17620,52,71.58527667181279,0.21126188348094582,February-2026
Y63,RR8,LEEDS TEACHING HOSPITALS NHS TRUST,171476,113010,2610,65.90426648627214,1.5220788915066832,February-2026
Y63,RTD,THE NEWCASTLE UPON TYNE HOSPITALS NHS FOUNDATION TRUST,163766,116232,1552,70.97443913877117,0.9476936604667635,February-2026
Y63,RTF,NORTHUMBRIA HEALTHCARE NHS FOUNDATION TRUST,72286,58936,0,81.53169355061837,0.0,February-2026
Y63,RTR,SOUTH TEES HOSPITALS NHS FOUNDATION TRUST,110744,69788,1830,63.01740952105758,1.6524597269378025,February-2026
Y63,RVW,NORTH TEES AND HARTLEPOOL NHS FOUNDATION TRUST,44282,31064,500,70.1503997109435,1.129126959035274,February-2026
Y63,RWA,HULL UNIVERSITY TEACHING HOSPITALS NHS TRUST,162638,88772,6220,54.58256987911804,3.8244444717716646,February-2026
Y63,RWY,CALDERDALE AND HUDDERSFIELD NHS FOUNDATION TRUST,71240,53198,32,74.67434025828187,0.044918585064570464,February-2026
Y63,RX4,"CUMBRIA, NORTHUMBERLAND, TYNE AND WEAR NHS FOUNDATION TRUST",366,362,0,98.90710382513662,0.0,February-2026
Y63,RXF,MID YORKSHIRE TEACHING NHS TRUST,107570,68844,484,63.99925629822442,0.4499395742307335,February-2026
Y63,RXG,SOUTH WEST YORKSHIRE PARTNERSHIP NHS FOUNDATION TRUST,8254,7892,0,95.61424763750908,0.0,February-2026
Y63,RXP,COUNTY DURHAM AND DARLINGTON NHS FOUNDATION TRUST,84588,54800,1342,64.7846030169764,1.5865134534449332,February-2026
Y63,TAD,BRADFORD DISTRICT CARE NHS FOUNDATION TRUST,1232,824,28,66.88311688311688,2.272727272727273,February-2026
Y56,R1H,BARTS HEALTH NHS TRUST,242860,151586,2014,62.417030387877794,0.8292843613604545,March-2026
Y56,R1K,LONDON NORTH WEST UNIVERSITY HEALTHCARE NHS TRUST,163514,104708,1554,64.03610700001224,0.9503773377203175,March-2026
Y56,RAL,ROYAL FREE LONDON NHS FOUNDATION TRUST,266618,173034,2662,64.8995941759371,0.9984322138790328,March-2026
Y56,RAN,ROYAL NATIONAL ORTHOPAEDIC HOSPITAL NHS TRUST,18064,13008,26,72.01062887511071,0.14393268379096547,March-2026
Y56,RAS,THE HILLINGDON HOSPITALS NHS FOUNDATION TRUST,65970,42040,200,63.725936031529486,0.3031681067151736,March-2026
Y56,RAX,KINGSTON AND RICHMOND NHS FOUNDATION TRUST,87722,59726,556,68.08554296527667,0.6338204783292675,March-2026
Y56,RF4,"BARKING, HAVERING AND REDBRIDGE UNIVERSITY HOSPITALS NHS TRUST",137742,90920,1724,66.00746322835445,1.2516153388218554,March-2026
Y56,RJ1,GUY'S AND ST THOMAS' NHS FOUNDATION TRUST,211184,144570,1548,68.45689067353588,0.7330100765209485,March-2026
Y56,RJ2,LEWISHAM AND GREENWICH NHS TRUST,110588,71776,1678,64.90396788078272,1.517343653922668,March-2026
Y56,RJ6,CROYDON HEALTH SERVICES NHS TRUST,64654,45914,560,71.01494107093141,0.866149039502583,March-2026
Y56,RJ7,ST GEORGE'S UNIVERSITY HOSPITALS NHS FOUNDATION TRUST,133960,84906,854,63.38160644968648,0.6375037324574501,March-2026
Y56,RJZ,KING'S COLLEGE HOSPITAL NHS FOUNDATION TRUST,167784,111374,2252,66.3793925523292,1.3422018786058265,March-2026
Y56,RKE,WHITTINGTON HEALTH NHS TRUST,43638,31162,152,71.41023878271231,0.3483202713231587,March-2026
Y56,RP4,GREAT ORMOND STREET HOSPITAL FOR CHILDREN NHS FOUNDATION TRUST,16934,12528,388,73.98133931734972,2.2912483760481868,March-2026
Y56,RP6,MOORFIELDS EYE HOSPITAL NHS FOUNDATION TRUST,75310,64620,24,85.80533793652901,0.03186827778515469,March-2026
Y56,RPG,OXLEAS NHS FOUNDATION TRUST,4158,2318,624,55.74795574795574,15.007215007215008,March-2026
Y56,RPY,THE ROYAL MARSDEN NHS FOUNDATION TRUST,3924,3716,4,94.69928644240571,0.10193679918450561,March-2026
Y56,RQM,CHELSEA AND WESTMINSTER HOSPITAL NHS FOUNDATION TRUST,151202,99766,1916,65.98193145593312,1.2671790055687093,March-2026
Y56,RQX,HOMERTON HEALTHCARE NHS FOUNDATION TRUST,52564,40242,350,76.5581006011719,0.6658549577657712,March-2026
Y56,RRV,UNIVERSITY COLLEGE LONDON HOSPITALS NHS FOUNDATION TRUST,148612,93970,2232,63.23177132398461,1.501897558743574,March-2026
Y56,RVR,EPSOM AND ST HELIER UNIVERSITY HOSPITALS NHS TRUST,116388,77436,912,66.53263223012682,0.7835859366945046,March-2026
Y56,RYJ,IMPERIAL COLLEGE HEALTHCARE NHS TRUST,167756,115938,192,69.11108991630702,0.11445194210639262,March-2026
Y58,R0D,UNIVERSITY HOSPITALS DORSET NHS FOUNDATION TRUST,132996,89802,1262,67.52233149869168,0.9489007188186112,March-2026
Y58,RA7,UNIVERSITY HOSPITALS BRISTOL AND WESTON NHS FOUNDATION TRUST,99248,67524,622,68.03562792197324,0.626712880864098,March-2026
Y58,RA9,TORBAY AND SOUTH DEVON NHS FOUNDATION TRUST,66946,44444,1192,66.38783497146954,1.7805395393302064,March-2026
Y58,RBD,DORSET COUNTY HOSPITAL NHS FOUNDATION TRUST,42984,26954,486,62.707053787455806,1.1306532663316584,March-2026
Y58,RD1,ROYAL UNITED HOSPITALS BATH NHS FOUNDATION TRUST,78152,54030,428,69.13450711434128,0.5476507319070529,March-2026
Y58,REF,ROYAL CORNWALL HOSPITALS NHS TRUST,83712,61652,498,73.64774464831805,0.5948967889908257,March-2026
Y58,RH5,SOMERSET NHS FOUNDATION TRUST,104568,68398,2054,65.41006808966414,1.9642720526356054,March-2026
Y58,RH8,ROYAL DEVON UNIVERSITY HEALTHCARE NHS FOUNDATION TRUST,141388,88754,2504,62.77336124706482,1.7710130987071038,March-2026
Y58,RJ8,CORNWALL PARTNERSHIP NHS FOUNDATION TRUST,1298,1270,0,97.84283513097073,0.0,March-2026
Y58,RK9,UNIVERSITY HOSPITALS PLYMOUTH NHS TRUST,91414,59954,1260,65.58514013170849,1.3783446736823681,March-2026
Y58,RN3,GREAT WESTERN HOSPITALS NHS FOUNDATION TRUST,85294,49236,1574,57.72504513799329,1.8453818556991113,March-2026
Y58,RNZ,SALISBURY NHS FOUNDATION TRUST,60674,43474,52,71.6517783564624,0.08570392589906714,March-2026
Y58,RTE,GLOUCESTERSHIRE HOSPITALS NHS FOUNDATION TRUST,134076,99952,12,74.54876338792923,0.008950147677436678,March-2026
Y58,RVJ,NORTH BRISTOL NHS TRUST,78350,55424,74,70.73899170389278,0.09444798978940651,March-2026
Y59,R1F,ISLE OF WIGHT NHS TRUST,26438,16714,92,63.21960813979878,0.34798396247825103,March-2026
Y59,RA2,ROYAL SURREY NHS FOUNDATION TRUST,60662,39124,766,64.49507104942138,1.2627344960601365,March-2026
Y59,RDR,SUSSEX COMMUNITY NHS FOUNDATION TRUST,26348,14630,238,55.5260361317747,0.9032943676939427,March-2026
Y59,RDU,FRIMLEY HEALTH NHS FOUNDATION TRUST,133666,81754,1208,61.162898568072656,0.9037451558361886,March-2026
Y59,RHM,UNIVERSITY HOSPITAL SOUTHAMPTON NHS FOUNDATION TRUST,119356,75796,2332,63.50413887864875,1.9538188277087036,March-2026
Y59,RHU,PORTSMOUTH HOSPITALS UNIVERSITY NHS TRUST,106832,65634,3818,61.436648195297295,3.5738355548899206,March-2026
Y59,RHW,ROYAL BERKSHIRE NHS FOUNDATION TRUST,69352,58106,72,83.78417349175223,0.10381820279155612,March-2026
Y59,RN5,HAMPSHIRE HOSPITALS NHS FOUNDATION TRUST,96974,62516,2496,64.46676428733475,2.573885783818343,March-2026
Y59,RN7,DARTFORD AND GRAVESHAM NHS TRUST,59140,36260,698,61.312140683124795,1.1802502536354413,March-2026
Y59,RPA,MEDWAY NHS FOUNDATION TRUST,68192,42300,570,62.030736743313,0.8358751759737212,March-2026
Y59,RPC,QUEEN VICTORIA HOSPITAL NHS FOUNDATION TRUST,41658,25764,452,61.84646406452542,1.085025685342551,March-2026
Y59,RTH,OXFORD UNIVERSITY HOSPITALS NHS FOUNDATION TRUST,176298,111078,3174,63.00581969165844,1.8003607528162542,March-2026
Y59,RTK,ASHFORD AND ST PETER'S HOSPITALS NHS FOUNDATION TRUST,101852,63054,1198,61.907473589129324,1.1762164709578604,March-2026
Y59,RTP,SURREY AND SUSSEX HEALTHCARE NHS TRUST,94524,63366,1242,67.03694299860354,1.313952012187381,March-2026
Y59,RVV,EAST KENT HOSPITALS UNIVERSITY NHS FOUNDATION TRUST,158414,89478,3696,56.48364412236292,2.3331271226028,March-2026
Y59,RW1,HAMPSHIRE AND ISLE OF WIGHT HEALTHCARE NHS FOUNDATION TRUST,8728,7902,0,90.53620531622364,0.0,March-2026
Y59,RWF,MAIDSTONE AND TUNBRIDGE WELLS NHS TRUST,92356,70248,48,76.06219411841137,0.051972800900861885,March-2026
Y59,RWX,BERKSHIRE HEALTHCARE NHS FOUNDATION TRUST,200,200,0,100.0,0.0,March-2026
Y59,RXC,EAST SUSSEX HEALTHCARE NHS TRUST,114674,76106,924,66.3672672096552,0.8057624221706752,March-2026
Y59,RXQ,BUCKINGHAMSHIRE HEALTHCARE NHS TRUST,91776,60182,116,65.5748779637378,0.12639470013947002,March-2026
Y59,RYR,UNIVERSITY HOSPITALS SUSSEX NHS FOUNDATION TRUST,225042,124012,7160,55.106157961624945,3.1816283182694782,March-2026
Y59,RYY,KENT COMMUNITY HEALTH NHS FOUNDATION TRUST,8782,8774,0,99.90890457754497,0.0,March-2026
Y60,R1A,HEREFORDSHIRE AND WORCESTERSHIRE HEALTH AND CARE NHS TRUST,80,72,0,90.0,0.0,March-2026
Y60,R1D,SHROPSHIRE COMMUNITY HEALTH NHS TRUST,16064,13054,0,81.26245019920319,0.0,March-2026
Y60,RBK,WALSALL HEALTHCARE NHS TRUST,54602,39964,4,73.19145818834475,0.007325738983920003,March-2026
Y60,RFS,CHESTERFIELD ROYAL HOSPITAL NHS FOUNDATION TRUST,54072,33442,1406,61.84716674064211,2.6002367214084927,March-2026
Y60,RJC,SOUTH WARWICKSHIRE UNIVERSITY NHS FOUNDATION TRUST,59410,40916,344,68.87056051169836,0.579027099814846,March-2026
Y60,RJE,UNIVERSITY HOSPITALS OF NORTH MIDLANDS NHS TRUST,130532,84500,2382,64.73508411730457,1.8248398860049642,March-2026
Y60,RK5,SHERWOOD FOREST HOSPITALS NHS FOUNDATION TRUST,66270,42170,714,63.63362003923344,1.0774105930285196,March-2026
Y60,RKB,UNIVERSITY HOSPITALS COVENTRY AND WARWICKSHIRE NHS TRUST,141914,84052,3238,59.227419423030845,2.281663542708965,March-2026
Y60,RL1,THE ROBERT JONES AND AGNES HUNT ORTHOPAEDIC HOSPITAL NHS FOUNDATION TRUST,28162,17502,508,62.14757474611178,1.803849158440452,March-2026
Y60,RL4,THE ROYAL WOLVERHAMPTON NHS TRUST,144552,87630,3276,60.62178316453595,2.266312468869334,March-2026
Y60,RLQ,WYE VALLEY NHS TRUST,42736,28964,296,67.77424185698241,0.6926244852115313,March-2026
Y60,RLT,GEORGE ELIOT HOSPITAL NHS TRUST,38236,25540,182,66.79568992572445,0.4759912124699236,March-2026
Y60,RNA,THE DUDLEY GROUP NHS FOUNDATION TRUST,91284,58442,38,64.02217256036107,0.04162832478857193,March-2026
Y60,RNQ,KETTERING GENERAL HOSPITAL NHS FOUNDATION TRUST,47340,30426,158,64.27122940430925,0.3337558090409802,March-2026
Y60,RNS,NORTHAMPTON GENERAL HOSPITAL NHS TRUST,79540,48614,940,61.11893386975107,1.1817953231078702,March-2026
Y60,RP7,LINCOLNSHIRE PARTNERSHIP NHS FOUNDATION TRUST,14,14,0,100.0,0.0,March-2026
Y60,RQ3,BIRMINGHAM WOMEN'S AND CHILDREN'S NHS FOUNDATION TRUST,43332,26912,260,62.10652635465706,0.6000184621065264,March-2026
Y60,RRE,MIDLANDS PARTNERSHIP UNIVERSITY NHS FOUNDATION TRUST,17906,16620,0,92.81804981570423,0.0,March-2026
Y60,RRJ,THE ROYAL ORTHOPAEDIC HOSPITAL NHS FOUNDATION TRUST,25040,16400,192,65.49520766773162,0.7667731629392971,March-2026
Y60,RRK,UNIVERSITY HOSPITALS BIRMINGHAM NHS FOUNDATION TRUST,178644,122508,794,68.57661046550682,0.44445937171133654,March-2026
Y60,RTG,UNIVERSITY HOSPITALS OF DERBY AND BURTON NHS FOUNDATION TRUST,186544,115378,3022,61.850287331675105,1.6199931383480575,March-2026
Y60,RWD,UNITED LINCOLNSHIRE TEACHING HOSPITALS NHS TRUST,135502,82422,852,60.827146462782835,0.6287730070404866,March-2026
Y60,RWE,UNIVERSITY HOSPITALS OF LEICESTER NHS TRUST,227914,134674,4586,59.089832129662945,2.01216248233983,March-2026
Y60,RWP,WORCESTERSHIRE ACUTE HOSPITALS NHS TRUST,111158,69594,1516,62.608179348315005,1.3638244660753163,March-2026
Y60,RX1,NOTTINGHAM UNIVERSITY HOSPITALS NHS TRUST,166374,105620,3178,63.4834769855867,1.9101542308293362,March-2026
Y60,RXK,SANDWELL AND WEST BIRMINGHAM HOSPITALS NHS TRUST,131514,82858,692,63.00317836884286,0.5261797223109327,March-2026
Y60,RXW,THE SHREWSBURY AND TELFORD HOSPITAL NHS TRUST,68550,47232,0,68.9015317286652,0.0,March-2026
Y60,RYW,BIRMINGHAM COMMUNITY HEALTHCARE NHS FOUNDATION TRUST,29838,23030,4,77.18345733628259,0.013405724244252296,March-2026
Y61,RAJ,MID AND SOUTH ESSEX NHS FOUNDATION TRUST,347954,176076,24300,50.60324065824793,6.983681751036057,March-2026
Y61,RC9,BEDFORDSHIRE HOSPITALS NHS FOUNDATION TRUST,168480,104584,906,62.0750237416904,0.5377492877492878,March-2026
Y61,RCX,"THE QUEEN ELIZABETH HOSPITAL, KING'S LYNN, NHS FOUNDATION TRUST",50058,29266,652,58.464181549402696,1.30248911262935,March-2026
Y61,RD8,MILTON KEYNES UNIVERSITY HOSPITAL NHS FOUNDATION TRUST,66884,41840,1756,62.55606722086,2.625441062137432,March-2026
Y61,RDE,EAST SUFFOLK AND NORTH ESSEX NHS FOUNDATION TRUST,177142,106532,550,60.13932325478994,0.3104853733163225,March-2026
Y61,RGM,ROYAL PAPWORTH HOSPITAL NHS FOUNDATION TRUST,10566,8324,48,78.78099564641302,0.4542873367404884,March-2026
Y61,RGN,NORTH WEST ANGLIA NHS FOUNDATION TRUST,158348,97144,816,61.34842246191931,0.5153206860838154,March-2026
Y61,RGP,JAMES PAGET UNIVERSITY HOSPITALS NHS FOUNDATION TRUST,65654,36434,2610,55.49395314832303,3.97538611508819,March-2026
Y61,RGR,WEST SUFFOLK NHS FOUNDATION TRUST,58254,38452,828,66.00748446458611,1.4213616232361725,March-2026
Y61,RGT,CAMBRIDGE UNIVERSITY HOSPITALS NHS FOUNDATION TRUST,116870,73544,1882,62.92803970223325,1.61033627107042,March-2026
Y61,RM1,NORFOLK AND NORWICH UNIVERSITY HOSPITALS NHS FOUNDATION TRUST,134240,85482,3458,63.67848629320619,2.5759833134684147,March-2026
Y61,RQW,THE PRINCESS ALEXANDRA HOSPITAL NHS TRUST,79524,50986,1138,64.11397817011216,1.4310145364921283,March-2026
Y61,RT1,CAMBRIDGESHIRE AND PETERBOROUGH NHS FOUNDATION TRUST,392,146,16,37.244897959183675,4.081632653061225,March-2026
Y61,RWG,WEST HERTFORDSHIRE TEACHING HOSPITALS NHS TRUST,90776,61728,620,68.00035251608355,0.6829999118709791,March-2026
Y61,RWH,EAST AND NORTH HERTFORDSHIRE TEACHING NHS TRUST,108582,75068,680,69.13484739643772,0.62625481203146,March-2026
Y62,R0A,MANCHESTER UNIVERSITY NHS FOUNDATION TRUST,331136,208612,3060,62.99888867413993,0.9240916119056821,March-2026
Y62,RBL,WIRRAL UNIVERSITY TEACHING HOSPITAL NHS FOUNDATION TRUST,87050,56366,698,64.75129236071223,0.8018380241240667,March-2026
Y62,RBN,MERSEY AND WEST LANCASHIRE TEACHING HOSPITALS NHS TRUST,153574,102174,2060,66.53079297276882,1.3413728886400043,March-2026
Y62,RBQ,LIVERPOOL HEART AND CHEST HOSPITAL NHS FOUNDATION TRUST,10662,8624,26,80.88538735696868,0.24385668730069407,March-2026
Y62,RBS,ALDER HEY CHILDREN'S NHS FOUNDATION TRUST,31502,21582,398,68.50993587708717,1.2634118468668656,March-2026
Y62,RBT,MID CHESHIRE HOSPITALS NHS FOUNDATION TRUST,61138,38198,818,62.47832771762243,1.3379567535738819,March-2026
Y62,RBV,THE CHRISTIE NHS FOUNDATION TRUST,6026,5854,0,97.14570195818122,0.0,March-2026
Y62,REM,LIVERPOOL UNIVERSITY HOSPITALS NHS FOUNDATION TRUST,119336,74150,1116,62.13548300596635,0.9351746329690956,March-2026
Y62,REN,THE CLATTERBRIDGE CANCER CENTRE NHS FOUNDATION TRUST,1444,1392,0,96.39889196675901,0.0,March-2026
Y62,REP,LIVERPOOL WOMEN'S NHS FOUNDATION TRUST,23276,13980,552,60.061866300051555,2.371541501976284,March-2026
Y62,RET,THE WALTON CENTRE NHS FOUNDATION TRUST,24358,16176,140,66.40939321783398,0.5747598324985631,March-2026
Y62,RJN,EAST CHESHIRE NHS TRUST,32524,19538,686,60.072561800516546,2.109211659082524,March-2026
Y62,RJR,COUNTESS OF CHESTER HOSPITAL NHS FOUNDATION TRUST,55324,35554,476,64.26505675656135,0.8603860892198685,March-2026
Y62,RM3,NORTHERN CARE ALLIANCE NHS FOUNDATION TRUST,258042,152376,7372,59.0508521868533,2.856899264460824,March-2026
Y62,RMC,BOLTON NHS FOUNDATION TRUST,75698,47028,748,62.12581574149911,0.9881370709926287,March-2026
Y62,RMP,TAMESIDE AND GLOSSOP INTEGRATED CARE NHS FOUNDATION TRUST,32786,25060,0,76.43506374672117,0.0,March-2026
Y62,RRF,"WRIGHTINGTON, WIGAN AND LEIGH TEACHING HOSPITALS NHS FOUNDATION TRUST",88692,54294,1772,61.21634420240834,1.997925404771569,March-2026
Y62,RTX,UNIVERSITY HOSPITALS OF MORECAMBE BAY NHS FOUNDATION TRUST,67878,48552,1090,71.52833023954742,1.6058222104363713,March-2026
Y62,RW4,MERSEY CARE NHS FOUNDATION TRUST,106,106,0,100.0,0.0,March-2026
Y62,RW5,LANCASHIRE & SOUTH CUMBRIA NHS FOUNDATION TRUST,8066,7600,0,94.22266303000248,0.0,March-2026
Y62,RWJ,STOCKPORT NHS FOUNDATION TRUST,67962,42238,464,62.14943644978076,0.6827344692622348,March-2026
Y62,RWW,WARRINGTON AND HALTON TEACHING HOSPITALS NHS FOUNDATION TRUST,66226,43228,488,65.27345755443481,0.7368707154289855,March-2026
Y62,RXL,BLACKPOOL TEACHING HOSPITALS NHS FOUNDATION TRUST,80562,49582,1702,61.54514535388893,2.112658573521015,March-2026
Y62,RXN,LANCASHIRE TEACHING HOSPITALS NHS FOUNDATION TRUST,130310,77438,1792,59.42598419154324,1.3751822576931931,March-2026
Y62,RXR,EAST LANCASHIRE HOSPITALS NHS TRUST,95438,66798,658,69.99098891426895,0.6894528384920053,March-2026
Y63,R0B,SOUTH TYNESIDE AND SUNDERLAND NHS FOUNDATION TRUST,115762,88658,10,76.58644460185553,0.008638413296245746,March-2026
Y63,RAE,BRADFORD TEACHING HOSPITALS NHS FOUNDATION TRUST,62888,41616,126,66.17478692278335,0.2003561887800534,March-2026
Y63,RCB,YORK AND SCARBOROUGH TEACHING HOSPITALS NHS FOUNDATION TRUST,109928,62194,1972,56.577032239283895,1.7939014627756351,March-2026
Y63,RCD,HARROGATE AND DISTRICT NHS FOUNDATION TRUST,41536,31668,14,76.24229583975347,0.03370570107858244,March-2026
Y63,RCF,AIREDALE NHS FOUNDATION TRUST,28404,20840,88,73.36994789466273,0.30981551894099424,March-2026
Y63,RCU,SHEFFIELD CHILDREN'S NHS FOUNDATION TRUST,21622,15718,300,72.69447784663768,1.3874757191749143,March-2026
Y63,RFF,BARNSLEY HOSPITAL NHS FOUNDATION TRUST,42986,30524,272,71.00916577490347,0.6327641557716466,March-2026
Y63,RFR,THE ROTHERHAM NHS FOUNDATION TRUST,56542,39170,668,69.27593647200311,1.1814226592621415,March-2026
Y63,RJL,NORTHERN LINCOLNSHIRE AND GOOLE NHS FOUNDATION TRUST,79030,48656,1622,61.56649373655574,2.0523851701885363,March-2026
Y63,RNN,NORTH CUMBRIA INTEGRATED CARE NHS FOUNDATION TRUST,70106,45076,1148,64.29692180412519,1.6375203263629363,March-2026
Y63,RP5,DONCASTER AND BASSETLAW TEACHING HOSPITALS NHS FOUNDATION TRUST,104466,64610,1990,61.847873949418954,1.9049260046330865,March-2026
Y63,RR7,GATESHEAD HEALTH NHS FOUNDATION TRUST,23142,17938,34,77.51274738570564,0.14691902169216142,March-2026
Y63,RR8,LEEDS TEACHING HOSPITALS NHS TRUST,170206,114424,2588,67.22677226419749,1.5205104402900016,March-2026
Y63,RTD,THE NEWCASTLE UPON TYNE HOSPITALS NHS FOUNDATION TRUST,162372,117752,1158,72.51989259231887,0.7131771487694923,March-2026
Y63,RTF,NORTHUMBRIA HEALTHCARE NHS FOUNDATION TRUST,74398,61564,0,82.74953627785693,0.0,March-2026
Y63,RTR,SOUTH TEES HOSPITALS NHS FOUNDATION TRUST,108336,70612,1316,65.1787032934574,1.2147393294934279,March-2026
Y63,RVW,NORTH TEES AND HARTLEPOOL NHS FOUNDATION TRUST,43064,30422,424,70.64369310793238,0.9845810886122981,March-2026
Y63,RWA,HULL UNIVERSITY TEACHING HOSPITALS NHS TRUST,161998,91222,5592,56.31057173545353,3.451894467832936,March-2026
Y63,RWY,CALDERDALE AND HUDDERSFIELD NHS FOUNDATION TRUST,72358,54942,12,75.93078857900993,0.016584206307526467,March-2026
Y63,RX4,"CUMBRIA, NORTHUMBERLAND, TYNE AND WEAR NHS FOUNDATION TRUST",306,302,0,98.69281045751634,0.0,March-2026
Y63,RXF,MID YORKSHIRE TEACHING NHS TRUST,107806,72096,462,66.87568409921526,0.4285475762016956,March-2026
Y63,RXG,SOUTH WEST YORKSHIRE PARTNERSHIP NHS FOUNDATION TRUST,8632,8324,0,96.4318813716404,0.0,March-2026
Y63,RXP,COUNTY DURHAM AND DARLINGTON NHS FOUNDATION TRUST,86024,57440,830,66.77206361015531,0.9648470194364365,March-2026
Y63,TAD,BRADFORD DISTRICT CARE NHS FOUNDATION TRUST,1082,644,26,59.51940850277264,2.4029574861367835,March-2026
Y56,R1H,BARTS HEALTH NHS TRUST,243462,153056,2384,62.86648429734415,0.9792082542655527,April-2026
Y56,R1K,LONDON NORTH WEST UNIVERSITY HEALTHCARE NHS TRUST,165576,103376,1584,62.43416920326618,0.9566603855631252,April-2026
Y56,RAL,ROYAL FREE LONDON NHS FOUNDATION TRUST,273778,172774,3502,63.10733514015004,1.2791385721277824,April-2026
Y56,RAN,ROYAL NATIONAL ORTHOPAEDIC HOSPITAL NHS TRUST,17244,12146,14,70.43609371375551,0.08118765947575968,April-2026
Y56,RAS,THE HILLINGDON HOSPITALS NHS FOUNDATION TRUST,66928,41996,220,62.748027731293334,0.32871145111164235,April-2026
Y56,RAX,KINGSTON AND RICHMOND NHS FOUNDATION TRUST,82272,53838,524,65.43903150525088,0.6369117075068067,April-2026
Y56,RF4,"BARKING, HAVERING AND REDBRIDGE UNIVERSITY HOSPITALS NHS TRUST",144476,98254,1834,68.00714305490186,1.2694149893407902,April-2026
Y56,RJ1,GUY'S AND ST THOMAS' NHS FOUNDATION TRUST,219418,150008,1378,68.3663145229653,0.6280250480817435,April-2026
Y56,RJ2,LEWISHAM AND GREENWICH NHS TRUST,112578,72200,1696,64.13331201478087,1.5065110412336336,April-2026
Y56,RJ6,CROYDON HEALTH SERVICES NHS TRUST,68388,48118,838,70.36029712815115,1.225361174475054,April-2026
Y56,RJ7,ST GEORGE'S UNIVERSITY HOSPITALS NHS FOUNDATION TRUST,136246,85808,942,62.98019758378227,0.6913964446662655,April-2026
Y56,RJZ,KING'S COLLEGE HOSPITAL NHS FOUNDATION TRUST,173024,115248,2576,66.60810061031995,1.48881080081376,April-2026
Y56,RKE,WHITTINGTON HEALTH NHS TRUST,44842,31712,190,70.71941483430713,0.4237099148120066,April-2026
Y56,RP4,GREAT ORMOND STREET HOSPITAL FOR CHILDREN NHS FOUNDATION TRUST,16648,11992,418,72.03267659778952,2.5108121095627105,April-2026
Y56,RP6,MOORFIELDS EYE HOSPITAL NHS FOUNDATION TRUST,72326,61062,14,84.42607084589221,0.01935680115034704,April-2026
Y56,RPG,OXLEAS NHS FOUNDATION TRUST,3180,2032,456,63.899371069182386,14.339622641509434,April-2026
Y56,RPY,THE ROYAL MARSDEN NHS FOUNDATION TRUST,3608,3420,0,94.78935698447893,0.0,April-2026
Y56,RQM,CHELSEA AND WESTMINSTER HOSPITAL NHS FOUNDATION TRUST,152176,101066,1910,66.41388918094837,1.2551256439911682,April-2026
Y56,RQX,HOMERTON HEALTHCARE NHS FOUNDATION TRUST,53698,40950,348,76.25982345711199,0.6480688293791202,April-2026
Y56,RRV,UNIVERSITY COLLEGE LONDON HOSPITALS NHS FOUNDATION TRUST,153326,95734,2658,62.43820356625752,1.7335611703168414,April-2026
Y56,RVR,EPSOM AND ST HELIER UNIVERSITY HOSPITALS NHS TRUST,117638,78302,950,66.56182526054506,0.8075621822880362,April-2026
Y56,RYJ,IMPERIAL COLLEGE HEALTHCARE NHS TRUST,167508,116102,108,69.31131647443705,0.06447453255963895,April-2026
Y58,R0D,UNIVERSITY HOSPITALS DORSET NHS FOUNDATION TRUST,135556,90092,1238,66.46109357018501,0.9132756941780519,April-2026
Y58,RA7,UNIVERSITY HOSPITALS BRISTOL AND WESTON NHS FOUNDATION TRUST,100402,68830,736,68.55441126670783,0.7330531264317444,April-2026
Y58,RBD,DORSET COUNTY HOSPITAL NHS FOUNDATION TRUST,43926,26504,592,60.337840914264895,1.3477211674179301,April-2026
Y58,RD1,ROYAL UNITED HOSPITALS BATH NHS FOUNDATION TRUST,78416,55108,364,70.27647418894102,0.4641909814323607,April-2026
Y58,REF,ROYAL CORNWALL HOSPITALS NHS TRUST,84196,61928,594,73.55218775238728,0.7054966981804361,April-2026
Y58,RH5,SOMERSET NHS FOUNDATION TRUST,107742,70856,2270,65.76451151825657,2.1068849659371462,April-2026
Y58,RH8,ROYAL DEVON UNIVERSITY HEALTHCARE NHS FOUNDATION TRUST,147404,91852,2602,62.313098694743694,1.7652166834007217,April-2026
Y58,RJ8,CORNWALL PARTNERSHIP NHS FOUNDATION TRUST,1406,1374,0,97.724039829303,0.0,April-2026
Y58,RK9,UNIVERSITY HOSPITALS PLYMOUTH NHS TRUST,92568,61038,1228,65.9385532797511,1.3265923429262811,April-2026
Y58,RN3,GREAT WESTERN HOSPITALS NHS FOUNDATION TRUST,88340,50118,2002,56.7330767489246,2.266244057052298,April-2026
Y58,RNZ,SALISBURY NHS FOUNDATION TRUST,60164,43034,90,71.5278239478758,0.14959111761186092,April-2026
Y58,RTE,GLOUCESTERSHIRE HOSPITALS NHS FOUNDATION TRUST,137370,101638,40,73.98849821649559,0.029118439251656112,April-2026
Y58,RVJ,NORTH BRISTOL NHS TRUST,80136,56562,58,70.58250973345312,0.072376959169412,April-2026
Y59,R1F,ISLE OF WIGHT NHS TRUST,25514,16114,128,63.1574821666536,0.501685349220036,April-2026
Y59,RA2,ROYAL SURREY NHS FOUNDATION TRUST,61908,39266,832,63.42637462040447,1.3439297021386574,April-2026
Y59,RDR,SUSSEX COMMUNITY NHS FOUNDATION TRUST,25468,13358,232,52.45013350086383,0.9109470708339877,April-2026
Y59,RDU,FRIMLEY HEALTH NHS FOUNDATION TRUST,132244,80366,1324,60.770999062339314,1.0011796376395148,April-2026
Y59,RHM,UNIVERSITY HOSPITAL SOUTHAMPTON NHS FOUNDATION TRUST,122462,78746,2398,64.30239584524179,1.9581584491515738,April-2026
Y59,RHU,PORTSMOUTH HOSPITALS UNIVERSITY NHS TRUST,113164,66948,4198,59.160156940369724,3.7096603160015555,April-2026
Y59,RHW,ROYAL BERKSHIRE NHS FOUNDATION TRUST,70646,58920,76,83.40174956826996,0.10757863148656682,April-2026
Y59,RN5,HAMPSHIRE HOSPITALS NHS FOUNDATION TRUST,97624,62742,2524,64.26903220519544,2.5854298123412276,April-2026
Y59,RN7,DARTFORD AND GRAVESHAM NHS TRUST,61068,37370,826,61.19407873190542,1.3525905547913801,April-2026
Y59,RPA,MEDWAY NHS FOUNDATION TRUST,68172,41992,736,61.597136654344894,1.0796221322537112,April-2026
Y59,RPC,QUEEN VICTORIA HOSPITAL NHS FOUNDATION TRUST,42720,26220,460,61.37640449438202,1.0767790262172285,April-2026
Y59,RTH,OXFORD UNIVERSITY HOSPITALS NHS FOUNDATION TRUST,180282,111910,3194,62.074971433642844,1.7716688299441987,April-2026
Y59,RTK,ASHFORD AND ST PETER'S HOSPITALS NHS FOUNDATION TRUST,102778,63880,1220,62.15337912782891,1.187024460487653,April-2026
Y59,RTP,SURREY AND SUSSEX HEALTHCARE NHS TRUST,94662,62732,1382,66.26946398766135,1.4599311233652363,April-2026
Y59,RVV,EAST KENT HOSPITALS UNIVERSITY NHS FOUNDATION TRUST,161312,91448,3982,56.690140845070424,2.468508232493553,April-2026
Y59,RW1,HAMPSHIRE AND ISLE OF WIGHT HEALTHCARE NHS FOUNDATION TRUST,8800,7842,0,89.11363636363636,0.0,April-2026
Y59,RWF,MAIDSTONE AND TUNBRIDGE WELLS NHS TRUST,96560,71640,22,74.19221209610605,0.022783761391880694,April-2026
Y59,RWX,BERKSHIRE HEALTHCARE NHS FOUNDATION TRUST,198,198,0,100.0,0.0,April-2026
Y59,RXC,EAST SUSSEX HEALTHCARE NHS TRUST,114768,76284,848,66.46800501882058,0.7388819183047539,April-2026
Y59,RXQ,BUCKINGHAMSHIRE HEALTHCARE NHS TRUST,92704,57372,138,61.88729720400414,0.1488608905764584,April-2026
Y59,RYR,UNIVERSITY HOSPITALS SUSSEX NHS FOUNDATION TRUST,231404,124382,8150,53.75101553992152,3.5219788767696327,April-2026
Y59,RYY,KENT COMMUNITY HEALTH NHS FOUNDATION TRUST,9650,9636,0,99.85492227979275,0.0,April-2026
Y60,R1A,HEREFORDSHIRE AND WORCESTERSHIRE HEALTH AND CARE NHS TRUST,62,56,0,90.32258064516128,0.0,April-2026
Y60,R1D,SHROPSHIRE COMMUNITY HEALTH NHS TRUST,15780,12730,0,80.67173637515843,0.0,April-2026
Y60,RBK,WALSALL HEALTHCARE NHS TRUST,55944,40386,8,72.1900471900472,0.014300014300014301,April-2026
Y60,RFS,CHESTERFIELD ROYAL HOSPITAL NHS FOUNDATION TRUST,54850,33740,1336,61.513217866909756,2.4357338195077483,April-2026
Y60,RJC,SOUTH WARWICKSHIRE UNIVERSITY NHS FOUNDATION TRUST,62314,42792,386,68.67156658214847,0.6194434637481144,April-2026
Y60,RJE,UNIVERSITY HOSPITALS OF NORTH MIDLANDS NHS TRUST,136648,87552,2560,64.07119021134594,1.8734266143668403,April-2026
Y60,RK5,SHERWOOD FOREST HOSPITALS NHS FOUNDATION TRUST,66522,42362,696,63.681188178347014,1.0462704067827184,April-2026
Y60,RKB,UNIVERSITY HOSPITALS COVENTRY AND WARWICKSHIRE NHS TRUST,146328,85474,3448,58.41260729320431,2.3563501175441472,April-2026
Y60,RL1,THE ROBERT JONES AND AGNES HUNT ORTHOPAEDIC HOSPITAL NHS FOUNDATION TRUST,27394,17416,456,63.57596553989925,1.6645980871723736,April-2026
Y60,RL4,THE ROYAL WOLVERHAMPTON NHS TRUST,147182,88652,3802,60.23290891549239,2.5831963147667514,April-2026
Y60,RLQ,WYE VALLEY NHS TRUST,43450,29228,264,67.2681242807825,0.6075949367088608,April-2026
Y60,RLT,GEORGE ELIOT HOSPITAL NHS TRUST,39138,25244,266,64.49997444938424,0.6796463794777454,April-2026
Y60,RNA,THE DUDLEY GROUP NHS FOUNDATION TRUST,93254,60698,12,65.08889699101378,0.012868080725759755,April-2026
Y60,RNQ,KETTERING GENERAL HOSPITAL NHS FOUNDATION TRUST,50910,32120,222,63.09173050481242,0.4360636417206835,April-2026
Y60,RNS,NORTHAMPTON GENERAL HOSPITAL NHS TRUST,81666,49754,826,60.923762642960355,1.011436828055739,April-2026
Y60,RP7,LINCOLNSHIRE PARTNERSHIP NHS FOUNDATION TRUST,20,18,0,90.0,0.0,April-2026
Y60,RQ3,BIRMINGHAM WOMEN'S AND CHILDREN'S NHS FOUNDATION TRUST,43232,26830,258,62.06051073279053,0.5967801628423389,April-2026
Y60,RRE,MIDLANDS PARTNERSHIP UNIVERSITY NHS FOUNDATION TRUST,18554,17198,0,92.69160288886494,0.0,April-2026
Y60,RRJ,THE ROYAL ORTHOPAEDIC HOSPITAL NHS FOUNDATION TRUST,25220,16552,220,65.6304520222046,0.8723235527359239,April-2026
Y60,RRK,UNIVERSITY HOSPITALS BIRMINGHAM NHS FOUNDATION TRUST,181456,124034,606,68.35486288687065,0.3339652587955207,April-2026
Y60,RTG,UNIVERSITY HOSPITALS OF DERBY AND BURTON NHS FOUNDATION TRUST,189516,115558,3052,60.97532662149897,1.6104181177314845,April-2026
Y60,RWD,UNITED LINCOLNSHIRE TEACHING HOSPITALS NHS TRUST,138150,83724,1248,60.60369163952226,0.9033659066232356,April-2026
Y60,RWE,UNIVERSITY HOSPITALS OF LEICESTER NHS TRUST,229950,133312,4854,57.97434224831485,2.1108936725375083,April-2026
Y60,RWP,WORCESTERSHIRE ACUTE HOSPITALS NHS TRUST,114430,71256,1636,62.27038364065367,1.429695010049812,April-2026
Y60,RX1,NOTTINGHAM UNIVERSITY HOSPITALS NHS TRUST,170332,106966,3804,62.79853462649414,2.233285583448794,April-2026
Y60,RXK,SANDWELL AND WEST BIRMINGHAM HOSPITALS NHS TRUST,131260,81724,638,62.261161054395856,0.4860582050891361,April-2026
Y60,RXW,THE SHREWSBURY AND TELFORD HOSPITAL NHS TRUST,70168,48462,0,69.06567096112188,0.0,April-2026
Y60,RYW,BIRMINGHAM COMMUNITY HEALTHCARE NHS FOUNDATION TRUST,28824,22440,2,77.85179017485429,0.006938662225922843,April-2026
Y61,RAJ,MID AND SOUTH ESSEX NHS FOUNDATION TRUST,348706,171830,24566,49.2764678554427,7.044903156240501,April-2026
Y61,RC9,BEDFORDSHIRE HOSPITALS NHS FOUNDATION TRUST,159154,98180,1050,61.68867888962891,0.6597383666134687,April-2026
Y61,RCX,"THE QUEEN ELIZABETH HOSPITAL, KING'S LYNN, NHS FOUNDATION TRUST",50306,29664,698,58.96712121814496,1.3875084482964257,April-2026
Y61,RD8,MILTON KEYNES UNIVERSITY HOSPITAL NHS FOUNDATION TRUST,71222,43680,1904,61.32936452219819,2.6733312740445365,April-2026
Y61,RDE,EAST SUFFOLK AND NORTH ESSEX NHS FOUNDATION TRUST,182812,112470,322,61.5222195479509,0.17613723387961402,April-2026
Y61,RGM,ROYAL PAPWORTH HOSPITAL NHS FOUNDATION TRUST,10542,8244,50,78.20147979510529,0.474293302978562,April-2026
Y61,RGN,NORTH WEST ANGLIA NHS FOUNDATION TRUST,157682,94774,856,60.10451414872973,0.5428647531106912,April-2026
Y61,RGP,JAMES PAGET UNIVERSITY HOSPITALS NHS FOUNDATION TRUST,65816,36696,2656,55.755439406831165,4.035492889267048,April-2026
Y61,RGR,WEST SUFFOLK NHS FOUNDATION TRUST,62002,40484,844,65.29466791393827,1.3612464114060836,April-2026
Y61,RGT,CAMBRIDGE UNIVERSITY HOSPITALS NHS FOUNDATION TRUST,119508,75802,1880,63.428389731231384,1.5731164440874252,April-2026
Y61,RM1,NORFOLK AND NORWICH UNIVERSITY HOSPITALS NHS FOUNDATION TRUST,136950,85440,3748,62.38773274917854,2.736765242789339,April-2026
Y61,RQW,THE PRINCESS ALEXANDRA HOSPITAL NHS TRUST,77222,50438,908,65.31558364196731,1.1758307218150268,April-2026
Y61,RT1,CAMBRIDGESHIRE AND PETERBOROUGH NHS FOUNDATION TRUST,306,122,12,39.869281045751634,3.9215686274509802,April-2026
Y61,RWG,WEST HERTFORDSHIRE TEACHING HOSPITALS NHS TRUST,91958,62868,958,68.36599317079536,1.0417799430174643,April-2026
Y61,RWH,EAST AND NORTH HERTFORDSHIRE TEACHING NHS TRUST,109690,73476,714,66.98513993983043,0.6509253350350989,April-2026
Y62,R0A,MANCHESTER UNIVERSITY NHS FOUNDATION TRUST,335988,211520,2960,62.95462933199995,0.8809838446611188,April-2026
Y62,RBL,WIRRAL UNIVERSITY TEACHING HOSPITAL NHS FOUNDATION TRUST,87734,57396,566,65.42047552830145,0.6451318758975996,April-2026
Y62,RBN,MERSEY AND WEST LANCASHIRE TEACHING HOSPITALS NHS TRUST,157628,105220,2220,66.75209988073185,1.4083792219656406,April-2026
Y62,RBQ,LIVERPOOL HEART AND CHEST HOSPITAL NHS FOUNDATION TRUST,10594,8524,36,80.46063809703607,0.3398149896167642,April-2026
Y62,RBS,ALDER HEY CHILDREN'S NHS FOUNDATION TRUST,32170,22202,402,69.01460988498602,1.2496114392290953,April-2026
Y62,RBT,MID CHESHIRE HOSPITALS NHS FOUNDATION TRUST,60796,38720,664,63.688400552667936,1.0921771169155865,April-2026
Y62,RBV,THE CHRISTIE NHS FOUNDATION TRUST,6056,5874,0,96.99471598414794,0.0,April-2026
Y62,REM,LIVERPOOL UNIVERSITY HOSPITALS NHS FOUNDATION TRUST,117450,71284,1316,60.69306087696892,1.1204767986377182,April-2026
Y62,REN,THE CLATTERBRIDGE CANCER CENTRE NHS FOUNDATION TRUST,1682,1614,0,95.95719381688465,0.0,April-2026
Y62,REP,LIVERPOOL WOMEN'S NHS FOUNDATION TRUST,23212,14154,576,60.977080820265385,2.481475099086679,April-2026
Y62,RET,THE WALTON CENTRE NHS FOUNDATION TRUST,24368,16420,152,67.38345370978332,0.623768877216021,April-2026
Y62,RJN,EAST CHESHIRE NHS TRUST,33748,19864,824,58.85978428351309,2.4416261704397297,April-2026
Y62,RJR,COUNTESS OF CHESTER HOSPITAL NHS FOUNDATION TRUST,57814,38276,462,66.20541737295464,0.7991144013560729,April-2026
Y62,RM3,NORTHERN CARE ALLIANCE NHS FOUNDATION TRUST,265612,154960,7574,58.340737617276325,2.851527792419017,April-2026
Y62,RMC,BOLTON NHS FOUNDATION TRUST,73558,44690,880,60.75477854210283,1.1963348650044863,April-2026
Y62,RMP,TAMESIDE AND GLOSSOP INTEGRATED CARE NHS FOUNDATION TRUST,32566,24930,0,76.5522323896088,0.0,April-2026
Y62,RRF,"WRIGHTINGTON, WIGAN AND LEIGH TEACHING HOSPITALS NHS FOUNDATION TRUST",88176,53060,1888,60.17510433678098,2.1411722010524405,April-2026
Y62,RTX,UNIVERSITY HOSPITALS OF MORECAMBE BAY NHS FOUNDATION TRUST,68814,49208,1122,71.50870462405906,1.6304821693260092,April-2026
Y62,RW5,LANCASHIRE & SOUTH CUMBRIA NHS FOUNDATION TRUST,7632,7210,0,94.4706498951782,0.0,April-2026
Y62,RWJ,STOCKPORT NHS FOUNDATION TRUST,68630,42364,400,61.728107241731024,0.5828354946816261,April-2026
Y62,RWW,NORTH CHESHIRE AND MERSEY NHS FOUNDATION TRUST,67290,43496,496,64.63961955714073,0.7371080398276119,April-2026
Y62,RXL,BLACKPOOL TEACHING HOSPITALS NHS FOUNDATION TRUST,80704,48816,1908,60.487708168120534,2.3641950832672483,April-2026
Y62,RXN,LANCASHIRE TEACHING HOSPITALS NHS FOUNDATION TRUST,122646,70366,1680,57.37325310242487,1.3697959982388337,April-2026
Y62,RXR,EAST LANCASHIRE HOSPITALS NHS TRUST,94696,66886,618,70.63233927515418,0.6526146827743516,April-2026
Y63,R0B,SOUTH TYNESIDE AND SUNDERLAND NHS FOUNDATION TRUST,117480,89432,4,76.12529792305072,0.0034048348655090228,April-2026
Y63,RAE,BRADFORD TEACHING HOSPITALS NHS FOUNDATION TRUST,62180,41486,146,66.71920231585719,0.2348021871984561,April-2026
Y63,RCB,YORK AND SCARBOROUGH TEACHING HOSPITALS NHS FOUNDATION TRUST,110192,62330,1992,56.56490489327719,1.8077537389284157,April-2026
Y63,RCD,HARROGATE AND DISTRICT NHS FOUNDATION TRUST,42840,32678,8,76.27917833800186,0.018674136321195144,April-2026
Y63,RCF,AIREDALE NHS FOUNDATION TRUST,28688,20750,76,72.32989403234802,0.26491912994980477,April-2026
Y63,RCU,SHEFFIELD CHILDREN'S NHS FOUNDATION TRUST,22616,16408,320,72.55040679165192,1.4149274849663955,April-2026
Y63,RFF,BARNSLEY HOSPITAL NHS FOUNDATION TRUST,43716,31462,218,71.96907310824412,0.49867325464360873,April-2026
Y63,RFR,THE ROTHERHAM NHS FOUNDATION TRUST,58838,40912,710,69.53329480947687,1.206703151024848,April-2026
Y63,RJL,NORTHERN LINCOLNSHIRE AND GOOLE NHS FOUNDATION TRUST,81586,50098,1830,61.40514303924694,2.2430318927266937,April-2026
Y63,RNN,NORTH CUMBRIA INTEGRATED CARE NHS FOUNDATION TRUST,69954,45344,970,64.81973868542184,1.3866254967550105,April-2026
Y63,RP5,DONCASTER AND BASSETLAW TEACHING HOSPITALS NHS FOUNDATION TRUST,106974,65864,2330,61.57010114607287,2.1780993512442275,April-2026
Y63,RR7,GATESHEAD HEALTH NHS FOUNDATION TRUST,23624,18050,18,76.40535049102608,0.07619370132069082,April-2026
Y63,RR8,LEEDS TEACHING HOSPITALS NHS TRUST,173404,117054,2608,67.50363313418376,1.5040022144817882,April-2026
Y63,RTD,THE NEWCASTLE UPON TYNE HOSPITALS NHS FOUNDATION TRUST,166148,120106,1230,72.28856200495943,0.7403038255049714,April-2026
Y63,RTF,NORTHUMBRIA HEALTHCARE NHS FOUNDATION TRUST,74784,61332,0,82.01219512195121,0.0,April-2026
Y63,RTR,SOUTH TEES HOSPITALS NHS FOUNDATION TRUST,110904,72748,1394,65.59546995599797,1.256942941643223,April-2026
Y63,RVW,NORTH TEES AND HARTLEPOOL NHS FOUNDATION TRUST,45144,32668,424,72.36399078504341,0.9392167286904128,April-2026
Y63,RWA,HULL UNIVERSITY TEACHING HOSPITALS NHS TRUST,167230,94212,5776,56.336781677928606,3.453925731029121,April-2026
Y63,RWY,CALDERDALE AND HUDDERSFIELD NHS FOUNDATION TRUST,71970,53376,20,74.16423509795749,0.027789356676392943,April-2026
Y63,RX4,"CUMBRIA, NORTHUMBERLAND, TYNE AND WEAR NHS FOUNDATION TRUST",278,278,0,100.0,0.0,April-2026
Y63,RXF,MID YORKSHIRE TEACHING NHS TRUST,110478,73028,496,66.10184833179457,0.4489581636162856,April-2026
Y63,RXG,SOUTH WEST YORKSHIRE PARTNERSHIP NHS FOUNDATION TRUST,8770,8546,0,97.44583808437856,0.0,April-2026
Y63,RXP,COUNTY DURHAM AND DARLINGTON NHS FOUNDATION TRUST,105540,70554,1402,66.85048322910745,1.3284062914534773,April-2026
Y63,TAD,BRADFORD DISTRICT CARE NHS FOUNDATION TRUST,1136,594,52,52.2887323943662,4.577464788732395,April-2026
